date,slot,type,post_text,hashtags,source_file,has_cta
2026-04-27,1,STAT_BOMB,"WIOA Title I served roughly 5 million participants in PY2022 across Adult, Dislocated Worker, and Youth programs. ↵  ↵ That volume runs on two reporting rails most operators treat as separate systems: the Participant Individual Record Layout that feeds the Section 116 performance measures, and the ETA-9130 financial report series that feeds federal cash management. ↵  ↵ The shops that avoid ETA findings keep the case file, the data entry, and the cost allocation aligned to the same participant record in real time. The shops with findings reconcile PIRL and 9130 once a quarter and discover gaps no one can explain six months later. ↵  ↵ If your case management tool and your accounting system disagree about who was served and how much was spent on them, that's the audit risk. ↵  ↵ GrantPipe ties expenditures to grants and participants in one record so the PIRL and 9130 stories tell the same number. ↵  ↵  ↵ ---",#wioa #grantcompliance #workforcedevelopment #nonprofitfinance,apps\site\src\content\guides\workforce-development-wioa-title-i-reporting-guide.md,yes
2026-04-27,2,MYTH_BUSTER,"Myth: grant reporting software writes your funder reports for you. ↵  ↵ Reality: most ""grant reporting"" tools only track deadlines. The actual report has two halves — a financial section (budget-vs-actual, expenditure documentation) and a narrative section (activities, outputs, outcomes). Reminders don't produce either one. ↵  ↵ Software can only generate the financial section if it tracks expenditures against approved budget categories during the grant period. Then the budget-vs-actual table populates from posted transactions linked to the grant. ↵  ↵ Tools without expenditure data give you a template. You still fill it in by hand from the GL, line by line, the night before submission. ↵  ↵ When evaluating a tool, ask one question: can it produce the budget-vs-actual table from real posted transactions, or is it just a calendar with a logo. ↵  ↵  ↵ ---",#grantreporting #nonprofitfinance #grantcompliance #funderreporting,apps\site\src\content\listicles\best-grant-reporting-software-for-nonprofits.md,no
2026-04-27,3,WORKFLOW_STEP,"Step 3 of a subaward budget modification: apply the 10% rule before you escalate. ↵  ↵ Under 2 CFR 200.308(e)(4), a non-federal entity may transfer funds among direct cost categories when the total of transfers does not exceed 10% of the total award budget and the change does not alter project scope. Inside that envelope, the pass-through can approve a subrecipient request without going up to the federal awarding agency. ↵  ↵ Step 4 is where most pass-throughs get the sequence wrong. If the modification crosses 10%, changes scope, adds equipment that wasn't budgeted, or touches a category the prime award restricted, federal prior approval is required before the pass-through can approve the subrecipient. ↵  ↵ Tell the subrecipient up front: federal prior approval typically runs four to twelve weeks depending on the agency. That sets the modification request deadline to roughly three months before the change needs to take effect. ↵  ↵ Document the 10% calculation in the file. Auditors look for the math, not just the email. ↵  ↵  ↵ ---",#subawardmanagement #uniformguidance #grantcompliance #2cfr200,apps\site\src\content\workflows\subaward-budget-modification.md,no
2026-04-27,4,TERM_EXPLAINED,"A donor-advised fund is not a donor. ↵  ↵ The DAF is an account at a sponsoring 501(c)(3) — Fidelity Charitable, Schwab Charitable, Vanguard Charitable, or a community foundation. The donor contributes assets, takes the deduction immediately, and then recommends grants from the account at any future time. Legal control sits with the sponsor; the donor holds advisory rights. ↵  ↵ Operationally this matters because the check arrives in the sponsor's name. Memo line might say ""donor advised grant"" with no individual attribution. If your CRM records that gift under ""Fidelity Charitable,"" you've just lost the relationship. ↵  ↵ The fix is a stewardship rule: any DAF distribution gets routed for investigation before it posts. The underlying donor is usually identifiable from the cover letter or the sponsor's portal. Code the gift to the human; tag the DAF as the vehicle. ↵  ↵ The acknowledgement letter goes to the donor, not the sponsor. The sponsor already has the deduction on file. ↵  ↵  ↵ ---",#donoradvisedfunds #fundraisingoperations #nonprofitcrm #majorgifts,apps\site\src\content\glossary\donor-advised-fund.md,no
2026-04-27,5,TOOL_TEARDOWN,"AmpliFund typically runs $15,000 to $50,000 per year, with multi-month implementations. ↵  ↵ That price tag exists because AmpliFund (now part of Bonterra) was built for government agencies and large nonprofits managing complex federal portfolios. Budget-versus-actual tied to grant line items, Uniform Guidance awareness, and SF-425-aware workflows are real strengths. Organizations running $10M+ in federal funds get genuine value from the depth. ↵  ↵ The mid-sized question is different. If your federal portfolio is two or three grants and your team is one finance person and one program lead, the implementation tax is the actual cost — not the license fee. You pay for capability you cannot operate. ↵  ↵ The honest evaluation: list the federal grants you actually manage, the staff hours you have for compliance work, and what your audit findings have looked like for the past three cycles. If the answer is ""two grants, one person, no findings,"" AmpliFund is probably oversized. ↵  ↵ If the answer is ""fifteen grants across four federal agencies and a single audit every year,"" it isn't. ↵  ↵  ↵ ---",#grantmanagementsoftware #federalgrants #nonprofitsoftware #amplifund,apps\site\src\content\alternatives\amplifund-alternative.md,no
2026-04-27,6,VERTICAL_HOOK,"HUD HOME rental housing compliance lasts 15 to 20 years after the project closes. ↵  ↵ Affordable housing nonprofits running HOME, CDBG, and ESG grants live with a compliance horizon that outlasts most staff tenures. Davis-Bacon wage documentation has to survive the construction phase. Matching fund records have to be reconstructable a decade later. Affordability period rent and income certifications run annually until the obligation expires. ↵  ↵ The standard nonprofit CRM does not handle this. Donor records weren't designed to track a tenant income recertification due in 2039. ↵  ↵ What works in practice: separate the development-phase restricted funds from the operations-phase restricted funds inside the accounting system, store the regulatory file (HUD agreement, Davis-Bacon payrolls, environmental review) against the project as a permanent attachment, and put the affordability period end date on a calendar with annual review triggers — not in someone's head. ↵  ↵ The institutional system has to outlive the people. That's the design constraint. ↵  ↵  ↵ ---",#affordablehousing #hudcompliance #homeinvestmentpartnerships #nonprofitcompliance,apps\site\src\content\vertical-pages\affordable-housing.md,no
2026-04-27,7,FREE_RESOURCE,"The single audit threshold moved to $1,000,000 in federal expenditures, effective for fiscal years ending September 30, 2025 or later. The old figure is out of date. ↵  ↵ Most organizations crossing the threshold for the first time discover their documentation isn't where the auditors expect it. The OMB Compliance Supplement defines what gets tested and which programs each requirement applies to. The work is mapping that test list to documentation you already have on hand — not assembling it during fieldwork. ↵  ↵ A practical prep approach: build a folder structure organized by compliance requirement (allowable costs, cash management, eligibility, equipment, matching, period of performance, procurement, program income, reporting, subrecipient monitoring, special tests). Keep a running index of where each piece lives. When the auditor asks for the procurement file, you don't go hunting. ↵  ↵ Free download — the 2 CFR 200 Audit Prep Checklist organizes the documentation auditors test, by compliance requirement: grantpipe.com/lead-magnets/2-cfr-200-audit-prep-checklist ↵  ↵  ↵ ---",#singleaudit #2cfr200 #nonprofitaudit #grantcompliance,apps\site\src\content\lead-magnets\2-cfr-200-audit-prep-checklist.md,no
2026-04-27,8,COMPARISON_INSIGHT,"Salesforce Nonprofit runs $60–$165 per user per month plus $30K–$100K in implementation. Blackbaud runs $5,000–$15,000+ per year with multi-year contracts and exit penalties. ↵  ↵ Both are designed for large nonprofits. Salesforce gives flexibility at high implementation cost — and you need an admin or managed services to keep it running. Blackbaud gives nonprofit specificity with a legacy interface and contract lock-in. ↵  ↵ The mid-sized question is rarely ""which one."" It's ""do we have the administrative capacity to operate either of these without burning a development hire on system maintenance."" Under $5M annual revenue, both are usually oversized. Over $20M with dedicated dev ops and IT, the comparison is worth running carefully. ↵  ↵ Between those two thresholds is the awkward middle where the platforms over-serve and the spreadsheets under-serve. That gap is where most $500K–$10M nonprofits actually live. ↵  ↵ What's your administrative capacity look like — are you sizing the tool to the work, or sizing the work to the tool you bought. ↵  ↵  ↵ ---",#nonprofittech #salesforce #blackbaud #nonprofitcrm,apps\site\src\content\comparisons\salesforce-vs-blackbaud-nonprofit-crm.md,no
2026-04-27,9,QUESTION_POST,"Finance and operations staff at mid-sized nonprofits usually wear three hats: finance, HR, and ops. No dedicated CFO. Often no dedicated controller. ↵  ↵ The daily list is QuickBooks reconciliation, grant drawdown processing, payroll allocation across restricted funds, audit prep, and vendor management. Sometimes board reporting. Often benefits administration. The tooling has to enforce documentation without the implementation tax of Sage Intacct or Blackbaud Financial Edge. ↵  ↵ Question for the finance/ops people in this network: what's the one task in your week that should be twenty minutes and somehow always becomes two hours. ↵  ↵ For me when I've watched this work, it's almost always payroll allocation across restricted funds — because the time-and-effort documentation lives in one system, the GL allocation lives in another, and reconciling them is manual. What's yours. ↵  ↵  ↵ ---",#nonprofitfinance #fundaccounting #restrictedfunds #nonprofitoperations,apps\site\src\content\personas\finance-operations-staff.md,no
2026-04-27,10,PRODUCT_INSIGHT,"Custom fields buried in a notes column aren't data. They're archaeology. ↵  ↵ Every nonprofit tracks something the standard donor schema doesn't capture — cultivation score, board relationship, interest area, legacy intent, ask amount, fiscal sponsor, project code. When that lives in a free-text ""notes"" field, it can't be filtered, exported, reported on, or used to segment a campaign. It exists, but only for the person who wrote it down. ↵  ↵ The fix is typed custom fields: text, number, date, select, or boolean, defined per entity (donor, grant, gift). Once the field has a type, it shows up in filters and reports the same way the standard fields do. The data stays structured from the moment it's entered. ↵  ↵ The discipline is naming and pruning. Every custom field added is a column someone has to maintain. Review the list once a year and delete what no one fills in. ↵  ↵ GrantPipe lets you define custom fields on donors, grants, and gifts that flow into filters, exports, and reports alongside the built-in fields — no notes-column workarounds.",#nonprofitcrm #fundraisingoperations #datahygiene #grantpipe,apps\site\src\content\features\custom-fields.md,yes
2026-04-28,1,STAT_BOMB,"New York's CHAR500 audit threshold sits at $1 million in gross revenue plus support — exactly the same dollar figure as the federal single audit threshold, but governed by NY Executive Law 172-b, not 2 CFR 200.501. ↵  ↵ Same number, different authority. A New York charity that crosses $1M in total revenue and also expends $1M in federal awards in the same year owes both the state-required independent audit under Article 7-A and a single audit under the OMB 2 CFR Part 200 October 2024 revision. Coordinated through one CPA engagement, but two distinct compliance obligations with separate reporting paths. ↵  ↵ Below $1M but above $250K of gross revenue plus support, New York requires a CPA review — not the full audit. Below $250K, neither. ↵  ↵ The CHAR500 itself is due May 15 for calendar-year filers, four months and fifteen days after fiscal year end. Filing fees range from $25 to $750 depending on Article 7-A and EPTL registration. Most rejection notices come from missing the Form 990 attachment, missing the second officer signature, or miscalculating the fee tier. ↵  ↵ GrantPipe tracks CHAR500 deadlines next to federal SF-425 cadence and the audit engagement so the May 15 due date does not collide with single audit fieldwork unsupervised. ↵  ↵  ↵ ---",#char500 #nonprofitcompliance #stateregistration #singleaudit,appssitesrccontentguidesew-york-char500-filing-guide.md,yes
2026-04-28,2,MYTH_BUSTER,"Myth: a subrecipient with no single audit history is a low-risk subrecipient. ↵  ↵ Reality: 2 CFR 200.332(b) requires the pass-through entity to evaluate risk before issuing the sub-award, and ""no audit history"" is not the same as ""clean audit history."" Many smaller subrecipients have never crossed the $1,000,000 single audit threshold in any prior year. The audit silence is informational absence, not risk evidence. ↵  ↵ When a subrecipient lacks audit history, the regulation still requires a documented assessment. The weight shifts to the pre-award questionnaire, financial statement review if available, organizational references, and adequacy of financial management systems. A composite risk score under 1.5 across the six factors in 200.332(b) suggests low risk; between 1.5 and 2.5 suggests medium; above 2.5 suggests high. ↵  ↵ The most common audit finding on subrecipient monitoring is not that the monitoring was inadequate. It is that the pre-award risk assessment was never done. Auditors look for the document specifically because the regulation requires it before the sub-award is issued — and its absence is an automatic finding that cannot be cured after the fact. ↵  ↵ Document the rationale, score each factor, and file the assessment alongside the sub-award agreement. The matrix is the answer when the auditor asks how the risk rating was reached. ↵  ↵  ↵ ---",#subrecipientmonitoring #2cfr200 #grantcompliance #passthroughentity,appssitesrccontentguideshow-to-conduct-a-subrecipient-risk-assessment.md,no
2026-04-28,3,WORKFLOW_STEP,"Step 2 of a nonprofit pledge write-off: determine the treatment under FASB ASC 958-605 before you book the entry. ↵  ↵ The instinct from for-profit accounting is to debit bad debt expense and credit the receivable. Under ASC 958, that is wrong. The write-off of an unconditional pledge receivable reduces the allowance for uncollectible pledges and the pledge receivable — provided the allowance was appropriately estimated when the pledge was originally recorded. It is contra-revenue mechanics, not an operating expense. ↵  ↵ If the original allowance was set to zero, the write-off has nowhere to go but contribution revenue. Organizations that use a blanket zero-allowance policy create exactly that scenario: every write-off becomes a reduction to current-year contribution revenue on the Statement of Activities. ↵  ↵ Step 3 is approval. Typical thresholds under ASC 958-605 documentation discipline: under $1,000 approved by the finance director, $1,000 to $10,000 by the executive director, over $10,000 by the board. Whatever your policy specifies, the written approval must precede the journal entry. ↵  ↵ Multi-year pledges add one more wrinkle. Per ASC 958-605-30-6, multi-year pledges carry a present-value discount that unwinds annually. When the pledge is written off, the unamortized discount on the unpaid portion must be eliminated proportionally. Leaving it in place overstates the discount contra-asset. ↵  ↵  ↵ ---",#nonprofitaccounting #fasb #pledges #asc958,appssitesrccontentworkflowspledge-write-off.md,no
2026-04-28,4,TERM_EXPLAINED,"A grant expenditure report is not a budget-versus-actual report. ↵  ↵ The two documents look similar on paper. Both compare what was spent against the approved budget by category. The difference sits in the legal weight. A budget-versus-actual is an internal management tool. A grant expenditure report is a funder-facing certification — signed, submitted, and binding. Signing it carries compliance responsibility for the truth of the numbers. ↵  ↵ For federal awards, the standard expenditure report is the SF-425 Federal Financial Report. Under 2 CFR 200.328, financial reports are due no less than annually and within 90 days of the end of the award period. The SF-425 captures cumulative obligations, period-specific expenditures, federal cash on hand, program income, and indirect cost rate. ↵  ↵ The reconciliation rule is non-negotiable. Every dollar shown on the SF-425 must trace to the grantee's general ledger by grant fund code for the corresponding period. A discrepancy between the submitted report and the accounting records is an audit finding. Single audits routinely flag this. The funder may refuse to reimburse the questioned costs and require corrective action. ↵  ↵ Practical discipline: pull the GL by grant fund code, reconcile to the planned SF-425 numbers, resolve any variance, then submit. Never the other order. ↵  ↵  ↵ ---",#sf425 #grantreporting #federalgrants #grantcompliance,appssitesrccontentglossaryexpenditure-report.md,no
2026-04-28,5,TOOL_TEARDOWN,"WizeHive Zengine annual contracts run roughly $15,000 to $40,000, with implementations commonly stretching past 90 days. ↵  ↵ Pricing is not published. G2 reviewer estimates and Capterra ""Contact Vendor"" listings are the public anchors. The product is positioned as a low-code grants platform — every customer configures forms, workflows, and reports themselves or pays WizeHive's services team to do it. Grantmakers running custom application processes, multi-stage review panels, and corporate foundation workflows get genuine value from that flexibility. ↵  ↵ The fit problem starts when grant-receiving nonprofits evaluate it on a peer recommendation. Zengine has no donor CRM. Individual gifts, recurring donations, and donor retention live in a separate subscription. The product's language and sales motion are built around the entity cutting checks, not receiving them. For a $500K to $10M nonprofit managing two or three federal grants and a foundation portfolio, the configuration burden is the real cost — not the license fee. ↵  ↵ The honest evaluation question: does your workflow genuinely require custom application forms and review panels, or are you a grant recipient looking for compliance and reporting? If it is the second one, a packaged product ships in days, not 90. ↵  ↵ GAO-16-573 reports that federal grantees spend a median of 40% of administrative time on compliance documentation. The platform that helps cuts that median, not the platform that takes a quarter to configure. ↵  ↵  ↵ ---",#grantmanagementsoftware #wizehive #nonprofittech #grantsoftware,appssitesrccontentalternativeswizehive-alternative.md,no
2026-04-28,6,VERTICAL_HOOK,"The NEA awarded $174.5 million to arts organizations across all 50 states in FY2023, and most of those grants required 1:1 matching documented contemporaneously. ↵  ↵ That last word — contemporaneously — is where museums get burned. NEA project grants typically require the organization to document non-federal contributions equal to the federal award. Match can come from earned revenue, foundation grants, non-federal government awards, and in-kind contributions. What it cannot do is appear retroactively. An organization that assembles match documentation after the award period ends does not have match documentation; it has a reconstruction project that auditors recognize on sight. ↵  ↵ Museums managing NEA, NEH, and IMLS awards simultaneously face three overlapping compliance frameworks under 2 CFR 200, plus state arts council pass-throughs, plus private foundation grants from places like Mellon and Getty. Each one with its own reporting format. NEA reports through REACH. NEH preservation grants restrict funds narrowly to the approved conservation activity — prior approval required before any reallocation. IMLS Museums for America awards layer program-specific deliverables on top of standard 200 financial requirements. ↵  ↵ Multi-year exhibition grants compound the problem. Spending in Year 2 on activities budgeted for Year 1 may require prior approval and documented reallocation. Cumulative tracking is not a reporting convenience — it is the compliance mechanism. ↵  ↵  ↵ ---",#museums #neagrants #nehgrants #culturalinstitutions,appssitesrccontentertical-pagesmuseums-and-cultural-institutions.md,no
2026-04-28,7,FREE_RESOURCE,"Donor CRM and grant accounting records describe the same funders from two different operational angles, and that is exactly why they drift apart. ↵  ↵ Development enters a gift when the award letter arrives. Finance posts the receipt when cash clears. Two workflows, two timestamps, two restriction classifications, two amounts (pledged versus net of fees). Without an annual reconciliation, the gap compounds until no one can reliably answer ""how much restricted funding did we receive from Funder X this year."" ↵  ↵ Four discrepancy types account for almost all the variance. Type 1: CRM-only — gift entered but never posted in accounting. Type 2: accounting-only — government grant that bypassed development entirely. Type 3: amount mismatch — full pledged amount in CRM, first installment in accounting. Type 4: classification mismatch — development called it unrestricted general support; finance read the grant agreement and coded it restricted. ↵  ↵ The tie-breaker is always the source document. Grant agreement section reference, award letter, signed pledge card. Not staff recollection. Run the full reconciliation annually before audit fieldwork. Spot-check monthly for funders representing more than 10% of restricted revenue. ↵  ↵ Free download — the Donor-to-Grant Reconciliation Template walks through the matching table, discrepancy classification, resolution documentation, and reconciliation summary: grantpipe.com/lead-magnets/donor-to-grant-reconciliation-template ↵  ↵  ↵ ---",#donorcrm #grantaccounting #reconciliation #nonprofitfinance,appssitesrccontentlead-magnetsdonor-to-grant-reconciliation-template.md,no
2026-04-28,8,COMPARISON_INSIGHT,"DonorPerfect publishes a 93% retention rate and a 13-year average customer tenure. Those numbers are real. They reflect a mature donor CRM that teams build operations around and stay on. ↵  ↵ The honest comparison with GrantPipe is not ""which one is better"" — it is which question the Executive Director most often needs answered. If the question is ""who gave, when, how much, what campaign did they respond to,"" DonorPerfect's reporting is fast and the workflow is well-designed for fundraising. If the question is ""what is the current balance of the State Housing Grant fund,"" DonorPerfect holds a fund designation label but not a fund balance. Someone in finance calculates the answer from a separate source. That calculation may or may not be current. ↵  ↵ The Nonprofit Finance Fund 2025 survey found 36% of nonprofits ended FY2024 with an operating deficit, and organizations managing restricted grants without integrated compliance tracking spent an average of 11 additional hours per month assembling manual reports. Eleven hours a month is more than a full work week per quarter spent on data assembly that should be a system output. ↵  ↵ The decision framework is simpler than feature comparisons. Draw a circle around what the ED needs every week. If the circle contains restricted fund balances and grant compliance status, the unified system removes the coordination cost. If it does not, DonorPerfect covers it. ↵  ↵  ↵ ---",#donorperfect #nonprofitcrm #restrictedfunds #executivedirector,appssitesrccontentcomparisonsgrantpipe-vs-donorperfect-executive-directors.md,no
2026-04-28,9,QUESTION_POST,"Board treasurers carry personal fiduciary exposure for an organization they see for two hours a month. ↵  ↵ The BoardSource Leading with Intent 2021 survey found 75% of board members rate their own financial literacy as basic or below. That is not a character flaw — it is structural. Volunteer boards are composed for governance breadth, not accounting depth. The treasurer is liable for restricted fund misuse they ""knew or should have known"" about, while reviewing a Statement of Activities that reports net assets with donor restrictions as a single aggregate line. ↵  ↵ FASB ASC 958 does not require grant-level detail on the face of the statements. A nonprofit managing 10 restricted grants can satisfy the standard with one number. The treasurer either trusts that number or asks for a supporting schedule, which usually arrives Friday evening before a Tuesday meeting via spreadsheet. ↵  ↵ GAO-24-106173 reported that 17% of federal award spending from 2017 to 2021 was linked to severe and persistent single audit findings. Median audit costs for $1M to $10M budgets run $10,000 to $45,000, with single audits adding $5,000 to $20,000 on top. ↵  ↵ Question for board treasurers and finance committee chairs: what is the verification step you wish you had between Friday's packet and Tuesday's vote — and how often does that gap actually get closed before you sign Form 990? ↵  ↵  ↵ ---",#boardgovernance #fiduciaryduty #nonprofitfinance #boardtreasurer,appssitesrccontentpersonasoard-treasurers.md,no
2026-04-28,10,PRODUCT_INSIGHT,"The split between pre-award tools and post-award tools is the single biggest reason grant data goes stale. ↵  ↵ Most nonprofits run an Instrumentl or GrantHub subscription for the pipeline, then re-key the awarded grant into a spreadsheet or QuickBooks class for compliance tracking. The same grant gets modeled twice, in two systems, with two custodians, and two slightly different sets of facts. By month six of the award, the pipeline tool says ""awarded"" with a stale amount, the accounting system shows posted expenses, and no one is sure which restriction language is the latest. ↵  ↵ The architectural fix is to make the opportunity and the grant the same record at different lifecycle stages. Pre-award fields stay editable through prospect, LOI, and applied. On award, post-award fields open up — reporting schedule, fund restrictions, allocation rules — and the pre-award history becomes read-only. No re-keying because there is no handoff. ↵  ↵ Default stage probabilities anchor the forecast: prospect 10%, LOI 30%, applied 50%, awarded 100%, declined 0%. Override per opportunity when funder history justifies it. AFP's Fundraising Effectiveness Project shows cold application win rates in the 10-20% range, which is what the prospect default reflects. ↵  ↵ GrantPipe runs the pipeline, the awarded grant, and the restricted fund as one connected record so the forecast a board sees is the same forecast the development director and the finance lead are running on. ↵  ↵  ↵ ---",#grantmanagement #nonprofitcrm #grantpipeline #restrictedfunds,appssitesrccontenteaturesgrant-pipeline-management.md,yes
2026-04-29,1,STAT_BOMB,"Audit fees for organizations stuck at the 40 percent major-program coverage threshold typically run $8,000 to $20,000 higher per cycle than for comparable low-risk auditees. ↵  ↵ The five low-risk criteria under 2 CFR 200.520 are mostly inside management's control: a clean Single Audit two years running, no material weaknesses in internal controls over major programs, no GAGAS qualified opinion, no fraud findings affecting major programs, and timely Federal Audit Clearinghouse submission. ↵  ↵ The catch is that you cannot reverse-engineer eligibility at audit time. The two prior fiscal years either qualify or they do not. ↵  ↵ The shops that consistently keep low-risk status track the criteria themselves quarter by quarter, the same way they track cash. The shops that lose it find out from the auditor in March. ↵  ↵ Per the AICPA Government Audit Quality Center benchmarking work, the additional testing required for non-low-risk auditees is the single largest avoidable line item in most Single Audit engagements. ↵  ↵ GrantPipe surfaces low-risk status indicators alongside grant compliance so the criteria do not get rediscovered at fieldwork.",#singleaudit #grantcompliance #nonprofitfinance #lowriskauditee,apps\site\src\content\guides\low-risk-auditee-criteria.md,yes
2026-04-29,2,MYTH_BUSTER,"Myth: interest earned on a federal advance drawdown counts as program income. ↵  ↵ Reality: it does not. Program income is governed by 2 CFR 200.307 and means revenue earned by the recipient that is directly generated by activities supported by the federal award. Interest on cash advances is a separate animal handled under 2 CFR 200.305(b)(9), which requires recipients to remit interest above $500 per year to the HHS Program Support Center. ↵  ↵ The two get conflated because both involve money sitting in the recipient's bank account that was not in the original budget. They are not the same thing and they get reported on different schedules. ↵  ↵ The other place this matters: the additive-versus-deductive treatment election under 2 CFR 200.307. Once made at award time, that election is binding for the life of the award. Most program officers never ask about it until the auditor does, and by then changing it requires retroactive correction. ↵  ↵ If your sub-award says nothing about program income treatment, that is itself a finding waiting to happen.",#programincome #grantcompliance #2cfr200 #federalgrants,apps\site\src\content\workflows\program-income-reporting.md,no
2026-04-29,3,WORKFLOW_STEP,"Steps 5 and 6 of the in-kind contribution valuation workflow are where most organizations create their next audit finding. ↵  ↵ Step 5 is the journal entry. Under ASU 2020-07, debit the asset account (food inventory, supplies, property) or the relevant expense account if the goods are consumed in program delivery, and credit contribution revenue with or without donor restrictions depending on intent. Do not net in-kind gifts against expenses. Netting is the most common error and it understates both revenue and program expense on the 990. ↵  ↵ Step 6 is the donor acknowledgment letter. IRS rules require written acknowledgment for any contribution of $250 or more. For in-kind gifts, the letter describes the goods or services in enough detail to support the donor's deduction but does not state a value — that is the donor's responsibility to substantiate. ↵  ↵ The standard took effect for fiscal years beginning after June 15, 2021. Most organizations updated their journal entries and forgot to update their footnote disclosures. Audit firms catch this in year three.",#nonprofitaccounting #inkindcontributions #asu202007 #fasb,apps\site\src\content\workflows\in-kind-contribution-valuation.md,no
2026-04-29,4,TERM_EXPLAINED,"Pass-through entity, defined at 2 CFR 200.1: a non-federal entity that receives a federal award and provides a sub-award to a subrecipient that carries out part of the federal program. ↵  ↵ Pass-through status is functional, not optional. The moment a recipient issues a sub-award, it becomes a pass-through entity for that portion of the award and inherits the responsibilities under 2 CFR 200.332. ↵  ↵ Two examples that show how broad the definition is. A state department of health receives a $5M HHS grant and sub-awards $3M to 12 county health agencies — the state is the pass-through. A nonprofit receives a $1.2M DOL workforce grant and sub-awards $400,000 to a training partner for one program track — the nonprofit is a pass-through for that $400,000. ↵  ↵ The 2 CFR 200.332 obligations include classifying every downstream relationship as subrecipient or contractor, performing risk assessments before issuing sub-awards, and monitoring throughout the period of performance. Pass-through amounts also flow onto the SEFA filed with the Federal Audit Clearinghouse. ↵  ↵ If your organization writes checks to a partner under a federal grant, you are probably a pass-through entity. The right time to find out is before the agreement is signed.",#passthroughentity #2cfr200332 #subrecipientmonitoring #grantcompliance,apps\site\src\content\glossary\pass-through-entity.md,no
2026-04-29,5,TOOL_TEARDOWN,"Neon One is not a single product. It is a portfolio assembled through acquisition: Neon CRM at the center, Arts People for arts organizations, Rallybound for peer-to-peer, and a few others stacked around them. ↵  ↵ The pitch is vendor consolidation. The reality for buyers is uneven module quality and a UX that varies depending on which acquired team built the surface you are looking at. Cross-module reporting is the place this shows up first — pulling a clean view across donor activity, event registrations, and grant tracking usually requires either a custom report build or an export-to-Excel step. ↵  ↵ For organizations that mostly need donor management, Neon CRM on its own is a reasonable choice. For organizations that need donor CRM plus active grant management in one system, the bundle approach asks the buyer to integrate modules that were not designed together. ↵  ↵ The tradeoff to know going in: you trade a single login for a sprawl that grows as Neon One acquires more products. Mid-sized nonprofits that already feel stretched thin tend to feel that sprawl most.",#nonprofittech #donorcrm #neonone #grantmanagement,apps\site\src\content\alternatives\neon-one-alternative.md,no
2026-04-29,6,VERTICAL_HOOK,"Church donor management runs on a weekly cadence — tithes, offerings, designated gifts — not the quarterly cycle most nonprofit CRMs assume. ↵  ↵ A typical secular nonprofit drops appeal letters in Q4, runs an end-of-year campaign, and cultivates major donors across a 12-month plan. A church processes giving every Sunday and every online gift in between, with designated funds for building campaigns, missions, benevolence, and youth programs running in parallel year-round. ↵  ↵ When the same church also receives grants for secular programs — early childhood, food pantry, after-school — the data model gets more complicated. Restricted grant funds cannot be commingled with the General Fund or the Building Fund in the books, even if one bank account holds all of it. ↵  ↵ Most church-specific tools handle the giving side well and ignore grants entirely. Most nonprofit CRMs handle grants and treat weekly tithing as an afterthought. The shops that get this right pick a system that separates donor giving records from restricted grant funds at the data layer, then maps both up to the appropriate fund balance under FASB ASC 958. ↵  ↵ If your accounting system and your donor system disagree about which fund a check belongs to, you have a reconciliation problem waiting to happen.",#churchaccounting #fundaccounting #restrictedfunds #nonprofitfinance,apps\site\src\content\vertical-pages\church-donor-software.md,no
2026-04-29,7,FREE_RESOURCE,"A sub-award that is missing a required provision is a compliance finding even when the program runs perfectly. ↵  ↵ 2 CFR 200.332(a) lists the data elements that every sub-award document must contain before execution: federal award identification number, federal award date, sub-award amount, federal award project description, name of the federal awarding agency, CFDA/Assistance Listing number and title, indirect cost rate, and a statement of applicable requirements. Missing any one of them is a citable finding regardless of how well the subrecipient performs. ↵  ↵ The most common gap on the audited list is the indirect cost rate — pass-through entities often leave it blank or use language that does not reference the negotiated rate or the de minimis 15 percent rate at 2 CFR 200.414(f). ↵  ↵ The Subrecipient Agreement Checklist walks through every required provision under 2 CFR 200.332(a), the additional provisions that reduce monitoring risk, and program-specific additions that some federal programs require on top of the baseline. Use it before the agreement is signed, not after. ↵  ↵ Free download in the resources section of the GrantPipe site.",#subrecipientmonitoring #2cfr200332 #grantcompliance #federalgrants,apps\site\src\content\lead-magnets\subrecipient-agreement-checklist.md,no
2026-04-29,8,COMPARISON_INSIGHT,"Little Green Light at $45 to $200 per month versus GrantPipe at $329 to $1,079. The right answer depends on one variable: do you actively manage federal or foundation grants, or just donors. ↵  ↵ Little Green Light is a strong tool for organizations under $500K in budget that are donor-funded and need clean gift entry, acknowledgments, and basic reporting. Any staff member can learn it without training. The ceiling shows up around $500K to $1M in budget when reporting needs go beyond what an Excel export can handle and when grant management enters the picture. ↵  ↵ GrantPipe assumes grants from day one. Restricted-fund tracking, deadline calendars, budget-versus-actual against grant budgets, and donor CRM all in one system, priced flat per organization rather than per contact. The tradeoff is more surface area than a $250K all-donor nonprofit needs. ↵  ↵ The wrong reason to pick either tool is current pricing. Replatforming in 18 months costs more than the price difference in any direction. ↵  ↵ If your organization is past $500K in budget and your grant load is growing, the cheap tool stops being cheap when you outgrow it.",#nonprofitcrm #donormanagement #grantmanagement #saas,apps\site\src\content\comparisons\grantpipe-vs-little-green-light.md,no
2026-04-29,9,QUESTION_POST,"A grant writer starts the year with 30 to 50 prospects on a spreadsheet. By Q2 the deadlines have shifted, two program officers have changed jobs, the organization has pivoted one program, and the spreadsheet has not kept up. ↵  ↵ The writing itself is maybe 70 percent of the role. The other 30 is pipeline hygiene — tracking deadlines, reusing narrative content across submissions, and handing off won awards to the grants manager with the budget intact. ↵  ↵ The handoff is where most awarded grants quietly start losing money. The proposal said one thing, the grants manager inherits another, and by the second drawdown the budget categories no longer line up with what the funder approved. ↵  ↵ Question for the grant writers and development directors here: when you win a grant, what does your handoff to compliance actually look like? Is it a meeting, a folder, an email thread, or a system that carries the budget and narrative forward without retyping? ↵  ↵ The answer says a lot about how your post-award reporting will go six months from now.",#grantwriting #nonprofitfundraising #grantmanagement #postaward,apps\site\src\content\personas\grant-writers.md,no
2026-04-29,10,PRODUCT_INSIGHT,"The average mid-sized nonprofit uses three donor segments — everyone, major donors, and lapsed donors. Organizations with strong retention programs use fifteen or more. ↵  ↵ The difference is not the technology. It is whether the segmentation tool stays current as donor records change, or whether it requires a manual Excel export every time someone wants a list. ↵  ↵ Donor segmentation in GrantPipe is a saved-filter system. Build a segment once using any combination of giving history, recency, source, fund, custom fields, and demographics. The segment stays current automatically as gifts post and contact records update. A segment named ""Major Gift Prospects — Not Yet Asked"" might filter on lifetime giving between $5,000 and $24,999, last gift within 18 months, no open ask in the pipeline, and a custom field flagging board referral. ↵  ↵ The segments drive everything downstream — appeal lists, stewardship workflows, board reports, and renewal campaigns — without re-exporting. When a donor's giving crosses a threshold, they move into the new segment automatically the next time the filter runs. ↵  ↵ If your org is operating on three segments because building more is too much work, the tool is the bottleneck.",#donorsegmentation #donormanagement #nonprofitcrm #fundraisingoperations,apps\site\src\content\features\donor-segmentation.md,yes
2026-04-30,1,STAT_BOMB,"**Post 1 — STAT_BOMB** ↵ ↵ The nonprofit CRM market reached $846 million in 2025, and 48% of nonprofits are actively considering switching platforms in the next 12 months — up from 10% the year before. ↵ ↵ Blackbaud holds 40-50% of U.S. mid-to-large deployments and processes nearly $31 billion in annual charitable donations. Salesforce serves about 55,000 organizations through Power of Us. Bonterra absorbed Network for Good, EveryAction, Social Solutions, CyberGrants, and added OneCause in October 2025 — 14,000 more clients in one transaction. ↵ ↵ The top five vendors hold only 40-45% of global revenue. The other 55-60% is spread across dozens of focused tools. ↵ ↵ The blind spot in the consolidation story is the gap between donor management and grant compliance. Most CRMs were built around individual giving. Grant management — restricted funds, post-award compliance, funder reports — is treated as a secondary feature or shipped to a separate tool. ↵ ↵ For mid-sized nonprofits running both, that gap is operational drag, not a feature checklist. The vendor you sign with today may be a different company in two years. Prioritize data portability and contract flexibility over brand loyalty. ↵ ↵ GrantPipe sits in that donor-plus-grants gap at $329-$1,079/month with no implementation fees.",#nonprofitcrm #grantcompliance #nonprofittech #nonprofitfinance,apps\site\src\content\guides\nonprofit-crm-market-2026.md,yes
2026-04-30,2,MYTH_BUSTER,"Myth: software marketed as ""grant tracking"" handles post-award compliance. ↵ ↵ Reality: most of it covers the pre-award pipeline only. Pre-award is grant discovery, application stages, deadline reminders, award decisions. Post-award is restricted fund balances by budget category, expenditures linked to grant lines, and SF-425-ready compliance reports pulled from real posted transactions. ↵ ↵ The two are different problems with different data models. A tool that tracks ""applied → awarded → reporting"" without ever touching the GL is a calendar with a logo. It cannot answer the only question that matters at audit: did the dollars spent against this grant match the approved budget categories. ↵ ↵ Three capabilities separate compliance tools from pipeline trackers — restricted fund balance tracking by budget category, expenditure documentation linked to individual grant budget lines, and compliance report generation from actual expenditure data. If a tool cannot do those three, it tracks grants informally. ↵ ↵ Foundant GrantHub Pro was sunset January 31, 2026, and never covered restricted fund tracking in the first place. Buyers searching for a GrantHub replacement should be very clear about which problem they are actually solving. ↵ ↵ The mistake most buyers make is searching for ""grant tracking software"" when what they actually need is post-award compliance.",#granttracking #grantcompliance #nonprofitsoftware #postaward,apps\site\src\content\listicles\best-grant-tracking-software-for-nonprofits.md,no
2026-04-30,3,WORKFLOW_STEP,"Step 4 of responding to a Single Audit finding: draft the Corrective Action Plan with all five required elements under 2 CFR 200.511(c). ↵ ↵ The five elements are the finding reference number, the auditee's position (agree or disagree), the specific corrective action, the named responsible party with title, and the target completion date. Vague language like ""management will strengthen controls"" is not acceptable and produces a follow-up letter from the awarding agency. ↵ ↵ Step 5 is committing realistic timelines. Aggressive but achievable — typically 30 to 180 days depending on complexity. A policy update closes in 30. A system implementation may need 180. Missed CAP deadlines become a finding in the next year's audit, which is how organizations end up in repeat-finding territory. ↵ ↵ The package is due the earlier of 30 days after the auditor's report or nine months after fiscal year-end, per 2 CFR 200.512(a)(1). The CAP is part of that package and travels with the report to the Federal Audit Clearinghouse at harvester.census.gov. ↵ ↵ A strong CAP reads like a project plan, not a compliance document. ""The CFO will update the procurement policy by May 31, circulate it with attestations, and present completed attestations to the audit committee at the June meeting"" is what auditors and program officers want to see.",#singleaudit #2cfr200 #correctiveactionplan #grantcompliance,apps\site\src\content\workflows\respond-to-single-audit-finding.md,no
2026-04-30,4,TERM_EXPLAINED,"The Unique Entity Identifier is a 12-character alphanumeric code assigned by SAM.gov. It replaced DUNS effective April 4, 2022. ↵ ↵ Without an active UEI and current SAM.gov registration, a federal grant recipient cannot draw funds — even on an award already in flight. SAM.gov registration is valid for 12 months. There is no grace period. A registration that lapses on Tuesday halts payments on Wednesday. ↵ ↵ The UEI is not the EIN. The EIN is the IRS tax identifier. The UEI is the SAM.gov procurement and grants identifier. Both are required, both go on federal applications, and they are different numbers stored in different systems. ↵ ↵ Domestic activation runs 7 to 14 business days, with IRS verification typically the bottleneck. Renewal reminders go out 60 days before expiration. The recommended practice is to start renewal on the first reminder, not the last one. ↵ ↵ Pass-through entities have a separate obligation under 2 CFR 200.332: collect the subrecipient's UEI before executing any sub-award and check the SAM.gov exclusions list. If the subrecipient is not registered, the pass-through cannot legally execute the agreement. ↵ ↵ Registration lapses are among the top five administrative reasons OMB cites for delayed grant drawdowns. The fix is calendar discipline, not a software purchase.",#uei #samgov #federalgrants #grantcompliance,apps\site\src\content\glossary\uei-sam-gov.md,no
2026-04-30,5,TOOL_TEARDOWN,"Bloomerang Standard runs $125 per month for up to 1,000 records and Pro runs $249 per month for up to 5,000. Capterra puts it at 4.66 out of 5 across more than 1,286 reviews — second highest in the nonprofit CRM category. ↵ ↵ The product earns those numbers honestly on the donor side. The retention dashboard, lapse-risk indicators, and donor timeline are the most developed in the under-$300 tier. Development staff coming off spreadsheets find it intuitive on day one. ↵ ↵ The gap is grants. Bloomerang has no grant lifecycle module — not a thin one, a complete absence. No restricted fund tracking, no budget-versus-actual against grant line items, no compliance report generation. An organization that wins a $500,000 federal grant cannot model where the restricted dollars go inside Bloomerang. ↵ ↵ The result for grant-receiving nonprofits is a parallel system: Bloomerang for donors, a spreadsheet or standalone tracker for grants. Duplicate entry, manual reconciliation, and compliance records that drift away from CRM records by month six. ↵ ↵ The honest evaluation question is whether the organization is donor-funded or grant-funded. Donor-funded under $5M with no restricted grant exposure — Bloomerang is a strong choice. Grant-receiving with three or more active awards — the parallel-system tax becomes the actual cost. ↵ ↵ Per-record pricing also keeps climbing as the database grows.",#bloomerang #nonprofitcrm #grantmanagement #donormanagement,apps\site\src\content\alternatives\bloomerang-alternative.md,no
2026-04-30,6,VERTICAL_HOOK,"A church that receives a USDA Community Food Projects grant cannot spend a single grant dollar on worship services, religious instruction, or staff time supporting religious activities — even if the food pantry runs out of the same building. ↵ ↵ Federal funding requires documented separation between grant-funded secular programs and religious activity. That means tracking personnel time by grant-funded versus religious duties, allocating facility costs proportionally, and documenting that grant participants were not required to participate in religious activities. Reconstructed records at audit time do not satisfy the standard. ↵ ↵ The data structure most congregations already use makes this harder than it looks. Building Fund, Missions Fund, General Fund, and youth program designations are restricted in the church's internal sense. They are not the same as grant restriction. Commingling a federal award into the General Fund creates Form 990 reporting errors and audit exposure. ↵ ↵ There are roughly 380,000 religious congregations in the U.S. with combined annual revenue of $100-$120 billion (Duke National Congregations Study). Faith-based organizations account for about 32% of all U.S. charitable giving (Giving USA 2023). FEMA Public Assistance, USDA Community Food Projects, and historic preservation grants are the most common federal entry points. ↵ ↵ The compliance fix is fund separation enforced at the transaction level — not a tag retroactively applied to a journal entry someone already posted to the wrong account.",#churchaccounting #fundaccounting #faithbasednonprofits #federalgrants,apps\site\src\content\vertical-pages\churches.md,no
2026-04-30,7,FREE_RESOURCE,"Federal grant closeout is not a single event. It starts 90 days before the period of performance ends and continues for 3 to 7 years after the grant formally closes. ↵ ↵ The 90-day mark is for budget-versus-actual review, no-cost extension decisions, and subrecipient closeout planning. The 30-day mark is for equipment review (capitalization threshold $10,000 under 2 CFR 200.313), unspent funds calculation, and the final obligation lock. The final week is for expenditure lock and reconciliation to the dollar against the accounting system. ↵ ↵ Post-period, the final SF-425 is due within 120 calendar days for most agencies, 90 days for some HUD programs. The cumulative federal expenditures on that report must match the GL exactly. A discrepancy is an audit finding. ↵ ↵ Record retention under 2 CFR 200.334 is 3 years from the date of final expenditure report submission — not from the period end date. USDA and HUD programs commonly require 7 years. Records involved in pending audits, litigation, or claims must be retained until the matter resolves. ↵ ↵ Free download — the Grant Closeout Checklist walks through every phase from 90 days out to post-closeout file archiving and staff debrief: grantpipe.com/lead-magnets/grant-closeout-checklist",#grantcloseout #2cfr200 #federalgrants #grantcompliance,apps\site\src\content\lead-magnets\grant-closeout-checklist.md,no
2026-04-30,8,COMPARISON_INSIGHT,"Bloomerang at $125-$249 per month versus Keela at $99-$299 per month. Both target the under-$300 mid-market. Both ship modern donor CRMs. Neither handles grant compliance. ↵ ↵ Bloomerang wins on donor retention analytics — the lapse-risk dashboard and donor timeline are the most developed in this tier. Keela wins narrowly on grant tracking because Bloomerang has none and Keela has a basic module covering funder records, grant amounts, status, and deadline reminders. Basic, not compliance-grade. ↵ ↵ For an Executive Director who signs a federal grant agreement, that distinction is the whole game. The ED takes on personal accountability for fund separation and compliance reporting under the agreement. Neither platform tracks restricted fund balances by budget category. Neither produces budget-versus-actual against approved grant line items. Neither generates compliance documentation that survives a Single Audit. ↵ ↵ Three-year cost on 2,500 contacts is roughly $6,120 for Bloomerang and $5,400 for Keela, both scaling with contact volume. Add a separate grant tool for compliance and the gap closes against any unified option. ↵ ↵ The Fifty & Fifty 2025 Nonprofit Peer Report found only 33.3% of nonprofits rate their CRM as effective. The unsatisfied 66.7% are usually managing problems their CRM was not built to solve. ↵ ↵ If donors are the entire universe — Bloomerang. If grants are part of it — neither, by themselves.",#nonprofitcrm #bloomerang #keela #executivedirector,apps\site\src\content\comparisons\bloomerang-vs-keela-for-eds.md,no
2026-04-30,9,QUESTION_POST,"Program directors own program outcomes and the budget that funds them — usually with no formal finance training and no purpose-built tool for the budget-to-delivery connection. ↵ ↵ The standard setup at mid-sized nonprofits: program budget in Excel built from the award template, actuals in QuickBooks, reconciliation once a month if someone has time. When a program director approves a subrecipient invoice or authorizes a venue deposit, there is no live check against the remaining budget line. The check happens 30 days later, by which point the overage is booked. ↵ ↵ Cost disallowance was named one of the five most common Single Audit findings in the GAO's April 2024 analysis (GAO-24-106173), contributing to the 17% of federal spending linked to severe findings. The Center for Effective Philanthropy puts reporting alone at 6 to 8 hours per grant per year. Multiply by 10 to 20 active grants and a program director loses one to two weeks annually to report assembly. ↵ ↵ Question for the program directors and grants managers reading this: when you approve a vendor invoice, can you see the remaining balance on that grant's budget line right then, or do you find out at month-end. Does the disconnect between program tracking and the GL ever surface a 70%-consumed warning early enough to actually file a budget modification.",#programmanagement #grantcompliance #nonprofitoperations #budgetmanagement,apps\site\src\content\personas\program-directors.md,no
2026-04-30,10,PRODUCT_INSIGHT,"Under 2 CFR 200.430, payroll charges to federal awards must be supported by after-the-fact records reflecting actual time worked — not budget percentages. Personnel costs are 65-75% of expenditures on most human services awards and the largest single category of disallowed costs in federal Single Audits. ↵ ↵ The two-system problem is where this falls apart. Payroll runs in ADP or QuickBooks. The grants manager keeps a salary allocation spreadsheet. Finance posts journal entries to move costs from a general payroll account to grant-specific accounts. The time-and-effort certifications are PDFs in a shared folder. At audit time, the auditor wants three things lined up — the certification, the allocation entry matching the certification, and the payroll register confirming gross pay. Reconciling three sources for every employee, every month, every award, is the manual work that consumes days and still leaves gaps. ↵ ↵ The most common finding is allocation percentages that do not match the certified time — usually because the allocation was entered at budget percentages instead of certified ones. The second most common is late certifications signed more than 30 days after period end. Both create dollar-for-dollar repayment exposure. ↵ ↵ GrantPipe records salary and fringe allocations directly to grant ledgers per pay period, links each entry to the corresponding time-and-effort certification, flags percentage mismatches before audit, and supports CSV imports from ADP, Paychex, and QuickBooks Payroll.",#payrollallocation #2cfr200430 #grantcompliance #federalgrants,apps\site\src\content\features\payroll-allocation.md,yes
2026-05-01,1,stat_bomb,"The 2024 Uniform Guidance revision raised the federal single audit threshold to $1,000,000 in federal expenditures.↵ That change pulled smaller cost-reimbursement awardees out of single-audit scope, but it did not change how revenue gets recognized.↵ FASB ASU 2018-08 still governs the two tests for grant revenue under ASC 958-605: contribution vs exchange, then conditional vs unconditional.↵ Cost-reimbursement federal awards are typically conditional contributions. Revenue is recognized only as allowable costs are incurred, not when the award letter arrives.↵ Finance teams that book the full award upfront overstate revenue and end up restating it during audit fieldwork.↵ If your grant ledger does not match your expenditure schedule line for line, the conditional accounting is breaking somewhere.↵ GrantPipe attaches a ledger to each award so revenue recognition tracks expenditures automatically.","#grantcompliance #nonprofitfinance #asc958 #singleaudit",apps\site\src\content\guides\grant-revenue-recognition-asc-958-605.md,yes
2026-05-01,2,myth_buster,"Program service revenue is not unrelated business income.↵ This is where mid-sized nonprofits over-file Form 990-T and pay UBIT they do not owe.↵ Program service revenue is income earned from activities substantially related to the exempt purpose. A health center charging sliding-scale fees is program service revenue. A literacy nonprofit selling workbooks tied to its curriculum is program service revenue.↵ Earning it does not jeopardize tax-exempt status. The risk only appears when an activity stops being substantially related and starts looking commercial in scope and substance.↵ Excessive unrelated commercial activity raises private benefit and inurement concerns, which is a separate analysis from whether the revenue itself is taxable.↵ The practical test: review activities annually against the exempt purpose stated in your determination letter. Document the connection. Keep that memo with the 990 workpapers.","#nonprofitfinance #form990 #ubit #taxexempt",apps\site\src\content\glossary\program-service-revenue.md,no
2026-05-01,3,workflow_step,"For advance federal awards, interest earned above $500 per year across all awards must be remitted annually to HHS PSC under 2 CFR 200.305(b)(9).↵ Most mid-sized nonprofits never compute this until the auditor asks.↵ Steps 5 and 6 of a monthly grant drawdown reconciliation handle it cleanly.↵ Step 5: calculate interest on advance balances. Pull the average daily cash balance for each advance award, apply the operating account interest rate, accumulate the monthly figure. Twelve clean monthly numbers turn the annual remittance into addition.↵ Step 6: document variances and reclassifications. If a draw exceeded expenditures, write down whether it was a timing difference, an accrual, or an overdraw requiring return. If expenditures exceeded draws, plan the next draw to close the gap. Every variance gets a written explanation filed with the reconciliation.↵ Monthly cadence catches errors while they are still fixable. It also makes the quarterly Federal Financial Report a 30-minute task instead of a fire drill.","#grantcompliance #federalgrants #nonprofitfinance #drawdown",apps\site\src\content\workflows\perform-monthly-grant-drawdown-reconciliation.md,no
2026-05-01,4,term_explained,"Questioned costs.↵ Defined at 2 CFR 200.516, a questioned cost is an expenditure flagged during a single audit because it appears unallowable, unsupported, or unreasonable.↵ Three categories. Unallowable: violates statute, regulation, or terms of the award. Unsupported: missing documentation. Unreasonable: exceeds what a prudent person would incur in similar circumstances.↵ The reporting threshold is $25,000 per federal program. When questioned costs attributable to a single program exceed that, they are listed in the Schedule of Findings and Questioned Costs.↵ Two examples that show up frequently. An auditor finds $32,000 in payroll charged to a federal award without time-and-effort documentation — reported as unsupported, exceeds threshold. A nonprofit charges $18,000 in alcohol-related catering to a training grant — unallowable, under threshold, still disclosed.↵ Questioned costs are not automatic disallowances. The pass-through entity or federal agency makes the final determination. The audit just flags them.","#singleaudit #grantcompliance #2cfr200 #federalgrants",apps\site\src\content\glossary\questioned-costs.md,no
2026-05-01,5,tool_teardown,"Bloomerang is a well-designed donor CRM. The retention analytics, constituent timeline, and lapse-tracking tools were built around a real insight: nonprofits lose nearly half their donors every year, and retention is where development economics get solved.↵ For donor work, the product knows what it is.↵ The breakdown happens when the same development director managing Bloomerang also manages 3 or more active grants with restricted-fund obligations.↵ Bloomerang's grant fields are essentially custom fields on a constituent record. They cannot model the funder reporting calendar, restricted-fund balances, allowable cost categories, or the conditional revenue recognition that ASC 958-605 requires.↵ The choice at that point is binary. Add a separate grant compliance tool and pay for two systems that do not share data. Or move to a platform that handles both donors and grants in one record set.↵ The two-tool path looks cheaper for about six months. After that, the manual reconciliation between systems usually costs more than either subscription.","#nonprofitsoftware #donorcrm #grantmanagement",apps\site\src\content\alternatives\bloomerang-alternative-active-grants.md,no
2026-05-01,6,vertical_hook,"A mature Federally Qualified Health Center typically manages 15 to 20 simultaneous federal and state awards.↵ The base HRSA Section 330 grant. HRSA supplemental awards. Ryan White HIV/AIDS program grants across multiple Parts. CDC prevention grants. State health department contracts.↵ Each award has distinct allowable cost categories, reporting calendars, and matching requirements. HRSA's Uniform Data System reporting intersects with financial compliance, so program data and expenditure data have to reconcile across systems that were never built to talk to each other.↵ Most donor CRMs cannot support the expenditure coding this requires. Most general accounting systems cannot model funder restrictions in a way that produces a clean spend-down report.↵ The result at most FQHCs: a finance team running parallel spreadsheets for grant tracking, drawdowns, and UDS-aligned program metrics, reconciled by hand at month-end.↵ The compliance environment is not getting simpler. The toolset has to.","#fqhc #healthcarenonprofits #hrsa #grantcompliance",apps\site\src\content\vertical-pages\healthcare-nonprofits.md,no
2026-05-01,7,free_resource,"A grant that projects $40,000 unspent with two months remaining is not a financial planning problem. It is a compliance problem that requires action now.↵ A spend-down tracker answers one question per active award: given what has been spent and when the period ends, are we on pace to use the full award correctly?↵ The structure is straightforward. One worksheet per grant. Budget vs actual by allowable cost category. Monthly burn rate. Projected end-of-award balance based on current pace. A decision framework for low burn rate situations — accelerate eligible expenditures, request a no-cost extension, or rebudget within funder rules.↵ The point is not the spreadsheet. The point is catching underspend in month 9 instead of month 11 of a 12-month award, when the options are still real.↵ The Grant Spend-Down Tracker is a free download. PDF with the template structure and the decision framework.↵ grantpipe.com/resources/lead-magnets/grant-spend-down-tracker","#grantcompliance #nonprofitfinance #spenddown #federalgrants",apps\site\src\content\lead-magnets\grant-spend-down-tracker.md,no
2026-05-01,8,comparison_insight,"Givebutter and GrantPipe solve different problems. Putting them head to head only makes sense once you know which problem you actually have.↵ Givebutter is a fundraising-page tool with a free starting tier. Solid peer-to-peer, event ticketing, embeddable donation forms. The CRM piece is essentially gift record keeping. No grant management, no restricted-fund tracking at any tier — including the paid tiers that start at $29/mo.↵ GrantPipe runs $329 to $1,079/mo and bundles donor CRM with grant compliance and restricted-fund tracking in one record set.↵ The decision is not about features. It is about stage.↵ If the organization is early, primarily event- and campaign-funded, and has no active grant portfolio, Givebutter's free tier is the right call. Pay for tools you need.↵ Once there are active grants, restricted-fund obligations, or a board asking for a release-from-restriction report, a fundraising-page tool stops being the right tool. The reconciliation work between Givebutter and a separate grant tracker eats the savings.","#nonprofitsoftware #donormanagement #grantmanagement",apps\site\src\content\comparisons\grantpipe-vs-givebutter.md,no
2026-05-01,9,question_post,"A $3M nonprofit typically runs Bloomerang for donors, QuickBooks Online for accounting, a spreadsheet for grants, Google Workspace for documents, and a separate payroll system.↵ That stack is normal. It is also where the operations manager's week disappears.↵ The role's effectiveness correlates almost perfectly with the fragmentation of the toolset the staff uses. Every extra system is another integration, another vendor renewal, another set of permissions, another place audit evidence might live.↵ The question for ops managers reading this: if you wrote down every system the development, finance, and program teams touch in a normal week, how many show up?↵ For most $500K to $10M nonprofits the count lands between 8 and 14.↵ What is the one consolidation that would actually free up the most time — not the most license cost, the most time?","#nonprofitoperations #saas #toolfragmentation",apps\site\src\content\personas\operations-managers.md,no
2026-05-01,10,product_insight,"The board asks: how much of the Smith Foundation grant is left.↵ Most nonprofits answer that question by exporting two reports, opening a spreadsheet, and reconciling for 20 minutes. The number is stale before the meeting starts.↵ Restricted fund tracking in GrantPipe attaches a ledger to each grant and donor restriction. Every disbursement posts against the correct restriction at the time it is recorded. The balance owed to the funder is the same number reported to the board.↵ Net asset releases follow FASB ASC 958 categories. Released-from-restriction journal entries are produced from the same data, not built by hand.↵ The spend-down report is a query on live data. Open it during the board meeting and the number is current.↵ This is what makes restricted funds a system of record problem instead of a monthly reconciliation problem.↵ See how it works at grantpipe.com.","#restrictedfunds #nonprofitfinance #grantcompliance #fasb958",apps\site\src\content\features\restricted-fund-tracking.md,yes
2026-05-02,1,stat_bomb,"The micro-purchase threshold under 2 CFR 200.320(a)(1) is $10,000. The simplified acquisition threshold is $250,000.↵ ↵ Purchases between $10,001 and $250,000 require price or rate quotations from an adequate number of qualified sources — generally two to three, documented and retained.↵ ↵ Purchases above $250,000 require sealed bids or competitive proposals depending on contract type. Construction and commodities use sealed bids; professional services use competitive proposals.↵ ↵ The anti-fragmentation rule in 2 CFR 200.323 prohibits splitting a $500,000 project into five $100,000 purchases to dodge the threshold.↵ ↵ Procurement noncompliance is one of the most cited categories in the OMB 2024 Compliance Supplement. Purchases above $25,000 also require a SAM.gov debarment check before award.↵ ↵ Organizations whose written procurement policies were last updated before the 2024 Uniform Guidance revision are likely citing stale figures. GrantPipe maintains the procurement audit trail at transaction level so testing is a query, not a reconstruction.","#grantcompliance #uniformguidance #procurement #2cfr200",appssitesrccontentguidesederal-procurement-thresholds-micro-small-large.md,yes
2026-05-02,2,myth_buster,"Myth: DonorPerfect handles grant compliance because it has a grant tracking module.↵ ↵ DonorPerfect's grant features cover deadline reminders, fund records, and grant status fields. That is calendar tracking, not compliance.↵ ↵ What it does not cover: tracking actual expenditures against approved grant budget lines, flagging over-expenditure on restricted funds, or producing audit-ready reports showing funders how restricted dollars were spent.↵ ↵ Organizations receiving federal grants or multi-year restricted foundation grants typically run compliance documentation in a second system — usually a spreadsheet or the accounting platform — alongside DonorPerfect.↵ ↵ DonorPerfect reports 93% customer retention and a 13-year average tenure. Those numbers reflect mature donor management, not grant compliance depth.↵ ↵ The myth comes from conflating ""grant tracking"" (knowing when a report is due) with ""grant compliance"" (proving how every dollar was spent against an approved budget). They are different jobs.↵ ↵ Audit your grant tools by asking: can it produce a funder financial report from system data alone, or does staff rebuild it in Excel each cycle?","#grantcompliance #nonprofittech #donorperfect #restrictedfunds",appssitesrccontentalternativesdonorperfect-alternative.md,no
2026-05-02,3,workflow_step,"Address loan and loan guarantee programs separately on the SEFA.↵ ↵ Federal loans get specialized SEFA treatment under 2 CFR 200.502. The outstanding balance at year-end plus new loans received during the year is typically reportable, not just current-year cash receipts.↵ ↵ This applies to PPP loans, SBA programs, USDA rural development loans, and similar federal lending. Organizations treating these as cash transactions on the SEFA understate program expenditures.↵ ↵ The reportable figure has three components in most cases: prior-year outstanding loan balance carried forward, new principal disbursed during the fiscal year, and any forgiven amounts recognized in the current period.↵ ↵ Consult 2 CFR 200.502 and the auditor before finalizing the schedule. Loan reporting rules vary by program type, and the OMB Compliance Supplement clarifies treatment for the largest federal lending programs each year.↵ ↵ Organizations with any federal loan activity should confirm treatment before SEFA delivery to the auditor — getting it wrong on a loan line can shift major-program determination.","#singleaudit #sefa #grantcompliance #federalgrants",appssitesrccontentworkflowsprepare-sefa-for-single-audit.md,no
2026-05-02,4,term_explained,"Schedule A is the Form 990 attachment where 501(c)(3) organizations prove they qualify as a public charity under IRC Section 509(a).↵ ↵ The most common path is Section 509(a)(1) combined with Section 170(b)(1)(A)(vi): at least 33.33% of total support over a rolling five-year window must come from public sources.↵ ↵ The 2% cap is where concentrated donor bases get hurt. Contributions from any single source that exceed 2% of total five-year support are capped at the 2% level in the public support numerator. Excess counts in the denominator only.↵ ↵ Program service revenue and investment income count in the denominator (total support) but not in the numerator (public support).↵ ↵ Fail both the one-third test and the 10% facts-and-circumstances test for two consecutive years and the IRS reclassifies the organization as a private foundation by operation of law — triggering the 1.39% excise tax under IRC Section 4940, the 5% minimum distribution requirement, and Form 990-PF filing.↵ ↵ About 100,000 private foundations file Form 990-PF annually compared to 1.5 million public charities. The math behind that ratio runs through Schedule A.","#form990 #publiccharity #scheduleA #nonprofitfinance",appssitesrccontentglossaryschedule-a-form-990.md,no
2026-05-02,5,tool_teardown,"Donorbox at $300,000/year in donations costs $5,250 in platform fees alone. At $400,000/year it costs $7,000.↵ ↵ The free tier is genuinely free — no monthly subscription. The 1.75% platform fee is deducted from each donation. Donorbox Pro at $199/month waives the fee on the first $1,000/month of donations.↵ ↵ What Donorbox does well: embeddable donation forms deploy in hours, recurring gift management with a donor-facing portal for payment updates, and zero setup friction for organizations without a software budget.↵ ↵ What it does not do at any tier: full donor CRM with moves management, major gift officer assignment, restricted fund tracking, or grant lifecycle management. Donorbox Pro adds basic CRM features, but they remain shallow relative to purpose-built CRMs.↵ ↵ Donorbox has processed over $2 billion across 50,000+ nonprofits. The product is good at what it does. The problem is total cost of ownership shifts as donation volume grows past roughly $200,000 annually, where the fee model starts crossing the cost of a dedicated CRM with grant compliance built in.↵ ↵ The break-even calculation is rarely run until the organization is already past it.","#donorbox #nonprofitcrm #fundraising #donormanagement",appssitesrccontentalternativesdonorbox-alternative.md,no
2026-05-02,6,vertical_hook,"The National Endowment for the Arts awarded $147 million in fiscal year 2023. State arts agencies collectively distribute around $500 million annually through state appropriations and NEA grants-to-states.↵ ↵ Arts organizations face a compliance challenge that most nonprofit categories do not: they generate earned revenue. Ticket sales, tuition, facility rentals, and merchandise mix with grant revenue in the operating budget, creating restricted fund separation problems that general-purpose accounting tools handle poorly.↵ ↵ NEA Art Works grants require a final performance report capturing total attendance, demographic data on audiences and artists served, educational programming hours, and geographic reach — separate from the financial report.↵ ↵ State arts agency grants run on each state's fiscal calendar. An organization with a calendar fiscal year, an NEA direct grant on January-December, and a state grant on July-June is managing three different fiscal periods at year-end.↵ ↵ The result: attendance data sits in a program system, financial data sits in accounting software, and connecting them at year-end is a manual exercise that introduces errors and consumes staff time.↵ ↵ 36% of nonprofits ended FY2024 with an operating deficit. Arts organizations cannot afford reporting overhead that does not produce funder-ready output.","#artsadmin #neagrants #grantcompliance #culturalnonprofits",appssitesrccontentertical-pagesarts-organizations.md,no
2026-05-02,7,free_resource,"A loaded hourly rate calculation: annual salary divided by 2,080 hours, multiplied by 1.30 for benefits and payroll tax. A $60,000 finance coordinator costs the organization roughly $37.50 per hour.↵ ↵ If that coordinator spends 10 hours a week on grant reconciliation, funder report assembly, and audit prep, the annual cost is about $19,500. Add the development director's hours, the finance director's audit-prep weekends, and the program staff time on coordination, and the true compliance cost is rarely under $40,000 annually for a $2M-budget nonprofit.↵ ↵ Most finance directors report only the dedicated compliance hours. They miss the funder calls explaining discrepancies, the weekend before audit fieldwork, and the hours answering the development director's questions about fund balances.↵ ↵ GrantPipe published a free Grant Software ROI Calculator that walks through current compliance cost, risk-adjusted error cost, software investment, and a board-ready three-year net benefit summary.↵ ↵ Numbers, not vibes — that is how this decision should be made.","#grantcompliance #nonprofitfinance #softwareroi #boardreporting",appssitesrccontentlead-magnetsgrant-software-roi-calculator.md,no
2026-05-02,8,comparison_insight,"Bloomerang starts at $125/month. Little Green Light starts at $39/month. Neither manages grants.↵ ↵ Little Green Light is the budget choice for small nonprofits that need a basic donor database — contacts, gifts, pledges, and basic reports. Setup runs 1-3 days. Reporting depth is shallow.↵ ↵ Bloomerang is the mid-tier upgrade. The retention dashboard surfaces at-risk donors, which most nonprofit CRMs ignore entirely. Pricing scales with record count to $249/month. Setup runs 1-2 weeks.↵ ↵ Only 33.3% of nonprofits rate their CRM as effective per the 2025 Fifty & Fifty Nonprofit Peer Report. 46.5% call it neutral. 20.1% call it ineffective.↵ ↵ The shared limitation: neither platform tracks restricted fund expenditures against grant budgets, produces audit-ready compliance reports, or handles the post-award grant lifecycle. Organizations receiving grants run grant management in spreadsheets alongside the CRM and reconcile manually each month.↵ ↵ Choose Little Green Light if budget dominates and the work is donor-only. Choose Bloomerang if retention analytics drive strategy. Choose neither if grants represent more than 20% of revenue — the spreadsheet workaround compounds quickly.","#nonprofitcrm #bloomerang #littlegreenlight #grantmanagement",appssitesrccontentcomparisonsloomerang-vs-little-green-light.md,no
2026-05-02,9,question_post,"A question for executive directors at $500K-$10M nonprofits: how long does board prep currently take, and how many systems does the staff touch to assemble the packet?↵ ↵ The pattern is consistent. Revenue year-to-date comes from QuickBooks. Pipeline status comes from a CRM or a spreadsheet. Retention metrics come from a different report. Restricted fund balances come from QuickBooks classes if they exist or a spreadsheet if they do not. Compliance deadlines live in Outlook or one staff member's head.↵ ↵ When each number reconciles differently, assembling a packet that holds up under board scrutiny takes a full week. The ED often does it personally because no one else has context across every system.↵ ↵ Mid-sized nonprofits spend an average of 20 to 30 percent of staff time on compliance data entry across at least 12 different reporting systems per the Center for an Urban Future January 2023 research.↵ ↵ Organizations that compress board prep from a week to an afternoon do it the same way: one system holding donor, grant, restricted fund, and compliance data, with reports generated from live data rather than assembled the night before.↵ ↵ What did board prep look like at your organization last quarter — full week or full afternoon?","#executivedirector #boardreporting #nonprofitleadership #operations",appssitesrccontentpersonasexecutive-directors.md,no
2026-05-02,10,product_insight,"Approximately 30% of nonprofits with revenues over $1M operate more than one related legal entity per IRS Statistics of Income data.↵ ↵ The single-database problem: running a 501(c)(3), a 501(c)(4), and a related private foundation in one CRM workspace forces all entity data into a shared environment with manual tags as the only separation. A staff member with access to charity data can see advocacy data because they share a workspace. Compliance calendars merge into one list.↵ ↵ The legal separation exists for regulatory reasons. The data separation should match.↵ ↵ Multi-entity consolidation in GrantPipe gives each legal entity an isolated workspace with its own donor records, grant portfolio, restricted fund ledgers, and compliance calendar. Roles are assigned independently per entity — a user can be Editor on the 501(c)(3) and have no access to the 501(c)(4).↵ ↵ Rollup reporting spans authorized entities with intercompany elimination. When the foundation grants to the operating charity, that transaction appears as revenue and expense in separate workspaces and is netted in the consolidated view, matching FASB ASC 958-810 treatment.↵ ↵ Multi-entity nonprofit structures incur an estimated 40% higher compliance administration cost than single-entity peers per the Nonprofit Finance Fund 2024 State of the Sector. The tooling should reduce that gap, not widen it.","#multientity #nonprofitfinance #fasb #consolidation",appssitesrccontenteaturesmulti-entity-consolidation.md,yes
2026-05-03,1,stat_bomb,"A $50,000 grant with $10,000 in compliance overhead is a $40,000 net grant.↵ The Nonprofit Finance Fund coined ""net grant"" to quantify what most grants managers already know: compliance costs eat roughly 20% of every award.↵ The median nonprofit spends 6-8 hours per grant per year on reporting alone, with cumulative effort reaching 30+ hours over a grant's life.↵ Outsourced compliance consultants charge $132-$159/hour. For a small nonprofit, 10-20 hours of monthly help runs $18,000-$36,000 a year — sums that rival individual awards.↵ 42% of non-government funders cap indirect costs at 10% or less while actual overhead runs 25-35%. That gap is why 36% of nonprofits ended FY2024 in deficit.↵ GrantPipe automates the reporting workflows that consume those hours so more of each grant reaches the mission.","#grantcompliance #nonprofitfinance #netgrant #indirectcosts",apps\site\src\content\guides\net-grant-problem-compliance-costs.md,yes
2026-05-03,2,myth_buster,"Myth: eCivis is the obvious choice once a nonprofit grows past spreadsheets.↵ Reality: eCivis was built for state and local government agencies managing federal pass-throughs at scale. Nonprofits are a secondary market, and pricing reflects that.↵ G2 and Capterra reviewers report annual costs of $25,000 to $75,000+ for nonprofit-tier deployments. Implementation fees add another $10,000 to $30,000 in year one. Data migration and integration with Sage Intacct or QuickBooks layer on top.↵ For a nonprofit processing $3M with 10-15 active federal awards, year-one totals land between $47,000 and $90,000.↵ The fit makes sense above $10M in federal expenditures with multiple subrecipients. Below that, the cost structure buys enterprise-scale software for mid-market needs.","#grantmanagement #ecivis #nonprofitsoftware #pricing",apps\site\src\content\pricing-breakdowns\ecivis-pricing.md,no
2026-05-03,3,workflow_step,"The SF-SAC has two certifications, and missing either one keeps the submission in draft.↵ Step seven of the Single Audit Data Collection Form workflow at fac.gov: the auditee certifies the submission is accurate and complete, then the auditor separately certifies the audit findings.↵ Neither party can submit unilaterally. A form sitting at one signature is not filed, even if every field is complete and the reporting package uploaded cleanly.↵ Deadline pressure compounds this. The SF-SAC is due 30 days after the auditor's report or 9 months after fiscal year-end, whichever is earlier. Late filings affect low-risk auditee status under 2 CFR 200.520 in subsequent years.↵ Confirm both certifications cleared before treating an SF-SAC as submitted. Download the FAC confirmation PDF and retain it in the audit binder.","#singleaudit #sfsac #grantcompliance #federalaudit",apps\site\src\content\workflows\submit-sf-sac-single-audit-data-collection.md,no
2026-05-03,4,term_explained,"The de minimis indirect cost rate is 15% of MTDC, raised from 10% by the 2024 Uniform Guidance revision under 2 CFR 200.414(f).↵ Eligible nonprofits — those that have never received a federally negotiated indirect cost rate — can claim it on federal awards without going through NICRA negotiation.↵ Two facts that get organizations into trouble.↵ First, the base is Modified Total Direct Costs, not total direct costs. MTDC excludes equipment, capital expenditures, participant support, and sub-award amounts above $50,000 per subcontract. Applying 15% to the full budget is a recurring audit finding.↵ Second, once a NICRA is executed, there is no return to de minimis — even after the NICRA period closes.↵ Urban Institute analysis of Form 990 data found roughly 25% of eligible nonprofits claim no indirect cost recovery at all. That is real money left unrecovered.","#indirectcosts #deminimis #grantcompliance #2cfr200",apps\site\src\content\glossary\de-minimis-indirect-cost-rate.md,no
2026-05-03,5,tool_teardown,"Neon CRM handles donors, members, and event registration in one platform — a fit for organizations running fundraising galas, membership drives, and giving days simultaneously.↵ What it does not include: grant lifecycle management or restricted fund compliance. Organizations receiving federal or foundation grants with restricted funds typically run a second system or spreadsheet alongside Neon to cover the gap.↵ Pricing is custom. Every quote requires a demo first, and the modular NeonOne add-ons (Fundraise, Giving Days, Websites) push total cost higher than the base CRM line item suggests.↵ The Omatic 2025 Nonprofit Integration Report found nearly half of nonprofits are considering a CRM switch in the next 12 months — driven by feature gaps and growth, not cost.↵ If the compliance burden is restricted grants rather than membership renewal, a unified donor-plus-grant platform avoids the second-system problem entirely.","#nonprofitcrm #neoncrm #grantmanagement #restrictedfunds",apps\site\src\content\alternatives\neon-crm-alternative.md,no
2026-05-03,6,vertical_hook,"A mid-sized homeless shelter manages 8-12 simultaneous funding streams: HUD ESG, HUD Continuum of Care, CDBG sub-allocations, state housing authority grants, county homelessness funds, United Way, and three or four foundation awards.↵ Each has distinct allowable expense categories. ESG alone has five activity buckets — street outreach, shelter operations, rapid re-housing, prevention, and HMIS.↵ When a case manager's salary touches multiple grants, the time must be allocated contemporaneously. Month-end reconstructions from memory create the documentation gaps that auditors flag.↵ HUD's Continuum of Care Program awarded approximately $3.16 billion in FY2023 to more than 7,000 projects. ESG distributed $375 million. The compliance load is real.↵ Commingling federal ESG with state housing funds is an audit finding that can trigger repayment demands and loss of future HUD funding. The reconciliation needs to be continuous, not deadline-driven.","#homelessshelters #hudgrants #esg #grantcompliance",apps\site\src\content\vertical-pages\homeless-shelters.md,no
2026-05-03,7,free_resource,"Most development directors at mid-sized nonprofits manage 10-30 active grants. Each grant has its own reporting schedule, format, and renewal timeline. That is 60-100 deadline events per year for an 8-funder portfolio.↵ Missed deadlines do not happen because someone forgot. They happen because the grants manager remembered with three days to go and could not assemble narrative, financial reconciliation, and ED approval in time.↵ Lead time rules that work for a team of 1-3 people: 3 weeks for an interim narrative report, 2 weeks for an interim financial report, 4 weeks for a final narrative, 6 weeks for a new application, 4 weeks before grant end for a no-cost extension.↵ Request financial data from the bookkeeper at least 10 business days before any financial report is due. That accounts for workload, coding questions, and one round of corrections.↵ GrantPipe published a free Grant Reporting Calendar Template covering the full lifecycle, lead time rules, and a RACI for each report.","#grantreporting #deadlines #nonprofitmanagement #freetemplate",apps\site\src\content\lead-magnets\grant-reporting-calendar-template.md,no
2026-05-03,8,comparison_insight,"Blackbaud vs Bloomerang is a comparison between two operating assumptions, not two products.↵ Blackbaud assumes the organization can support more software depth, more services, and longer implementation. Pricing runs $5,000-$15,000+/year with $10,000-$50,000+ implementation fees and a 3-6 month rollout.↵ Bloomerang assumes a leaner team that wants donor workflows working quickly. Pricing is $125-$249/month with no implementation fee and a 1-2 week setup.↵ The shared limitation: both are strongest on donor and fundraising operations. Neither covers post-award grant compliance and restricted fund tracking cleanly out of the box.↵ For a grant-active nonprofit, the migration question is whether the next system reduces operating burden after launch — or whether donors live in one system and grant reporting still lives in another.↵ The reporting walkthrough in the demo reveals that gap faster than any feature comparison.","#blackbaud #bloomerang #nonprofitcrm #grantcompliance",apps\site\src\content\comparisons\blackbaud-vs-bloomerang.md,no
2026-05-03,9,question_post,"A grants manager at a mid-sized nonprofit typically owns 10 to 40 active awards across HHS, USDA, DOJ, state pass-throughs, and private foundations.↵ The Center for Effective Philanthropy found reporting alone consumes 6 to 8 hours per grant per year. Cumulative compliance effort reaches 30+ hours per grant over its life.↵ A grants manager running on spreadsheets realistically handles 15 to 25 active awards before the reconciliation work breaks. Purpose-built compliance software roughly doubles that capacity.↵ GAO's April 2024 analysis (GAO-24-106173) linked 17% of federal award spending from 2017-2021 to severe, persistent Single Audit findings — almost always traceable to fragmented record-keeping rather than intentional misuse.↵ Question for grants managers reading this: what is the portfolio size where your current setup stops scaling, and what breaks first — the reporting calendar, the drawdown reconciliation, or the audit binder?","#grantsmanager #nonprofitfinance #singleaudit #compliance",apps\site\src\content\personas\grants-managers.md,no
2026-05-03,10,product_insight,"NTEN's 2024 Security Survey found 46% of nonprofits reported a data breach or unauthorized access incident in the past three years. Improper access controls were the leading contributing factor.↵ Salesforce NPSP implementations average $15,000-$50,000 in consulting fees just for permission and security model configuration. The platforms are flexible, but configuring them correctly requires expertise most nonprofit operations staff do not have.↵ The result: organizations leave default permissions in place because locking it down requires a consultant.↵ GrantPipe uses three roles — Admin, Editor, Viewer — that cover every legitimate access pattern for nonprofit operations. Role assignment is two fields and takes effect immediately. No support ticket, no setup project.↵ Board members get Viewer access for dashboards. Program staff get Editor access to update grant milestones. The audit trail logs every create, edit, and delete by user and timestamp.↵ Staff turnover at nonprofits runs 20-30% annually. Simpler permission systems handle the recurring deprovisioning work more reliably.","#nonprofitcrm #permissions #datasecurity #grantpipe",apps\site\src\content\features\role-based-permissions.md,yes
2026-05-04,1,STAT_BOMB,"The 2024 OMB revision raised the Single Audit threshold to $1,000,000 — effective for fiscal years ending September 30, 2025 or later.↵ That change matters for how organizations track federal expenditure totals, not just whether they file. The threshold applies across all federal awards combined, not per grant. An organization holding three federal awards totaling $980,000 is below the line. At $1,000,001, a licensed independent auditor must complete and submit the Single Audit package to the Federal Audit Clearinghouse within 9 months of fiscal year end.↵ The same revision raised the de minimis indirect cost rate from 10% to 15% under 2 CFR 200.414 — a meaningful shift for organizations that have never negotiated a rate with a cognizant federal agency.↵ Organizations near the threshold should track cumulative federal expenditures by award, not just by program budget. Crossing the threshold mid-year triggers the Single Audit obligation for the entire fiscal year, not just the portion spent after crossing.↵ GrantPipe surfaces cumulative federal expenditure totals across all active awards so compliance staff see the threshold approach before the obligation lands.",#grantcompliance #uniformguidance #federalgrants #singleaudit #nonprofitfinance,appssitesrccontentguidesederal-grant-reporting-requirements.md,yes
2026-05-04,2,MYTH_BUSTER,"Myth: entering the grant award amount in your system means the award is set up.↵ What most organizations actually enter: a grant name, a dollar total, and a due date. That is not a grant setup — it is a note.↵ A complete grant record has the project period start and end dates from the Notice of Award (not the application), the approved budget broken down by category, the restriction type, every reporting deadline for the full performance period, and the program officer contact. It also needs the accounting system grant code that links expenditures to this award in the GL.↵ The most common error in setup is using the application budget instead of the approved budget. Funders modify budgets at award time. An application that asked for $50,000 in personnel may be awarded with $42,000 in personnel and the remainder cut entirely. If the system holds the application budget, every budget-vs-actual report for the life of the award is wrong.↵ The hour invested in a complete setup at week one eliminates a recurring compliance debt that compounds across every expenditure, every report, and every audit.",#grantmanagement #grantcompliance #nonprofitfinance #postwardcompliance,appssitesrccontentguideshow-to-set-up-a-new-grant-award-in-your-system.md,no
2026-05-04,3,WORKFLOW_STEP,"Program income Step 3 under 2 CFR 200.307: establish the tracking ledger before any income-generating activity begins.↵ Program income is gross income earned by the grantee that is directly generated by activities supported by the federal award. Patient fees at a federally-funded clinic. Admission to a grant-funded training program. Rental of a federally-funded facility. The revenue is federal money earned under the award's authority — not unrestricted income, not a donation.↵ The ledger tracks the award number, income source description, date earned, amount, and cumulative total by period. Each of those fields is there because the Federal Financial Report SF-425 asks for cumulative program income earned and expended on Lines 10 and 10a — and auditors testing Single Audit compliance cross-reference those lines against the accounting records.↵ Program income deposited into the general operating account without a separate tracking mechanism becomes unrecoverable within 30 days. The accrual basis applies: record when earned, not when collected. A patient visit on September 30 generates program income on September 30 regardless of when the insurance payment arrives.↵ Under 2 CFR 200.307(e)(1), deductive treatment is the default when the award is silent on disposition. Plan the election at award time — changing it mid-award requires written federal agency prior approval.",#programincome #federalgrants #grantcompliance #2cfr200 #uniformguidance,appssitesrccontentworkflowsprogram-income-reporting.md,no
2026-05-04,4,TERM_EXPLAINED,"Net assets without donor restrictions is not the same as cash available.↵ Under FASB ASC 958-210-45, every nonprofit's net assets fall into one of two classes: with-donor-restrictions or without-donor-restrictions. The without-restrictions class includes unrestricted contributions, program service revenue, government contract revenue, investment returns on unrestricted funds, and board-designated amounts. It is the default — funds land here unless a donor has imposed explicit conditions.↵ The term replaced ""unrestricted net assets"" through FASB ASU 2016-14, effective for fiscal years beginning after December 15, 2017. The substance is identical; only the label changed. Using ""unrestricted net assets"" in an audited financial statement is now an error.↵ Board designations are the classification that creates the most confusion. A board that votes to designate $250,000 as an operating reserve has created an internal allocation — not a donor restriction. The board can rescind it by resolution at any time. That $250,000 remains within net assets without donor restrictions, disclosed in the footnotes, not moved to a separate net asset class.↵ FASB ASU 2016-14 added a required liquidity and availability footnote precisely because a $2 million without-restrictions balance may consist largely of fixed assets, vehicles, and long-term receivables. The footnote surfaces what is genuinely accessible within 12 months. High unrestricted net assets without the liquidity footnote tells auditors and board members almost nothing.",#nonprofitaccounting #fasbasc958 #restrictedFunds #nonprofitfinance,appssitesrccontentglossaryet-assets-without-donor-restrictions.md,no
2026-05-04,5,TOOL_TEARDOWN,"Network for Good was acquired by Bonterra in 2022, alongside EveryAction, CommunityForce, and Social Solutions.↵ Before the acquisition, pricing was published in tiers. After the acquisition, pricing moved to a custom contract model requiring a demo. Reviews written before 2022 describe a different product structure than what current prospects encounter in a sales conversation.↵ What the platform does: fundraising pages, peer-to-peer campaigns, donor email tools. What it has never done: grant prospect tracking, restricted fund management, grant budget-versus-expenditure tracking, or compliance report generation. These were not features removed at acquisition — they were never part of the product.↵ Transaction fees may apply on processed donations in addition to the subscription cost. The specific fee structure is part of the negotiated contract, not disclosed publicly.↵ For nonprofits whose primary activity is campaign-based fundraising with no grant compliance requirements, the product is coherent. For organizations receiving restricted foundation or government grants, grant compliance still lives elsewhere — usually in a spreadsheet.↵ The evaluation question is not whether the platform works for fundraising. It is whether your organization's workflow requires a system that handles restricted grant compliance alongside donor management, or two separate systems with manual reconciliation between them.",#nonprofitcrm #grantmanagement #fundraising #nonprofittechnology,appssitesrccontentalternativesetwork-for-good-alternative.md,no
2026-05-04,6,VERTICAL_HOOK,"VAWA grantees cannot maintain grant files that link identifiable survivor information to service records accessible to outside reviewers.↵ That requirement is not a suggestion from a program officer. The confidentiality provisions of the Violence Against Women Act are statutory — they prohibit shelters from disclosing personally identifying survivor information without informed, written, reasonably time-limited consent. Critically, confidentiality extends into the grant record itself.↵ This creates a specific data architecture requirement for domestic violence shelters: program tracking systems must report aggregate service data to funders without exposing individual case records. VOCA performance reporting requires aggregate counts of victims served by crime type, services provided by category, and demographic data. OVW semiannual progress reports through GMS require similar aggregate documentation. Neither accepts individual survivor records.↵ Most shelters operate with VAWA, VOCA, and FVPSA grants simultaneously. Each has different period of performance dates, different allowable cost categories, and different reporting timelines. VOCA funds are typically capped at 10% for administrative costs. Time for a shelter director whose salary is split across VAWA, VOCA, and operating funds must be documented separately for each funding source.↵ Using a single case management database for both service delivery and grant compliance tracking creates the linkage that the VAWA confidentiality provisions prohibit. The compliance architecture and the service delivery architecture must be designed separately from the start.",#domesticviolence #vawa #victimservices #grantcompliance #nonprofitcompliance,appssitesrccontentertical-pagesdomestic-violence-shelters.md,no
2026-05-04,7,FREE_RESOURCE,"Grant compliance failures happen after the award, not during the application.↵ The obligations begin the moment the grant agreement is signed. Spending restrictions, reporting cadences, documentation standards, and time tracking requirements are all active before the first dollar is spent. Most mid-sized nonprofits discover the scope of those obligations when the first report is due, not when the award letter arrives.↵ The Nonprofit Grant Compliance Checklist covers the post-award sequence: reading the award letter before any spending begins, setting up restricted fund tracking in the accounting system, calendaring every reporting deadline immediately, implementing time documentation for grant-funded staff, and running budget-vs-actual comparisons monthly. It also covers the warning signs that the current system is approaching its limits — spreadsheets typically break at three to five active grants with different fiscal years and staff splitting time across programs.↵ The threshold at which a dedicated system replaces the spreadsheet is around $500,000 in grant revenue or three active grants managed simultaneously.↵ The checklist is free at grantpipe.com/free/grant-compliance-checklist.",#grantcompliance #nonprofitfinance #postwardcompliance #grantmanagement,appssitesrccontentlead-magnetsgrant-compliance-checklist.md,no
2026-05-04,8,COMPARISON_INSIGHT,"Keela ($99–$299/month) and Bloomerang ($125–$249/month) compete directly in the mid-market nonprofit CRM space. Both are cloud-native. Both position as simpler alternatives to Salesforce and Blackbaud.↵ Keela's differentiator is a modern interface and marketing automation included at base pricing. Bloomerang's differentiator is a donor retention analytics dashboard that tracks retention rates, identifies at-risk donors, and surfaces giving frequency patterns. Per the Fifty & Fifty 2025 Nonprofit Peer Report, only 33.3% of nonprofits rate their CRM as effective — 20.1% find them outright ineffective.↵ The shared gap between Keela and Bloomerang: neither provides grant lifecycle management or restricted fund compliance tracking. Keela has basic grant recording — deadline tracking, not compliance. Bloomerang has minimal grant features. Organizations that receive restricted foundation or government grants still need a separate system for grant compliance regardless of which of these two they choose.↵ Choosing between them based on donor management features is a coherent evaluation for fundraising-primary organizations. Adding the grant compliance layer changes the comparison entirely — because neither platform eliminates the need for a separate compliance workflow.",#nonprofitcrm #grantmanagement #keela #bloomerang #nonprofittechnology,appssitesrccontentcomparisonskeela-vs-bloomerang.md,no
2026-05-04,9,QUESTION_POST,"Development directors at $2M–$10M nonprofits typically carry 40 to 120 major donor prospects in active moves management alongside 8 to 25 active grants at any given time.↵ The Fundraising Effectiveness Project has reported sector-wide donor retention between 40 and 45 percent every year for over a decade. The cause is rarely appeal quality. It is the failure to follow up the second gift, track the lapsed-donor list, or notice when a multi-year pledge is 90 days overdue. These are operational failures — ones that fragmented tooling makes routine.↵ Most development directors run four systems that do not talk to each other: a donor CRM for gift history, a spreadsheet for the grant pipeline, QuickBooks for restricted fund balances, and a slide deck for the board that requires manually joining all three. Reconciling across those systems to build a board packet consumes 4 to 8 hours per cycle. If the CFO's numbers and the development report disagree, the development director explains it at a board meeting.↵ The job that needs doing is not complicated: moves management, grant pipeline, restricted fund visibility, and board-ready reporting from one source of truth.↵ What does a typical board packet preparation look like at your organization — and where does the reconciliation time go?",#developmentdirectors #fundraising #nonprofitoperations #grantmanagement,appssitesrccontentpersonasdevelopment-directors.md,no
2026-05-04,10,PRODUCT_INSIGHT,"Foundations cite inconsistent reporting compliance as the most common non-programmatic reason for declining grant renewals, according to a 2023 Candid funder survey.↵ The Federal Audit Clearinghouse data shows approximately 60% of Single Audit submissions arrive after the 30-day submission window. Late reporting is the top corrective action trigger in HHS Office of Inspector General findings. Development staff at mid-sized nonprofits spend an estimated 15–20% of their time on grant compliance administration, including deadline tracking, per NTEN benchmarking.↵ A grant deadline missed because it lived in an Outlook calendar that was not updated when a grant was amended is a compliance finding. A report submitted late because the finance contact did not know the drawdown window was closing is a compliance finding.↵ GrantPipe's grant calendar consolidates application deadlines, reporting deadlines, drawdown windows, and compliance milestones for every active grant into one view. Alerts fire at 30, 14, 7, and 1 day before each deadline by default — configurable per deadline, per funder. When a grant record is updated, the calendar updates. Reporting schedules generate automatically on award, calculated from the grant record rather than manually entered into a shared calendar someone must remember to check.↵ A single missed grant report can cost more than a year of software. See how the calendar works at app.grantpipe.com/signup.",#grantcompliance #grantmanagement #nonprofitfinance #deadlinetracking #grants,appssitesrccontenteaturesgrant-calendar-deadline-alerts.md,yes
2026-05-05,1,STAT_BOMB,"Salesforce licensing is 5–15% of what mid-sized nonprofits actually pay to run it.↵↵The rest lands in implementation ($25,000–$50,000), ongoing admin retainers ($18,000–$60,000/year), AppExchange apps ($2,000–$10,000/year), and integration connectors that cost $4,000–$8,000 to set up and $1,500–$4,000/year to keep running.↵↵Three-year total cost of ownership for a nonprofit with 20–50 staff: $75,000–$275,000. Moderate estimate: $150,000–$180,000.↵↵The average nonprofit CRM takes 16.95 months to show ROI — longer than the typical 11.5-month contract. Which means most organizations are locked into renewals before they know whether the platform works for them.↵↵60–70% of implementations exceed their initial budgets.↵↵This is the math behind why so many nonprofits feel stuck with enterprise platforms they cannot fully use. The entry price was affordable. The total cost was not.↵↵GrantPipe starts at $329/month. Donor CRM and grant compliance. No implementation fees, no required consultants. If the full TCO math is useful to your board, try the comparison at grantpipe.com.↵↵#nonprofitfinance #crm #grantmanagement #nonprofitleadership",#nonprofitfinance #crm #grantmanagement #nonprofitleadership,apps\site\src\content\guides\nonprofit-crm-total-cost-ownership.md,yes
2026-05-05,2,MYTH_BUSTER,"""We manage grants in spreadsheets and it works fine.""↵↵It works fine for 1–2 simple foundation grants with annual reporting. The failure is usually invisible until it is not.↵↵The most common breakdown: a compliance review or audit reveals that expenditure documentation is incomplete because the spreadsheet was not maintained consistently by whoever owned it last.↵↵The second most common: restricted funds that got commingled with general revenue because spreadsheets cannot prevent it — they can only record it after the fact.↵↵Under 2 CFR 200, federal grants require audit trails that spreadsheets cannot reliably provide. No record of who changed what. No automated check that restricted funds are being spent within approved budget categories. No deadline alert for the funder report that is due in 11 days.↵↵The practical threshold: if you manage 3 or more grants, or any grant with restricted fund requirements, the time spent on manual tracking and reconciliation likely exceeds the cost of dedicated software.↵↵Only 33.3% of nonprofits rate their CRM systems as effective, per the Fifty & Fifty 2025 Nonprofit Peer Report. Most are managing around a tool that does not fit, not with one that does.↵↵#grantcompliance #nonprofitoperations #grantmanagement #restrictedFunds",#grantcompliance #nonprofitoperations #grantmanagement #restrictedFunds,apps\site\src\content\listicles\best-grant-management-software-small-nonprofits.md,no
2026-05-05,3,WORKFLOW_STEP,"A Single Audit finding is not a disaster. A weak Corrective Action Plan response is.↵↵Under 2 CFR 200.511(c), every finding requires a written CAP with five required elements: the finding reference number, the auditee's position (agree or disagree), the specific corrective action, the name and title of the responsible party, and the target completion date.↵↵""Management will strengthen its procurement controls"" does not meet that standard. It will invite awarding-agency follow-up and likely result in additional reporting requirements.↵↵A strong CAP reads like a project plan: ""The CFO will update the procurement policy by May 31, circulate it to all staff with a signed attestation, and provide completed attestations to the audit committee at the June meeting.""↵↵Completion dates should be aggressive but achievable — typically 30 to 180 days. Missed CAP deadlines are themselves a finding risk in the following audit.↵↵Repeat findings in two or more consecutive audits trigger specific conditions under 2 CFR 200.208: prior approval for draws, enhanced monitoring, or high-risk designation. Breaking that pattern often requires more structural change than the first response suggested.↵↵Disagreeing with a finding is legitimate. Unsupported disagreement damages credibility with both the auditor and the awarding agency.↵↵#singleaudit #grantcompliance #federalgrants #nonprofitfinance",#singleaudit #grantcompliance #federalgrants #nonprofitfinance,apps\site\src\content\workflows\respond-to-single-audit-finding.md,no
2026-05-05,4,TERM_EXPLAINED,"Matching funds: the term nonprofits misunderstand most often.↵↵Under 2 CFR 200.306, match contributions must be non-federal, verifiable from your records, necessary and reasonable for the project, allowable under applicable cost principles, and included in the approved budget. All five requirements apply simultaneously.↵↵The most common audit finding: using another federal grant as match. A HUD CDBG grant cannot match a HOME grant. An AmeriCorps award cannot match an HHS program. The prohibition is strict, with narrow statutory exceptions that most nonprofits do not qualify for.↵↵The second most common problem: in-kind match that was not documented contemporaneously. Volunteer hours estimated at year-end based on memory do not satisfy the requirement. Volunteer hours logged weekly, with position descriptions and market rate comparisons, do.↵↵A 1:1 match on a $500,000 federal award means the grantee must contribute $500,000 in non-federal resources — cash, in-kind, or a combination. Falling short is a compliance violation reportable in a Single Audit and can result in a proportional reduction of the federal award.↵↵One more trap: voluntary committed match. If you pledged match beyond the minimum in your application to improve competitiveness, that commitment is legally binding once it appears in the award agreement. An auditor will test it.↵↵#matchingfunds #grantcompliance #federalgrants #uniformguidance",#matchingfunds #grantcompliance #federalgrants #uniformguidance,apps\site\src\content\glossary\matching-funds.md,no
2026-05-05,5,TOOL_TEARDOWN,"Classy is a fundraising platform. GoFundMe acquired it in 2022 for $484 million.↵↵That acquisition context matters for nonprofits making long-term platform decisions. GoFundMe's core business is consumer-to-cause giving on a fee-on-donations model. Classy is being integrated into that strategy.↵↵What Classy does well: peer-to-peer campaigns, Classy Live event ticketing, recurring campaign tools. Genuinely strong for organizations where events and community fundraising are the primary revenue channel.↵↵What Classy does not include: donor relationship management beyond campaign records, grant tracking, restricted fund allocation, or compliance reporting. Organizations using Classy for their full donor program typically run a separate CRM alongside it.↵↵Classy's pricing is not transparent. Mid-sized nonprofits consistently report paying $3,000–$12,000 per year based on G2 and Capterra reviews, plus platform fees on donations that commonly run 2–5% on lower tiers. Both a platform fee and a payment processing fee apply on each transaction.↵↵For nonprofits whose revenue comes primarily from individual major gifts, recurring donors, and grants — rather than event campaigns — the cost calculus changes significantly.↵↵The peer-to-peer tooling is mature. If that is the primary need, Classy is worth a genuine evaluation. If it is not, the gap between what Classy costs and what it covers becomes the real problem.↵↵#nonprofitfundraising #donormanagement #peertopeerfundraising #nonprofittools",#nonprofitfundraising #donormanagement #peertopeerfundraising #nonprofittools,apps\site\src\content\alternatives\classy-alternative.md,no
2026-05-05,6,VERTICAL_HOOK,"WIOA requires tracking employment outcomes at the 2nd and 4th quarter after program exit.↵↵For an organization serving 200 participants per year, that means 400 active follow-up contacts at any given point, each at a different stage of the outcome measurement window.↵↵A participant who exits in January must be tracked in April (2nd quarter) and again in October (4th quarter). These are the metrics that determine whether the organization meets state-negotiated performance targets under WIOA Section 116 — and whether it faces sanctions.↵↵The six primary performance indicators for adult and dislocated worker programs include employment rate at 2nd quarter after exit, employment rate at 4th quarter after exit, and median earnings at 2nd quarter after exit. All measured from the date of program exit.↵↵Organizations that track participants in spreadsheets lose participants to follow-up at higher rates. When auditors and state monitors see low employment rates, they examine whether the rates reflect actual outcomes or tracking failures.↵↵The cost allocation layer adds complexity. A career counselor serving Adult, Dislocated Worker, and Youth programs under WIOA must have time records that support the allocation across all three. Estimated proportions without documentation create findings.↵↵WIOA funds approximately $2.7 billion annually for adult, dislocated worker, and youth employment programs. The data infrastructure requirements are proportional to that accountability.↵↵#WIOA #workforcedevelopment #grantcompliance #federalgrants",#WIOA #workforcedevelopment #grantcompliance #federalgrants,apps\site\src\content\vertical-pages\workforce-development.md,no
2026-05-05,7,FREE_RESOURCE,"Single audit preparation takes months, not the two weeks before fieldwork most organizations actually use.↵↵The federal expenditure threshold is now $1,000,000 — updated effective for fiscal years ending September 30, 2025 or later. Organizations near that threshold should verify which applies based on their fiscal year end date.↵↵Working backward from fiscal year end:↵↵Day 90: Produce a draft SEFA reconciled and accurate before the year closes. Verify Assistance Listing numbers for every award. Identify sub-awards received from pass-through entities. Estimate whether any programs will cross the Type A major program threshold (the larger of $1,000,000 or 3% of total federal expenditures).↵↵Day 60: Confirm time-and-effort records are complete and contemporaneous for all grant-funded personnel. Records dated more than 30 days after the period they cover should be flagged.↵↵Day 45: Confirm subrecipient monitoring records are complete. Verify single audit status for subrecipients with $1,000,000 or more in federal expenditures.↵↵Day 30: Run budget-to-actual reports for each active federal award. Identify any costs that may be questioned before they become audit findings.↵↵Day 14: Compile the documentation auditors will request.↵↵The full 90-day timeline is available as a free PDF at grantpipe.com — including the complete task list for each milestone.↵↵#singleaudit #grantcompliance #nonprofitfinance #auditreadiness",#singleaudit #grantcompliance #nonprofitfinance #auditreadiness,apps\site\src\content\lead-magnets\single-audit-prep-timeline.md,no
2026-05-05,8,COMPARISON_INSIGHT,"Neon CRM opens lower, while GrantPipe starts at $329/month. The gap appears when you activate what you actually need.↵↵Neon CRM is a modular platform. The base product covers donor management. Events, volunteer management, and deeper fundraising tools are add-on modules at additional cost. Grant compliance workflow — restricted-fund tracking, reporting deadlines, expenditure reconciliation — is not a core Neon CRM feature. Accessing meaningful grant coverage through the Neon One ecosystem means purchasing additional products beyond the base subscription.↵↵Mid-sized nonprofits spend an average of 22% of their software budget on add-on modules beyond the base CRM subscription, per the NTEN Nonprofit Technology Workforce Report 2024.↵↵The evaluation approach that reveals the real number: price out the exact features the organization needs before comparing vendor quotes. Ask what the total monthly cost is with grant management, compliance workflow, and restricted-fund tracking included. Then compare that to a flat tier.↵↵Neon CRM wins when events and volunteer management are the primary operational need and grants are minimal. The platform has breadth and a large established user base.↵↵The comparison changes when compliance workflow is the expensive part of the operating model — when development and finance maintain different versions of the funder record and the grants manager is rebuilding status for every leadership conversation.↵↵#nonprofitcrm #grantmanagement #nonprofittechnology #restrictedFunds",#nonprofitcrm #grantmanagement #nonprofittechnology #restrictedFunds,apps\site\src\content\comparisons\grantpipe-vs-neon-crm.md,no
2026-05-05,9,LIST_POST,"Five signs your nonprofit's restricted fund tracking is creating audit risk:↵↵QuickBooks class tracking is the system of record for restricted funds. Class tracking is a reporting filter, not fund accounting. It cannot prevent a transaction from being miscoded to a fund that has been fully expended, and it cannot generate a statement of financial position for a single fund.↵↵Finance staff spend 8–15 hours per month on shadow spreadsheet maintenance. That is the median for teams managing 5–10 active grants. At a loaded staff cost of $30–$50 per hour, that is $240–$750 per month in hidden labor costs — before any audit findings.↵↵Restricted fund balances in the spreadsheet do not reconcile to the general ledger at month-end. This is the failure mode auditors see most often: two sources of truth that diverge over time and cannot be traced.↵↵Funder reports require pulling data from three systems and reformatting in a template that may have changed since the last report cycle. GAO consistently cites late and missing grantee financial reports as a recurring compliance deficiency; the cause is almost always assembly time, not missing information.↵↵No one can explain who changed what in the restricted fund records. The spreadsheet has no audit trail. Anyone with file access can modify restricted fund balances without a log entry.↵↵Each of these is a management letter comment waiting to happen. Several together are a qualified opinion risk.↵↵#nonprofitaccounting #restrictedFunds #fundaccounting #grantcompliance",#nonprofitaccounting #restrictedFunds #fundaccounting #grantcompliance,apps\site\src\content\listicles\best-nonprofit-accounting-tools-finance-staff.md,no
2026-05-05,10,PRODUCT_INSIGHT,"Funder reports are late almost never because the deadline was missed. They are late because assembly takes longer than the reporting window.↵↵The financial figures live in the accounting system. The programmatic outputs live in a document the program director wrote last month. The funder's template is a PDF the grants manager is hand-filling. Someone needs to reconcile them before anything goes out.↵↵2 CFR 200.328 requires federal grantees to submit performance reports at intervals set by the awarding agency — typically quarterly or annually. The Council on Foundations reports that approximately 75% of grantmakers require grantee reports at least annually, with quarterly common for larger awards. That is a sustained reporting cadence that does not compress during busy seasons.↵↵GrantPipe's funder reporting templates hold the exact format each funder expects, pull financial figures from the restricted fund ledger and programmatic data from custom fields, substitute variables like award ID and reporting period, and render to PDF or funder-portal-ready CSV on a scheduled date.↵↵SF-425, Grants.gov standard formats, and common community foundation templates ship by default. Custom templates are a one-time setup per funder, versioned so format changes do not corrupt historical records.↵↵The narrative sections remain human-written — because those are the part that should be. The numbers and structure are automatic.↵↵The reporting package rebuilt from scratch for every cycle is the problem. Templates render it once and repeat it reliably. Try GrantPipe free at app.grantpipe.com/signup.↵↵#grantreporting #nonprofitcompliance #grantmanagement #funderreporting",#grantreporting #nonprofitcompliance #grantmanagement #funderreporting,apps\site\src\content\features\funder-reporting-templates.md,yes
2026-05-06,1,STAT_BOMB,"1,400 Section 330 grantees served 31.5 million patients in 2023 — each one subject to 19 program requirements, an annual UDS report due February 15, and an Operational Site Visit that tests all three compliance systems simultaneously.↵↵91 percent of health center patients had incomes at or below 200 percent of the federal poverty guidelines in UDS 2023 — the same population the sliding fee discount program is legally required to cover under Compliance Manual Chapter 9.↵↵FTCA deeming, credentialing files, board composition, and UDS data quality are not independent checklists. They are cross-referenced against each other during every OSV.↵↵Missing documentation at any of the 19 requirements generates a condition requiring corrective action within a defined timeframe.↵↵UDS data quality is particularly unforgiving: HRSA cross-references reported clinical quality measures against sampled patient records. A measure that cannot be substantiated at the site visit is a finding — regardless of what the February 15 submission said.↵↵GrantPipe tracks restricted funds by HRSA funding stream and grant reporting calendars keyed to UDS deadlines. If your health center is managing Section 330 compliance across disconnected spreadsheets, the risk is structural, not operational. Start a trial at grantpipe.com/signup.",#hrsa #sectionn330 #fqhc #grantcompliance #nonprofitfinance,apps\site\src\content\guides\community-health-centers-hrsa-330-reporting-guide.md,yes
2026-05-06,2,MYTH_BUSTER,"eCivis is not a nonprofit CRM — it is a government grants administration platform, and the distinction matters before you sign a contract.↵↵Public procurement records show eCivis contracts at $20,000 to $60,000 per year for state and local government agencies, with implementation fees often quoted at $10,000 or more. That pricing reflects the buyer it was designed for.↵↵The product's core workflows reflect government grant administration: subrecipient monitoring, pass-through fund management, federal opportunity prospecting. Those are legitimate capabilities — for a county grants office.↵↵For a mid-sized nonprofit managing a diversified funding mix of federal grants, foundation awards, and individual donors, eCivis addresses one slice of the problem at enterprise cost and leaves donor CRM entirely unaddressed.↵↵Customer reviews and procurement records describe 90 to 180 day rollouts with dedicated IT and project management. Most nonprofits with $500K to $10M in annual budget do not have that capacity available.↵↵The practical test: if you are a nonprofit (not a government agency) and you need both grant compliance and donor relationship management, you are buying a tool designed for a different buyer type. Evaluate alternatives before the sales call.",#federalgrants #grantmanagement #nonprofitoperations #grantsoftware,apps\site\src\content\alternatives\ecivis-alternative.md,no
2026-05-06,3,WORKFLOW_STEP,"Booking a pledge write-off as bad debt expense is one of the most common accounting errors in nonprofit finance — and under FASB ASC 958, it is wrong.↵↵The correct entry debits the allowance for uncollectible pledges and credits the pledge receivable. The write-off reduces the contra-asset and eliminates the receivable. It does not create a new expense on the Statement of Activities.↵↵This matters because most accounting staff coming from for-profit environments do exactly the opposite. The for-profit instinct is a debit to bad debt expense — which is not the correct account under ASC 958-605.↵↵The complication is the allowance itself. If the organization set the allowance to zero when the pledge was recorded, the write-off has nowhere to absorb: it becomes a direct charge to contribution revenue, reducing the current period's reported contributions.↵↵Multi-year pledges add a second entry that gets missed: the unamortized present-value discount attributable to the written-off portion must also be eliminated per ASC 958-605-30-6. Leaving the discount in place after the receivable is gone overstates the discount contra-asset.↵↵Auditors testing pledge receivables will sample write-offs and look for: the original pledge documentation, payment history, collection effort evidence, the collectibility assessment memo, and approval at the threshold specified in your policy.↵↵What dollar threshold triggers board approval at your organization for a write-off decision?",#fasbasc958 #nonprofitaccounting #pledgemanagement #auditreadiness,apps\site\src\content\workflows\pledge-write-off.md,no
2026-05-06,4,TERM_EXPLAINED,"The SF-425 Federal Financial Report is not a routine form. It is a compliance obligation submitted under the False Claims Act, and one specific error accounts for most of the findings it generates.↵↵Line 10f — Federal Share of Expenditures — must show cumulative expenditures for the entire period of performance, from day one of the award through the last day of the reporting period. Not just the current quarter. Cumulative.↵↵If your grant started October 1 and you are submitting the March 31 quarterly report, line 10f must show total expenditures from October through March. An agency receiving reports that appear to show expenditures declining or fluctuating rather than steadily accumulating will flag the discrepancy.↵↵The final SF-425 is due no later than 120 calendar days after the period-of-performance end date. Some agencies specify shorter deadlines in the notice of award. The final report must reconcile exactly to your general ledger — a discrepancy is a compliance finding in the financial reporting area of a single audit and prevents award closeout.↵↵Line 10g (unliquidated obligations) should be zero on the final report: all obligations should be liquidated before submission.↵↵Line 10j (program income) requires reporting and accounting for any gross income earned directly as a result of federally funded activities, per the method specified in the award.↵↵A wrong number on the SF-425 is not a clerical error in a program monitor's view. It is a finding.",#sf425 #federalgrants #grantreporting #uniformguidance #grantsmanagement,apps\site\src\content\glossary\sf-425.md,no
2026-05-06,5,TOOL_TEARDOWN,"DonorPerfect has a 93 percent customer retention rate and an average customer tenure of 13 years. Those numbers are real. They also explain why the pricing and feature gaps do not get fixed faster.↵↵The grant tracking gap is specific: DonorPerfect covers deadline alerts, fund designations, and grant status fields. It does not track actual expenditures against a grant budget line by line, flag over-expenditure on restricted funds, or produce audit-ready reports showing funders how their money was spent.↵↵Organizations receiving federal grants or multi-year restricted foundation grants typically handle compliance documentation outside DonorPerfect — in a spreadsheet, a separate grants management system, or with an accountant managing fund restrictions manually in the accounting software. That is the standard workaround. It works until an audit.↵↵The pricing structure compounds the issue: DonorPerfect has three named tiers (Core, Plus, Pro) but does not publish dollar amounts. Phone support is Plus and Pro only; Core is limited to chat. A renewal conversation without a public price anchor gives all negotiating leverage to the vendor's side.↵↵Nearly half of nonprofits are considering switching CRMs in the next 12 months, up from just 10 percent the year prior, according to the Omatic 2025 Nonprofit Integration Report. The driver cited is feature gaps and growth — not cost.↵↵The question worth asking before renewal: what does DonorPerfect plus your separate compliance system cost annually, combined?",#donormanagement #nonprofitcrm #grantcompliance #restrictedFunds #nonprofitfinance,apps\site\src\content\alternatives\donorperfect-alternative.md,no
2026-05-06,6,VERTICAL_HOOK,"USDA Rural Development administers over $20 billion in loans, loan guarantees, and grants annually across three mission areas — and each program has its own authorizing statute, compliance requirements, and eligible activity definitions.↵↵A nonprofit managing Community Facilities grants, Rural Business Development Grants, and REAP energy grants simultaneously is not managing one compliance framework. It is managing three, on top of standard 2 CFR 200 Uniform Guidance.↵↵The geographic eligibility problem compounds this: all USDA Rural Development programs require that funded activities benefit rural areas, defined by population thresholds that vary by program. Communities near urban boundaries can lose eligibility between decennial census updates. Rural area eligibility is not a one-time determination — it is an ongoing documentation obligation.↵↵EDA Public Works grants add a multi-year tracking requirement on top: job creation and private investment outcomes must be documented at specific intervals, typically five years after project completion. A grant that closed five years ago still has reporting obligations.↵↵Rural development nonprofits often face this compliance burden with two or three administrative staff covering multi-county service areas. The documentation requirements were written for program densities that do not reflect rural operational reality.↵↵What compliance infrastructure does your rural development organization have in place for geographic eligibility documentation across multi-county programs?",#ruraldevelopment #usdagrants #eda #grantcompliance #nonprofitoperations,apps\site\src\content\vertical-pages\rural-development-nonprofits.md,no
2026-05-06,7,FREE_RESOURCE,"CRM migrations fail at the field mapping step or the data quality step — not the software step.↵↵The field mapping problem is structural: every data element in the source system needs a documented destination in the target, a defined transformation if formats differ, and a validation rule that confirms the migration succeeded. Skip that step and the errors surface after go-live, when fixing them disrupts live operations.↵↵The data quality problem is older than the migration. Most source systems contain years of accumulated quality problems — duplicate contacts, blank required fields, inconsistent fund designation naming, phone numbers in five formats — that transfer directly into the new system if not addressed first.↵↵The pre-migration data audit should take two to three weeks. Target zero duplicate contacts by primary identifier. Run a report of records where required fields are blank in the target system. Establish a merge rule for duplicates before you start. Decide which records to migrate (active donor records, five to seven years of giving history, active grants) versus exclude (closed grants older than five years, test records, deprecated fields with no current use).↵↵Post-migration validation requires record count reconciliation, a random sample of 20 donor giving histories, and financial validation confirming total giving history in the target matches the source for the same period.↵↵A free CRM migration data map template — with field-level mapping tables, transformation documentation, and validation checklists — is available at grantpipe.com. No form required.",#crmmigration #nonprofitcrm #datamanagement #donormanagement,apps\site\src\content\lead-magnets\crm-migration-data-map-template.md,no
2026-05-06,8,COMPARISON_INSIGHT,"Keela and Little Green Light occupy the same tier of the nonprofit CRM market and solve different versions of the same problem. The decision is simpler than most comparison posts make it.↵↵Little Green Light: $45 to $119 per month, flat-rate pricing regardless of contact count, solid donor management, dated interface, zero grant management at any tier. The absence is complete — no status tracking, no funder records, no deadline alerts.↵↵Keela: $99 to $299 per month, pricing scales with contact volume, modern interface, built-in email marketing, a basic grant tracking module that covers status and deadlines. The grant module is a genuine differentiator — but covering status and deadlines is not covering compliance. There is no restricted fund expenditure tracking, no audit trail tied to specific grants, no compliance report.↵↵Only 33.3 percent of nonprofits rate their CRM systems as effective, according to the Fifty & Fifty 2025 Nonprofit Peer Report. The most common failure mode is not the CRM they chose — it is that every grant-related workflow lives outside the system they chose.↵↵Both platforms leave that gap unaddressed. If your organization manages three or more active grants with restricted use provisions, the total cost of the CRM plus the separate compliance workaround typically exceeds $2,000 per year in either direction before you count staff hours.↵↵The practical question for an executive director evaluating these two: is grant compliance a current operational accountability, or a future one? The answer usually determines the right tier.",#nonprofitcrm #keela #littlegreenlight #grantmanagement #nonprofitoperations,apps\site\src\content\comparisons\keela-vs-little-green-light-eds.md,no
2026-05-06,9,LIST_POST,"10 nonprofit CRMs evaluated for grant management. Most of the list disqualifies itself in one sentence.↵↵Bloomerang: no grant management. Strong donor retention analytics, but if you win a $500,000 restricted grant, Bloomerang cannot track where those dollars go.↵↵Neon CRM: basic grant record-keeping. No post-award compliance, no restricted fund tracking. Works for organizations where grants are under 20 percent of revenue.↵↵Keela: basic grant tracking — status and deadlines. Federal grant recipients will find this insufficient for compliance documentation.↵↵DonorPerfect: custom fields configurable for grant tracking. No compliance automation. Every tracking decision depends on staff discipline.↵↵Virtuous: no grant management module. Built for scaling individual donor relationships through automation.↵↵Instrumentl: grant discovery and pre-award pipeline management. No donor CRM, no post-award compliance. Typically paired with a second system, which recreates the reconciliation problem.↵↵Foundant GrantHub: application tracking and funder research. Post-award compliance features are basic.↵↵Blackbaud Raiser's Edge NXT: grant management via add-on modules requiring configuration. $5,000 to $15,000-plus annually, quote-based.↵↵Salesforce NPSP: configurable for full grant compliance if you spend $30,000 to $100,000 in implementation and maintain a dedicated admin or ongoing consultant.↵↵The pattern: donor CRMs and grant management are separate product categories that most platforms have not unified. For nonprofits managing three or more active restricted grants, that separation creates a recurring reconciliation cost.↵↵What is the compliance documentation workflow at your organization when a funder requests an expenditure report?",#nonprofitcrm #grantmanagement #restrictedFunds #nonprofitfinance #grantsoftware,apps\site\src\content\listicles\best-nonprofit-crm-with-grant-management.md,no
2026-05-06,10,PRODUCT_INSIGHT,"The AFP Fundraising Effectiveness Project reports overall donor retention at approximately 43 percent sector-wide. New-donor retention runs around 20 to 25 percent. The gap between those two numbers is where most development programs leak.↵↵LYBUNT and SYBUNT lists — Last Year But Unfortunately Not This, and Some Year But Unfortunately Not This — are how development teams operationalize the retention problem. They name the specific donors who are at risk, not the aggregate rate.↵↵The difficulty is not generating the lists. It is generating them accurately: with a consistent fiscal year definition, with recurring gifts rolled up to annualized figures, with suppression applied at export for do-not-solicit and deceased flags, and with the numbers matching whatever the board report said last quarter.↵↵Retention rates are easy to get wrong in three specific ways. First, inconsistent fiscal year definitions across reports. Second, recurring gifts counted inconsistently — some periods treat monthly donors as one donor, others count each payment. Third, snapshot reporting mismatches, where the development director's query returns a different number than the board report because one pulls from a nightly refresh and one queries live records.↵↵GrantPipe computes retention cohorts on live gift history using AFP methodology — overall retention, new-donor retention, repeat-donor retention, and monthly-donor retention — with a single canonical fiscal year definition. Lapse risk scores recompute nightly using each donor's own cadence. LYBUNT and SYBUNT lists apply suppression at export, not after.↵↵Nonprofit Tech for Good found that 51 percent of small nonprofits did not have a written retention strategy despite using a donor CRM. The tool is not the gap. The metrics are. Start a trial at grantpipe.com/signup.",#donorretention #lybunt #nonprofitfundraising #developmentdirectors #grantpipe,apps\site\src\content\features\donor-retention-reporting.md,yes
2026-05-07,1,STAT_BOMB,"Salesforce licensing is only 5-15% of what a nonprofit actually spends on the platform.↵↵The 3-year total cost of ownership for a mid-sized nonprofit — 20 to 50 staff, 15 to 25 users — runs between $75,000 and $275,000.↵↵The real cost drivers are not licenses. They are the implementation consultant ($25,000-$50,000), the ongoing admin retainer ($18,000-$60,000 per year), AppExchange apps ($2,000-$10,000/year), and integration connectors.↵↵According to G2's nonprofit CRM ROI analysis from 2025, the average nonprofit CRM takes 16.95 months to show measurable ROI — longer than the typical 11.5-month contract length.↵↵More than one-third of nonprofit CRM users waited 13 or more months before seeing ROI. And 60-70% of implementations exceed their initial budgets.↵↵GrantPipe runs $329-$1,079/month with no implementation fees, no required consultants, and donor management plus grant compliance in one place. The 3-year difference is not marginal.↵↵What does your organization's CRM actually cost, all in?",#nonprofitfinance #nonprofitCRM #grantmanagement #restrictedFunds,apps\site\src\content\guides\nonprofit-crm-total-cost-ownership.md,yes
2026-05-07,2,MYTH_BUSTER,"Myth: a nonprofit on cash-basis books can report to federal agencies the same way it reports internally.↵↵Reality: federal grant reporting is accrual-only, under 2 CFR 200.302(b)(3).↵↵The SF-425 Federal Financial Report is the clearest proof. Block 10e captures accrued expenditures — costs incurred but not yet paid. Block 10g captures unliquidated obligations. A cash-basis organization that enters only cash disbursements on Block 10e is underreporting federal expenditures, even if the books look correct internally.↵↵Under FASB ASC 958, audited nonprofit financial statements must also be on accrual. Form 990 preparation follows the same standard.↵↵The practical fix for a cash-basis organization: at each reporting date, identify unpaid vendor invoices, calculate any pay-period proration for accrued wages, isolate grant receivables not yet submitted for reimbursement, and document the cash-to-accrual reconciliation in a worksheet retained with the FFR.↵↵Missing reconciliation worksheets are one of the more reliable indicators of accounting control weaknesses in single audits.↵↵Cash books and federal reporting can coexist. The bridge is documented, repeatable, and auditable.",#grantCompliance #nonprofitAccounting #uniformGuidance #federalGrants,apps\site\src\content\guides\cash-vs-accrual-for-grant-accounting.md,no
2026-05-07,3,WORKFLOW_STEP,"A post-closeout cost transfer on a federal grant requires written authorization from the awarding agency before any journal entry is booked.↵↵That is the step most organizations get wrong: they discover the misposting, assess it, and move the cost — then ask permission. That sequence creates a second compliance problem on top of the original one.↵↵Under 2 CFR 200.344, grantees have 120 calendar days after the period of performance ends to liquidate obligations and submit final reports. A transfer discovered after that window closes is in different territory.↵↵The correct sequence: document the specific cost and why it needs to transfer, confirm whether the 120-day window is still open, notify the federal program officer and grants management specialist in writing, submit a formal prior approval request package with original expenditure documentation, wait for written authorization (typically 30 to 90 days depending on the agency), then book the entry.↵↵If the transfer changes figures on the final SF-425, an amended FFR must be submitted.↵↵Program officers are helpful. Verbal concurrence from a program officer is not written authorization from a grants management specialist. The distinction matters.↵↵Strong monthly reconciliation is the real answer: it catches mispostings while awards are still open.",#federalGrants #grantCompliance #uniformGuidance #nonprofitFinance,apps\site\src\content\workflows\cost-transfer-post-closeout.md,no
2026-05-07,4,TERM_EXPLAINED,"Post-award grant management is not the glamorous half of the grants function. Pre-award — prospecting, writing, submitting — has a clear narrative arc. Post-award is the operational discipline that runs quietly in the background for months or years.↵↵It is also where most compliance failures happen.↵↵Proposals are reviewed before any money moves. The funder evaluates the budget and work plan before making the award. Post-award management happens without that external review layer. Expenditures are approved internally. Documentation is maintained — or not — by staff with many other priorities.↵↵The four phases are setup (entering the award, establishing restricted fund tracking, calendaring all obligations), active management (expenditure approvals, time records, drawdown reconciliation, interim reports), reporting (producing funder-required reports from accumulated data), and closeout (stopping expenditures, reconciling all transactions, submitting final reports, archiving the file).↵↵Setup quality in the first two weeks of an award predicts compliance quality for the entire grant period.↵↵Organizations with strong post-award systems have documented workflows that connect development, program, and finance staff. The typical audit finding is not a fraudulent application. It is a documentation gap that accumulated gradually — time records not collected, budget modifications without required prior approval.↵↵What does your organization's post-award setup process actually look like in week one?",#grantManagement #nonprofitCompliance #restrictedFunds #grantAccounting,apps\site\src\content\glossary\post-award-management.md,no
2026-05-07,5,TOOL_TEARDOWN,"Instrumentl's entry plan starts at $299/month on annual billing. That is the Discover tier: grant discovery, funder research profiles, deadline tracking, and a starter pipeline for up to 3 users.↵↵Proposal collaboration, CRM integrations, and AI-assisted drafting require the Pre-Award tier at $499/month. Spend tracking, accounting integrations, and budget-versus-actual reporting require Full Lifecycle at $999/month.↵↵That pricing structure matters because the product strength lives in prospecting and pre-award execution. If the real bottleneck is finding and qualifying opportunities, the Discover or Pre-Award tier is a reasonable evaluation.↵↵The category it does not cover, even on Full Lifecycle, is donor CRM. There is no recommending-donor record, no restricted-fund operating workflow, and no unified view of donor relationships alongside active grant awards.↵↵For teams evaluating Instrumentl, the honest question is: what is the actual problem we are trying to solve? If it is grant discovery and funder research, Instrumentl directly addresses that. If it is managing the reporting, restricted balances, and compliance cadence after awards are won, the product's strength is upstream of the problem.↵↵Most nonprofits need both. The budget conversation should reflect that this is one tool in a larger stack.",#grantManagement #nonprofitSoftware #nonprofitFinance #grants,apps\site\src\content\pricing-breakdowns\instrumentl-pricing.md,no
2026-05-07,6,VERTICAL_HOOK,"After-school nonprofits managing 21st Century Community Learning Centers grants face a quarterly reporting requirement that no standard donor CRM or general-purpose accounting system was built to handle.↵↵The 21st CCLC program distributed approximately $1.3 billion in federal grants in fiscal year 2023, serving more than 1.7 million students at 6,600 centers operated primarily by nonprofits.↵↵Quarterly attendance reporting requires documentation by school, grade level, and program type — data that lives in a student enrollment database, not a financial system. Annual academic outcome reporting requires teacher survey data, grade progression rates, and test score linkage coordinated with partner schools.↵↵Title I pass-through funds add a second compliance layer. The funding chain runs from the U.S. Department of Education to the state to the local school district to the nonprofit. Each tier adds conditions: allowable use restrictions, district review and approval requirements, reimbursement billing rather than advance payments, and state monitoring visits.↵↵Then there are split grant cycles. School-year programs often run on an academic calendar while summer programs run under a calendar-year or state fiscal-year grant. When those cycles do not align with the organization's fiscal year, every funder report requires manually reconstructing expenditures for a period that crosses fiscal year boundaries.↵↵These are structural compliance challenges, not administrative problems a spreadsheet solves.",#afterSchoolPrograms #nonprofitCompliance #21stCCLC #grantManagement,apps\site\src\content\vertical-pages\after-school-programs.md,no
2026-05-07,7,FREE_RESOURCE,"The SF-425 Federal Financial Report is not complicated. It becomes complicated when the person completing it is working from incomplete data.↵↵The most common errors are predictable. Line 10f — federal share of expenditures — is entered for the current period only, not cumulatively from award inception. Indirect costs are omitted or calculated on the wrong base. Line 10j is left blank when program income was earned during the period. The FAIN is copied from a prior-year award instead of the current notice of award.↵↵Every one of those errors is preventable with the right preparation.↵↵The SF-425 Reporting Checklist from GrantPipe goes through each field line by line: what the field captures, where to get the data, and the most common mistakes. The pre-submission reconciliation section covers how to verify that Line 10f matches the grant-specific expenditure report pulled from the accounting system, confirm indirect costs were calculated at the approved NICRA or de minimis rate, and check that all figures are cumulative — not just the reporting period.↵↵Download it from grantpipe.com. It is free.",#grantCompliance #SF425 #federalGrants #nonprofitFinance,apps\site\src\content\lead-magnets\sf-425-reporting-checklist.md,no
2026-05-07,8,COMPARISON_INSIGHT,"""Grant management software"" describes two different products solving opposite problems, and buyers confuse them constantly.↵↵Submittable is an applicant intake and review platform built for organizations that receive applications — foundations, corporate giving programs, scholarship administrators, regranting intermediaries. The product strength is form building, reviewer assignment, configurable scoring, and application pipeline management.↵↵Most $500K-$10M nonprofits do not receive applications. They apply for grants. They are applicant-side, not grantmaker-side.↵↵An applicant-side development director's problem is not intake workflow. It is: what is the restricted balance on grant #4, which SF-425 is due next quarter, what did the organization report to this funder last year, and how does this grant portfolio map against the donor relationships the major gift officer is managing.↵↵Submittable pricing is quote-based and annually contracted — typically $5,000-$20,000 or more based on nonprofit procurement disclosures. It is a reasonable spend for a grantmaker running open calls. For a grant-receiving nonprofit, the product does not address the operating problem.↵↵The October 2024 Uniform Guidance revision raised the single audit threshold to $1,000,000. That is more organizations managing compliance-intensive federal awards without necessarily knowing which software category addresses post-award obligations.↵↵Buying the wrong category of tool is an expensive mistake that takes months to recognize.",#grantManagement #nonprofitSoftware #uniformGuidance #nonprofitFinance,apps\site\src\content\comparisons\grantpipe-vs-submittable.md,no
2026-05-07,9,LIST_POST,"Five things to confirm before committing to a grant management platform — from a development director's daily workflow, not a feature checklist.↵↵One: does it track restricted fund balances by budget category, not just total award amount? Knowing you have $47,000 remaining in a $200,000 award matters less than knowing how that balance breaks down across personnel, direct costs, and indirect.↵↵Two: does it alert before reporting deadlines, not after? Calendaring SF-425 submissions and programmatic reports at award setup should be the system's job, not yours.↵↵Three: does report generation pull from live transaction data or require manual formatting? If the funder-ready report requires an export, a spreadsheet step, and reformatting, the system is producing raw material, not a report.↵↵Four: does it connect to your donor records, or does grant management require a separate system? Development directors managing both donors and grants who maintain parallel systems rebuild the same organizational story in two places every month.↵↵Five: does it give finance the same visibility it gives development? Grant compliance is a shared function. A tool only the development team can use leaves finance reconciling from exports.↵↵Only 33.3% of nonprofits rate their CRM systems as effective, per the Fifty & Fifty 2025 Nonprofit Peer Report. The gap between effective and merely present is usually one of the five issues above.",#grantManagement #nonprofitSoftware #developmentDirectors #nonprofitFinance,apps\site\src\content\listicles\best-grant-management-software-development-directors.md,no
2026-05-07,10,PRODUCT_INSIGHT,"DAF giving now accounts for approximately 22% of all individual giving in the US, with Fidelity Charitable, Schwab Charitable, and Vanguard Charitable together distributing over $25 billion annually.↵↵For most development teams, those gifts arrive with a note referencing the recommending donor's name — and then get recorded to the DAF sponsor. The recommending donor disappears from the CRM. Their giving history shows nothing. LYBUNT analysis excludes them. Stewardship stops.↵↵Organizations that systematically steward DAF donors as individual donors report 30-40% higher DAF renewal rates in subsequent years, according to DAF Research Collaborative data from 2023.↵↵Soft credit tracking is the mechanism that prevents that gap. The hard credit — the legally recognized donor of record, the entity whose gift appears in Form 990 Line 1 revenue — stays with the DAF sponsor. A soft credit links the attributed donor (the recommending donor) to the gift in their giving history without transferring revenue recognition or creating a duplicate acknowledgment.↵↵The same logic applies to corporate matching gifts. Double the Donation estimates $4-7 billion in matching gift funds go unclaimed annually, partly because attribution tracking is inadequate and employees are never stewarded for their employer matches.↵↵GrantPipe handles this with soft credit records: one gift, one hard credit, one or more soft credits, zero double-counting on the 990. Start a free trial at grantpipe.com.",#nonprofitCRM #donorManagement #DAFgiving #majorGifts,apps\site\src\content\features\soft-credit-tracking.md,yes
2026-05-08,1,STAT_BOMB,"The median nonprofit spends 30+ hours of cumulative staff time managing compliance for a single grant.↵↵That figure comes from the Center for Effective Philanthropy Grantee Perception Reports. It covers reporting, documentation, mid-year reviews, audit prep, and the funder contact work that accompanies each cycle.↵↵Six to eight hours goes to reporting alone, per grant, per year.↵↵Most of that time is not spent on compliance work itself — it is spent reconstructing documentation that should have been current all along.↵↵The organizations that pass audits cleanly do not spend less time on grants. They spend that time differently: a compliance calendar built on day one, restricted fund codes set up before spending begins, expenditure approvals recorded at the time of purchase.↵↵When the documentation is current throughout the grant period, the audit prep is a file pull, not a fire drill.↵↵GrantPipe keeps the compliance trail current throughout the grant period, so you are not rebuilding it before every reporting deadline. grantpipe.com",#grantcompliance #nonprofitfinance #restrictedFunds #grantmanagement,apps\site\src\content\guides\grant-management-best-practices.md,yes
2026-05-08,2,MYTH_BUSTER,"Myth: if a cost is in the grant budget, it is allowable on a federal award.↵↵Under 2 CFR Part 200, every cost charged to a federal grant must pass three separate tests simultaneously. A cost can appear in the approved budget and still be disallowed.↵↵Test 1 — Allowability: the cost must not be explicitly prohibited under 2 CFR 200.420–200.475. Alcoholic beverages (200.423), entertainment (200.438), lobbying (200.450), and fundraising costs (200.442) are never allowable — regardless of what appears in the budget.↵↵Test 2 — Allocability: the grant must have actually benefited from the cost. Charging 100% of a shared cost to one grant when multiple programs benefited is a common allocability error, even when the total amount is small.↵↵Test 3 — Reasonableness: would a prudent person pay this amount for this good or service in the ordinary course of business? Above-market contracted services, procurements without competitive quotes above the micro-purchase threshold, and equipment that exceeds program requirements can produce partial disallowances based on reasonableness alone.↵↵Budget approval does not substitute for any of these three tests. Document each cost on its own merits at the time of the transaction.",#federalgrants #allowablecosts #uniformguidance #grantcompliance,apps\site\src\content\guides\allowable-costs-federal-grants.md,no
2026-05-08,3,WORKFLOW_STEP,"The most common subaward budget modification error is not forgetting to file paperwork. It is approving a change before checking who actually has the authority to approve it.↵↵Under 2 CFR 200.308(e)(4), pass-through entities can approve direct cost transfers across budget categories without federal prior approval — but only when the transfer does not exceed 10% of the total award budget and does not alter the project scope. That threshold is calculated against the total federal award, not the category being modified.↵↵An organization with a $500,000 award can transfer up to $50,000 across categories on its own authority. Beyond that, a written request must go to the federal program officer before the subrecipient incurs costs under the new budget.↵↵Approving first and seeking federal sign-off after is itself a compliance violation. Expenditures incurred under an unauthorized modification may be questioned or disallowed.↵↵The second-most common error: treating a reallocation that funds an activity not in the original scope as a routine budget transfer. If the modified budget funds something new, federal prior approval is required regardless of the dollar amount.↵↵Federal prior approval timelines vary by agency — HHS Grants Management often responds within 30 days; DOJ and HUD can take 60 to 90 days. Build those timelines into every subaward monitoring calendar from award day.",#subawards #passthrough #uniformguidance #grantcompliance,apps\site\src\content\workflows\subaward-budget-modification.md,no
2026-05-08,4,TERM_EXPLAINED,"The OMB Compliance Supplement is the document auditors use to decide what to test in your federal programs. Most nonprofit staff have never read it.↵↵It is published annually by the Office of Management and Budget, organized by federal agency and CFDA/Assistance Listing number. For each significant federal program, it identifies which of 12 standard compliance requirements apply — Activities Allowed, Allowable Costs, Cash Management, Eligibility, Equipment, Matching, Period of Performance, Procurement, Program Income, Reporting, Subrecipient Monitoring, Special Tests and Provisions — and describes exactly what the auditor will examine.↵↵Not all 12 requirements apply to every program. The Supplement designates each requirement as applicable (""A"") or not applicable (""N/A"") for each specific program. Auditors test the applicable ones.↵↵For a nonprofit managing a HRSA health workforce grant under CFDA 93.884, reading the Supplement section for that program tells the organization precisely what documentation it needs to survive fieldwork — before the auditor arrives.↵↵The Supplement is written for auditors, but its most practical use is audit preparation by the organizations being audited. Reading the sections covering your major programs is the most efficient pre-audit activity available.↵↵It is updated annually. Check which version applies to your audit period.",#singleaudit #grantcompliance #uniformguidance #nonprofitfinance,apps\site\src\content\glossary\compliance-supplement.md,no
2026-05-08,5,TOOL_TEARDOWN,"Kindful was acquired by Bloomerang in June 2021. Since then, active product development has moved to the Bloomerang platform. Kindful receives maintenance support. It does not receive new features.↵↵This matters in a specific way for nonprofits evaluating software in 2026: a platform on a frozen roadmap falls behind in ways that compound slowly. Security updates continue. Integrations with modern payment processors and accounting tools drift. New capabilities do not ship.↵↵What Kindful handled reasonably well before the acquisition: donor contact management, giving history, household relationships, acknowledgment letters, and basic integrations with Stripe, PayPal, QuickBooks, and Mailchimp.↵↵What Kindful never addressed: grant management beyond deadline tracking. Restricted fund accounting, expenditure reconciliation against specific grants, and compliance report generation were out of scope. Nonprofits managing more than two or three active grants were doing the compliance work in spreadsheets alongside the CRM.↵↵Bloomerang's pricing for the equivalent tier runs $125–$249/month based on record count. That is the practical migration destination for existing Kindful customers.↵↵The relevant evaluation question is not Kindful vs. Bloomerang. It is whether the replacement platform covers both donor management and grant compliance in one system, or whether you are moving the fragmentation to a different seam.",#nonprofitcrm #donormanagement #grantmanagement #nonprofitsoftware,apps\site\src\content\alternatives\kindful-alternative.md,no
2026-05-08,6,VERTICAL_HOOK,"EPA awarded approximately $3.6 billion in environmental justice grants under the Inflation Reduction Act. Individual nonprofit grants ranged from $100,000 to $20 million.↵↵Each of those awards comes with compliance requirements that go beyond standard nonprofit financial reporting.↵↵EPA grants require environmental outcome metrics alongside financial data — community engagement counts, environmental improvements measured, program reach figures. There is no standard template for these in most nonprofit accounting systems. Tracking outcomes separately from financial records creates reconciliation work at every reporting period.↵↵A significant portion of EPA funding reaches nonprofits through state environmental agencies as pass-through sub-awards. That structure means dual compliance: file reports with the state in the state's format, while maintaining documentation that meets federal audit standards if the award is reviewed at the federal level. Procurement rules, conflict-of-interest policies, and Title VI civil rights compliance requirements flow through from EPA to the sub-recipient.↵↵USDA NRCS conservation grants — particularly through the Regional Conservation Partnership Program, which obligated over $4 billion in FY2023 — add project-phase complexity. Annual financial reports must document expenditures by phase, tied to approved budget line items and conservation plan milestones.↵↵Most environmental nonprofits manage this compliance load with general-purpose tools that were not designed for it.",#environmentalnonprofits #epagrants #grantcompliance #nonprofitfinance,apps\site\src\content\vertical-pages\environmental-nonprofits.md,no
2026-05-08,7,FREE_RESOURCE,"Before issuing a sub-award, the first question to answer in writing is: is this organization a subrecipient or a contractor?↵↵The 2 CFR 200.331 five-factor test determines the classification. Subrecipient indicators include: the entity determines who is eligible for the federal assistance, its performance is measured against federal program objectives, it has programmatic decision-making responsibility, it is accountable for federal compliance requirements, and it uses the funds to carry out its own program.↵↵Contractor indicators are the opposite: the entity provides goods or services in normal business operations, serves many purchasers, operates in a competitive market, and is not subject to federal program compliance requirements.↵↵The classification matters because the monitoring obligations in 2 CFR 200.332 — pre-award risk assessment, ongoing financial report review, documentation desk review for medium/high-risk organizations, site visits for high-risk subrecipients, and fac.gov single audit verification for organizations expending $1,000,000 or more in federal awards — apply to subrecipients, not contractors.↵↵A free subrecipient monitoring checklist covering every step under 2 CFR 200.332 — pre-award risk assessment through file documentation requirements — is available at grantpipe.com/free/subrecipient-monitoring-checklist.",#subrecipientmonitoring #passthrough #uniformguidance #grantcompliance,apps\site\src\content\lead-magnets\subrecipient-monitoring-checklist.md,no
2026-05-08,8,COMPARISON_INSIGHT,"Salesforce's Power of Us program provides 10 free Enterprise Edition licenses to qualifying nonprofits. Those licenses are the beginning of the cost, not the summary of it.↵↵A realistic first-year cost for a mid-sized nonprofit implementing Salesforce NPSP: implementation partner fees ($20,000–$60,000 depending on scope), AppExchange packages for grant management or financial integration ($2,000–$12,000/year), and admin support either internally or externally ($5,000–$20,000). Total first-year cost for organizations at the $500K–$10M budget range commonly lands between $50,000 and $200,000.↵↵A 2024 NTEN survey found that 64% of nonprofits with budgets under $5M reported their Salesforce configuration was not meeting their needs — most commonly because they lacked in-house admin capacity to maintain and improve it.↵↵NPSP includes grant records and deadline tracking. What it does not include is post-award compliance: budget vs. actual tracking against approved grant budgets, restricted fund balance monitoring, and funder-facing financial reports. Getting those capabilities requires purchasing a specialized AppExchange app or building custom functionality — both of which add cost and ongoing admin requirements.↵↵Most mid-sized nonprofits discover this gap after go-live, when the first funder financial report is due.",#nonprofitsoftware #grantmanagement #salesforcenonprofit #nonprofitfinance,apps\site\src\content\comparisons\grantpipe-vs-salesforce-nonprofit-grant-funded-teams.md,no
2026-05-08,9,LIST_POST,"Five questions that separate self-serve donor management platforms from ones that sound self-serve until you try to run them:↵↵Can a staff member change a field label or add a custom attribute without opening a support ticket or writing code? If the answer is no, routine configuration requires outside help within 12–18 months of deployment.↵↵Can the organization migrate donor data from a spreadsheet or legacy CRM without hiring a migration specialist? Most CRM imports fail not because of the tool but because of inconsistent household formatting in the source file — look for a platform that surfaces those errors at preview time, before any record writes.↵↵Does the platform produce a segmented donor retention report — major, mid-level, general — automatically, or does it require a manual export and calculation? Only 33.3% of nonprofits rate their CRM systems as effective, per the 2025 Fifty & Fifty Nonprofit Peer Report. Reporting is where the gap shows up most clearly.↵↵Is grant compliance included, or does managing restricted funds require a second tool? For nonprofits where grants represent more than 25% of revenue, the second tool becomes a weekly reconciliation burden.↵↵What is the first-year total cost, including migration, training, and any supplementary software — not just the subscription? A platform that costs $99/month but requires $30,000 in implementation is not a $99/month platform.",#donormanagement #nonprofitcrm #grantcompliance #nonprofitoperations,apps\site\src\content\listicles\best-donor-management-no-consultants.md,no
2026-05-08,10,PRODUCT_INSIGHT,"Data migration is cited as the top barrier to CRM adoption by 44% of nonprofits that have delayed a software switch — per the Idealware/NTEN State of Nonprofit Data report.↵↵The bottleneck is almost never the platform's import capability. It is inconsistent source data: ""John and Jane Smith"" in one row, ""Smith, John"" in another, gift rows that reference donor records under different email addresses.↵↵GrantPipe's CSV donor import runs validation against the entire file before a single record writes to the database. Every error — missing required fields, unparseable date values, duplicate email addresses, currency formatting mismatches — is surfaced by row and column in a downloadable error report. Fix the source file and re-upload. No partial database states to clean up.↵↵De-duplication compares incoming records against existing donors and against each other. Probable matches are flagged for human review, not automatically merged. You choose whether to merge, skip, or create a new record for each pair.↵↵Giving history imports in the same file or in a separate pass. Custom fields map at import time. For files above 50,000 rows, processing runs in background batches with progress tracking.↵↵Most NPSP-to-GrantPipe migrations using the CSV path complete within one business day. A 5,000-donor file with clean source data typically takes under 30 minutes from export to completed import.↵↵Start a trial at app.grantpipe.com/signup.",#nonprofitcrm #donormanagement #datamigration #grantpipe,apps\site\src\content\features\csv-donor-import.md,yes
2026-05-09,1,STAT_BOMB,"A 30% excise tax applies to the shortfall when a private foundation misses its 5% minimum distribution — and a 100% corrective tax hits if the undistributed income is not distributed in the following year.↵↵The calculation errors that trigger those penalties are almost always in the denominator, not the math.↵↵The distributable amount is 5% of the average fair market value of non-charitable-use assets across the year. Organizations that use only the year-end balance understate it whenever assets grew during the year.↵↵Monthly FMV averaged together is a defensible method under the regulations. Year-end balance only is not.↵↵The form 990-PF reports all of this publicly — investment income, qualifying distributions, and the excise tax calculation. It is one of the more consequential annual filings in nonprofit tax compliance.↵↵GrantPipe documents every grant decision, payment, and qualifying distribution in its activity log — the record auditors and IRS examiners ask for first. Learn more at grantpipe.com.",#nonprofitfinance #privatefoundations #grantcompliance #form990,apps\site\src\content\guides\form-990-pf-private-foundations-guide.md,yes
2026-05-09,2,MYTH_BUSTER,"Myth: Foundant GLM and GrantHub are the same product for different users.↵↵They are three separate products — GLM for grantmakers, SLM for scholarship administrators, and GrantHub for grantseekers — each with separate pricing and separate implementations.↵↵If your organization is both a grantseeker and does some grantmaking, you are buying two subscriptions.↵↵G2 and Capterra reviews place Foundant GLM implementations at 60 to 120 days, with a dedicated project manager required on both sides. Implementation fees run $2,500 to $10,000 on top of the annual subscription.↵↵GrantHub is Foundant's grantseeker product. It tracks applications and deadlines. It does not track restricted fund spend-down, generate audit documentation, or manage donors.↵↵The more important myth: Foundant is the only serious option for nonprofits managing grants. It is built for grantmakers. A grant-receiving nonprofit with a $500K to $10M budget is not the primary buyer that product was designed around.↵↵Knowing the difference before starting a sales conversation saves a quarter of planning time.",#grantmanagement #nonprofitoperations #grantcompliance #nonprofitsoftware,apps\site\src\content\alternatives\foundant-alternative.md,no
2026-05-09,3,WORKFLOW_STEP,"A donor refund in January for a December gift does not just affect the payment processor. It affects the donor's prior-year charitable deduction.↵↵The organization's obligation is specific: issue a correction letter stating the original gift date and amount, the refund date and amount, and the net contribution of zero for a full refund. The letter must note that the refund crossed a tax year so the donor knows to consult their tax advisor about any previously claimed deduction.↵↵Under FASB ASC 958, refunding a restricted gift also requires eliminating the associated donor restriction from net assets. The restricted net asset cannot remain on the books once the cash is returned.↵↵IRS Publication 1771 requires written acknowledgment for contributions of $250 or more. A revised acknowledgment for a refunded gift is not optional — it is what allows the donor to represent their giving accurately on their return.↵↵The CRM update is equally non-negotiable. A refund that is processed in the payment system but not reflected in the donor database inflates LYBUNT and SYBUNT retention metrics, giving totals, and year-end summaries.↵↵What refund procedures does your organization currently have in writing?",#donormanagement #nonprofitfinance #grantcompliance #nonprofitoperations,apps\site\src\content\workflows\donor-refund.md,no
2026-05-09,4,TERM_EXPLAINED,"""Management decision"" has a specific legal meaning in federal grant compliance that differs from ordinary usage.↵↵Under 2 CFR 200.521, a management decision is the written determination issued by a federal awarding agency or pass-through entity in response to a finding from a single audit.↵↵The federal agency has six months from the date the audit is accepted by the Federal Audit Clearinghouse to issue it.↵↵The management decision either accepts the finding as written, modifies its scope, or in rare cases disputes it. For questioned costs, it determines whether those costs are allowable or must be repaid. For internal control or compliance findings, it establishes the required corrective actions and the timeline for completion.↵↵Once issued, the corrective actions become tracked obligations. Status is reported in the Summary Schedule of Prior Audit Findings in every subsequent single audit until the finding is resolved. If the deadline passes and corrections are not complete, the finding may be characterized as a repeat finding in the next audit — treated as more serious than a new finding.↵↵Organizations that disagree have appeal rights, but appeals must generally be filed within 60 to 90 days of receiving the management decision.↵↵Most finance teams know what a finding is. Fewer know exactly what triggers the six-month clock.",#federalgrants #singleaudit #grantcompliance #nonprofitfinance,apps\site\src\content\glossary\management-decision.md,no
2026-05-09,5,TOOL_TEARDOWN,"Little Green Light starts at $39/month for up to 2,500 records. For an all-volunteer organization tracking individual donations, it does what it says it does.↵↵The limitation is not a bug. It is a design choice. Little Green Light is a donor database. There is no concept of restricted versus unrestricted funds. Every dollar is treated the same in the system.↵↵The tipping point is the first restricted grant.↵↵When that happens, LGL users start a spreadsheet for compliance tracking alongside the donor database. Now there are two systems that do not talk to each other. The spreadsheet owner becomes a single point of failure. Monthly reconciliation requires manual export and reconstruction.↵↵Nearly half of nonprofits are considering switching CRMs in the next 12 months, according to the Omatic 2025 Nonprofit Integration Report (600+ respondents). Feature gaps and growth are the primary drivers, not cost.↵↵The math: a nonprofit managing one restricted grant that requires four hours per month of manual compliance tracking is spending $200-$400 in staff time to work around a $39/month tool. The workaround costs more than the upgrade.↵↵The question to ask before any platform decision: which workflows still depend on a spreadsheet owner after implementation?",#nonprofitsoftware #donormanagement #grantcompliance #nonprofitoperations,apps\site\src\content\alternatives\little-green-light-alternative.md,no
2026-05-09,6,VERTICAL_HOOK,"A mid-sized veterans service organization may simultaneously manage VA SSVF grants, DOL Homeless Veterans Reintegration Program funding, and HUD-VASH service contracts — each with different compliance frameworks, performance metrics, and audit standards.↵↵VA SSVF grants require veteran status verification before funds are expended on behalf of any participant. That means a DD-214 or equivalent documentation, income eligibility documentation, and housing status documentation in the case file before the first dollar is charged.↵↵DOL veterans employment grants require something different: tracking job placements, wages at placement, and employment retention at the 2nd quarter and 4th quarter after placement. That is an ongoing data collection obligation that extends months beyond the service period.↵↵When a case manager's time is split across VA-funded and DOL-funded activities, that cost must be allocated to the correct program — documented and defensible under two different compliance frameworks simultaneously.↵↵The VA awarded approximately $490 million in SSVF grants to community organizations in FY2023. The documentation requirements that come with those awards are not incidental to the compliance process. They are the compliance process.↵↵Organizations that cannot produce complete veteran eligibility files during a site visit face findings. The documentation must exist before the auditor asks.",#veteransservices #federalgrants #grantcompliance #nonprofitfinance,apps\site\src\content\vertical-pages\veterans-services.md,no
2026-05-09,7,FREE_RESOURCE,"The five document categories auditors request most often from grant files, in order of frequency:↵↵Time-and-effort records for a sample of payroll periods for grant-funded employees. For employees splitting time across programs, monthly personnel activity reports accounting for 100% of compensated time are required — semi-annual certifications apply only to single-program employees.↵↵Source documents for a sample of direct cost expenditures. Every non-personnel direct expenditure needs a receipt or invoice filed in the grant file, not just in accounts payable.↵↵Competitive bidding or sole-source justification documentation for above-threshold procurement. For federal grants, the solicitation documents, bids received, evaluation records, and award rationale must be in the file.↵↵Subrecipient risk assessments and sub-award agreements. Under 2 CFR 200.332(b), a pre-award risk assessment is required before the sub-award is made — not retroactively.↵↵The general ledger reconciliation underlying the final SF-425. The reconciliation confirming that SF-425 figures match accounting records exactly.↵↵The 3-year retention clock under 2 CFR 200.334 starts from the final expenditure report submission date — not the grant end date.↵↵The full Grant File Audit Checklist (pre-award through closeout and record retention) is available free at grantpipe.com.",#grantcompliance #federalgrants #singleaudit #nonprofitfinance,apps\site\src\content\lead-magnets\grant-file-audit-checklist.md,no
2026-05-09,8,COMPARISON_INSIGHT,"Salesforce Nonprofit Cloud's 3-year total cost of ownership for a mid-sized nonprofit runs $75,000 to $275,000. Blackbaud Raiser's Edge NXT starts at $5,000 to $15,000 per year on multi-year contracts with opaque pricing and common annual increases.↵↵Neither platform ships with grant compliance built in.↵↵Salesforce can be configured to track grants — the restricted fund tracking, compliance automation, and audit reporting layer adds another $10,000 to $30,000 in consultant fees on top of the $30,000 to $100,000 base implementation.↵↵Blackbaud has no native grant lifecycle management. Compliance work still requires separate tools or manual processes regardless of what you pay annually.↵↵For a 10-person team, Salesforce Nonprofit Cloud costs $19,800 per year in licensing alone before implementation. That is the math before a single grant compliance workflow has been configured.↵↵The relevant question is not which enterprise platform is better. It is whether an organization with a $2M annual budget should be spending $75,000 to $275,000 over three years on software that still requires a consultant to manage grant restrictions.↵↵Both platforms are built for large nonprofits with dedicated IT departments. The mid-market is a different calculation.",#nonprofitsoftware #grantcompliance #nonprofitfinance #salesforce,apps\site\src\content\comparisons\salesforce-nonprofit-vs-blackbaud.md,no
2026-05-09,9,LIST_POST,"Five questions that separate a grant compliance system from a grant tracking tool:↵↵Where are restricted balances visible? Can the development director see the available balance remaining in each budget category for each active grant without opening a spreadsheet?↵↵How is documentation attached to spending? Does every expenditure charged to a grant have a path that connects it to a source document — invoice, receipt, payroll record — in the system?↵↵Who sees SF-425 due dates before they become urgent? Is the reporting deadline visible to finance before the week it is due, with the data already organized in the system?↵↵Can finance and development explain the same grant status without translation? Or does finance see one version in the accounting system and development see another in the CRM?↵↵What still depends on a spreadsheet owner after implementation? This question is the most revealing. In most platforms, the answer is still a lot.↵↵Most nonprofit CRMs have added grant tracking in the last five years. Most of them track funder name, award amount, application deadline, and award status. None of those fields constitute a compliance system. The difference is what happens after the award is recorded.↵↵Run these five questions against any platform before purchasing.",#grantcompliance #nonprofitsoftware #restrictedFunds #federalgrants,apps\site\src\content\listicles\best-nonprofit-crm-with-grant-compliance.md,no
2026-05-09,10,PRODUCT_INSIGHT,"When an auditor samples ten grant expenditures, the question is always the same: who approved this allocation, when, and what did it look like before the change?↵↵The organization either produces that evidence or accepts a finding.↵↵GrantPipe's activity log records every create, update, and delete across donors, grants, funds, and allocations with the acting user, a UTC timestamp, and a JSONB diff of before and after values. It is append-only — no user interface or API path to modify an entry.↵↵The retention default meets 2 CFR 200.334, which requires financial records for three years after the final expenditure report is submitted, not the grant end date.↵↵Soft delete preserves records for audit retrieval: a deleted record sets a deleted_at timestamp rather than removing the row. The log records who soft-deleted and when; the underlying record remains available.↵↵GAO's 2024 High Risk Series identifies weak grantee documentation as a recurring finding in federal grant audits. AICPA SAS No. 145 requires auditors to evaluate change logging as part of IT general controls.↵↵An auditor-ready CSV export filters by entity, date range, user, or grant and produces a report in minutes rather than a multi-day reconstruction project.↵↵The evidence packet should exist before auditors arrive, not get assembled after they ask.↵↵Start a free trial at app.grantpipe.com/signup.",#grantcompliance #federalgrants #nonprofitfinance #auditreadiness,apps\site\src\content\features\audit-trail-activity-log.md,yes
2026-05-10,1,STAT_BOMB,"$1.17 trillion in federal award spending from 2017–2021 was linked to audit findings that were both severe and persistent — roughly 17% of all federal award spending during that period.↵↵That figure comes from a GAO April 2024 analysis (GAO-24-106173). It is not a story about fraud. It is a story about documentation failures, commingled restricted funds, and reporting systems that could not keep pace with the compliance obligations attached to the awards.↵↵The most common finding across that span: unallowable or misallocated costs. Expenses charged without verifying grant terms, indirect costs applied inconsistently, budget modifications made without funder approval.↵↵The second most common: cash management violations. Drawing funds too far in advance. Failing to remit interest above $500.↵↵Mid-sized nonprofits are not immune to these findings. The $1,000,000 single audit threshold means many organizations below that number assume they are outside the compliance perimeter. They are not — award-specific reporting requirements apply regardless of size.↵↵Most compliance failures are not negligence. They are the predictable result of managing multiple grants across fragmented systems that were never designed to produce audit-ready documentation.↵↵GrantPipe organizes restricted fund tracking, SF-425 cadence, and compliance documentation in one record. Start a free trial at grantpipe.com.",#grantcompliance #federalgrants #nonprofitfinance #restrictedFunds,apps\site\src\content\guides\grant-compliance-101-for-nonprofits.md,yes
2026-05-10,2,MYTH_BUSTER,"Myth: ""Our CRM handles grants, so we're covered.""↵↵Neon CRM's base platform covers donor management and fundraising. Restricted fund tracking, expenditure reporting tied to individual grants, and compliance documentation are not standard features — they require custom configuration or a separate tool.↵↵This is not unique to Neon CRM. Most donor CRMs were not built for the post-award compliance layer. They track contacts, gifts, and pipelines. They do not track grant budget balances by award, generate SF-425 data, or flag when a budget line is about to be overrun.↵↵The gap shows up during audit season and at grant closeout. Staff need documentation of how restricted funds were spent. A donor CRM without grant compliance functionality cannot produce that documentation without a manual reconstruction.↵↵A mid-sized nonprofit managing both donor relationships and restricted grants needs to know what those two workflows require — and whether the same platform handles both or only one.↵↵Requesting an itemized quote that covers your actual feature list — not just the base subscription — is the only accurate way to budget.",#nonprofittech #grantcompliance #neoncrm #nonprofitfinance,apps\site\src\content\pricing-breakdowns\neon-crm-pricing.md,no
2026-05-10,3,WORKFLOW_STEP,"Under 2 CFR 200.430, employees on multiple federal awards cannot use semi-annual time certification — but most organizations apply it to them anyway.↵↵Semi-annual certification is permitted only for employees working solely on a single federal award or cost objective. An employee working 80% on one federal award and 20% on administrative duties does not qualify. Monthly certification is required for that employee.↵↵Auditors know this rule and test for it by looking at how employees are classified and whether the certification frequency matches the classification. It is one of the most reliable single-audit findings in the personnel cost category.↵↵The correct process: pull a list of every employee with federal grant charges for the period, determine certification frequency based on whether they are single-award or multi-award, distribute certification forms within two weeks of month-end, collect and review for completeness, then reconcile certification percentages to posted payroll allocations.↵↵That reconciliation step — comparing what employees certified against what payroll actually posted — is the control that makes the entire system credible. Filing certifications without reconciling provides no assurance.↵↵Certifications requested 90 days after the period they cover are reconstructions from memory. Auditors can tell the difference.",#federalgrants #timeAndEffort #2CFR200 #grantcompliance,apps\site\src\content\workflows\time-and-effort-certification.md,no
2026-05-10,4,TERM_EXPLAINED,"Form 990 is a public document. That sentence changes how you should think about filing it.↵↵Every officer, director, trustee, and key employee's compensation is disclosed by name in Part VII. The five highest-compensated employees earning over $100,000 are also listed. A mid-sized nonprofit with $350,000 in gross receipts and $600,000 in assets files the full Form 990 — gross receipts over $200,000 or assets over $500,000 triggers the full return.↵↵The due date is the 15th day of the 5th month after fiscal year end — May 15 for calendar-year organizations. An automatic 6-month extension is available by filing Form 8868 before that date, extending to November 15. That extension is not a grace period; it is a formal mechanism that requires affirmative action before the due date.↵↵The IRS revokes tax-exempt status of approximately 30,000 organizations per year for failure to file for three consecutive years under IRC Section 6033(j). Reinstatement requires a new application and may attract additional IRS scrutiny.↵↵Grant funders, major donors, and watchdog organizations review 990s on ProPublica's Nonprofit Explorer — which has indexed more than 3 million filings — before engaging with an organization. Inaccurate restricted fund accounting flows directly into 990 inaccuracies on Parts VIII, IX, and Schedule D.↵↵The 990 is both a compliance filing and a credibility document. Treat it like both.",#form990 #nonprofitcompliance #taxexempt #nonprofitfinance,apps\site\src\content\glossary\form-990.md,no
2026-05-10,5,TOOL_TEARDOWN,"HubSpot's free CRM is a functional contact management tool. It is not a grant compliance system — and the distinction matters the moment your organization receives a restricted grant.↵↵HubSpot's architecture is built around contacts, companies, and deals — the standard B2B sales model. Some organizations repurpose the Deals pipeline to track grant prospects and deadlines. That is a workaround, not a solution.↵↵Restricted fund compliance requires tracking how grant money is spent against approved grant budgets, comparing expenditures by budget category, and generating reports that show funders exactly how their funds were used. HubSpot has no grant budget field, no fund restriction flag, and no compliance report template at any pricing tier — including the 40% nonprofit discount tier.↵↵HubSpot Professional starts at $800/month before the nonprofit discount ($480/month with it applied). At that price point, organizations receiving restricted grants typically maintain a separate spreadsheet for compliance anyway, which defeats the purpose of paying for a unified CRM.↵↵The practical question is not whether a platform handles contact management. It is whether it handles the grant and compliance layer sitting beside it — or whether that layer still lives in a spreadsheet.↵↵Before signing a CRM contract, document the three workflows that create the most reporting delay. Test whether the alternative handles them natively.",#nonprofittech #hubspot #grantmanagement #nonprofitcrm,apps\site\src\content\alternatives\hubspot-nonprofit-alternative.md,no
2026-05-10,6,VERTICAL_HOOK,"A youth program managing 21st Century Community Learning Centers funds, an AmeriCorps grant, and two foundation grants is operating four separate compliance frameworks simultaneously.↵↵21st CCLC compliance is not only financial — it requires participant attendance tracking, outcome reporting (teacher surveys, grade progression data), and demographic records submitted to both the federal Department of Education and the state education agency. The state layer varies significantly: some states require quarterly submissions, others semi-annual. The format and data requirements differ by state.↵↵AmeriCorps compliance runs through Corporation for National and Community Service systems — a separate portal, separate member hour tracking, and prohibited activities compliance that has nothing to do with 21st CCLC documentation.↵↵Foundation grants add a third reporting format and a third deadline calendar.↵↵For a lean program team — often one director managing 15 part-time program staff — this is not a coordination problem that more effort solves. It is a systems problem. The complexity of tracking multiple federal compliance frameworks simultaneously exceeds what any individual can manage manually without documentation failures.↵↵36% of nonprofits ended FY2024 with an operating deficit, the highest rate in a decade. Administrative overhead in multi-grant environments is part of that pressure.↵↵Youth programs carrying federal grants need compliance infrastructure, not just a spreadsheet with color-coded deadlines.",#youthPrograms #21stCCLC #amerCorps #grantcompliance,apps\site\src\content\vertical-pages\youth-programs.md,no
2026-05-10,7,FREE_RESOURCE,"A grant reporting deadline tracked only by due date is a deadline that will eventually be missed.↵↵The fields that distinguish a reporting system that works from one that produces scrambles: named primary owner (a person, not a role), named backup owner, prep start date calculated from the report type, submission method and portal URL, and current status.↵↵For a combined interim report — narrative plus financial in a single submission — the prep lead time is 12–15 business days before the due date. For a final financial SF-425, it is 20 business days. For a final combined report, 25 business days. These are not arbitrary buffers; they are the minimum time needed to pull financial data, write the narrative, obtain internal review, and submit through the correct portal.↵↵A portfolio of 10 active grants with mixed quarterly and annual reporting typically generates 40–80 report deadlines per year. When prep periods overlap, months with 4 or more reports due should be flagged for capacity planning before the pressure arrives, not during it.↵↵The Grant Reporting Deadlines Tracker at grantpipe.com covers every field in this system: grant register, deadline register with prep lead time guidelines, monthly review protocol, portal credential registry, and staff continuity documentation for when staff turn over.↵↵Download it free at grantpipe.com.",#grantreporting #nonprofitfinance #grantcompliance #grants,apps\site\src\content\lead-magnets\grant-reporting-deadlines-tracker.md,no
2026-05-10,8,COMPARISON_INSIGHT,"AmpliFund's typical annual cost is $15,000–$60,000 based on public procurement records. GrantPipe is $329–$1,079 per month flat SaaS. These are not competing price points — they signal different target customers.↵↵AmpliFund is an enterprise grant management platform built for state agencies, large universities, and recipients managing portfolios of 20 or more concurrent awards with dedicated grants offices. Its implementation timeline is typically 3–6 months, vendor-led. It does not include a donor CRM.↵↵For a $2M nonprofit where the executive director, development director, and finance director are three people who also carry most of the operational work, the implementation lift and cost structure of an enterprise platform are misaligned with what the team can actually operate.↵↵The 2024 OMB Uniform Guidance revision raised the single audit threshold to $1,000,000 in federal expenditures and raised the de minimis indirect cost rate from 10% to 15%. Those changes apply regardless of which platform an organization uses. The compliance obligations under 2 CFR Part 200 are the same for a $2M nonprofit and an enterprise recipient.↵↵What differs is the delivery mechanism and operational cost of running it. A mid-sized nonprofit that cannot absorb a $15,000 minimum annual software contract and a 6-month implementation does not need enterprise depth — it needs the same federal compliance requirements handled in a system sized for its staff.↵↵Scale determines fit. Feature lists do not.",#grantmanagement #amplifund #nonprofittech #grantcompliance,apps\site\src\content\comparisons\grantpipe-vs-amplifund.md,no
2026-05-10,9,LIST_POST,"Five federal grant compliance tasks that most grant tracking software does not handle — and where the audit findings originate.↵↵First: SEFA preparation. The Schedule of Expenditures of Federal Awards requires every federal program expended during the year to be listed by Assistance Listing Number (formerly CFDA number), with pass-through entity information for any sub-awards received. Most grant trackers record grant amounts and deadlines. They do not store ALN numbers or pass-through entity data in the structure the SEFA requires.↵↵Second: time-and-effort certification. Under 2 CFR 200.430, salaries charged to federal awards must be supported by signed certifications from employees or supervisors confirming actual time distribution. Most general-purpose grant trackers have no certification workflow.↵↵Third: NICRA indirect cost rate application. A Negotiated Indirect Cost Rate Agreement specifies the rate at which overhead can be charged to each federal award against a Modified Total Direct Costs base. Manual rate lookup across multiple concurrent awards produces both under-recovery and disallowances.↵↵Fourth: SF-425 federal financial report data organization. SF-425s are due 30 days after each calendar quarter for most awards. The data must reconcile to the general ledger. Assembling this manually from accounting exports each quarter is where errors compound.↵↵Fifth: budget-to-actual monitoring by object class. Federal awards are awarded against approved budget categories. Expenditures that cross category lines above defined thresholds require prior agency approval. Software that tracks total award balance but not category-level spend misses this control entirely.↵↵The gap between a pipeline tracker and a federal compliance system shows up at audit time, not at setup.",#federalgrants #singleaudit #grantcompliance #uniformGuidance,apps\site\src\content\listicles\best-grant-tracking-for-federal-awards.md,no
2026-05-10,10,HOW_TO,"How to request a no-cost extension on a federal grant. Eight steps.↵↵Step 1: Confirm your award allows an NCE. Review the Notice of Award. Some awards prohibit extensions or cap them at one extension of up to 12 months. Confirm before drafting the request.↵↵Step 2: Confirm an NCE is the right tool. An NCE is for time, not money. If the real problem is insufficient funding, that is a budget supplement request — a different process with much lower approval odds. Be honest about which problem you have.↵↵Step 3: Request at least 30 days before the period end date. Most agencies require 30–60 days minimum. If your grant ends September 30 and you request on September 15, a 30-day processing timeline means the approval arrives October 15 — after expiration. Costs incurred after the end date but before the extension is approved are unallowable.↵↵Step 4: Contact your program officer before submitting. An informal conversation gives you early indication of approval likelihood and guidance on what justification the agency wants to see. Program officers often have preferences not documented in written guidance.↵↵Step 5: Write a specific justification. Name external factors that caused the delay — personnel vacancy, regulatory approval delay, disrupted program delivery — and describe exactly what work remains. Vague justifications (""we need more time"") are routinely denied.↵↵Step 6: Prepare a spend-down projection by budget category. Show what funds remain in each line and the expected expenditures during the extension. Unexplained balances in categories with no spending plan raise flags.↵↵Step 7: Submit through the correct channel. HHS uses different portals than NIH eRA Commons, NSF Research.gov, or HUD's IDIS. Confirm the channel with your program officer.↵↵Step 8: After approval, update your grant record immediately. The new period end date shifts the final SF-425 due date (120 days after period end under 2 CFR 200.344), the final programmatic report, and any compliance calendar items tied to the original end date. File the approval letter in the grant file as an amendment to the Notice of Award.↵↵GrantPipe tracks NCE status and automatically updates compliance deadlines when extension dates change. grantpipe.com/signup",#federalgrants #grantmanagement #nocoextension #grantcompliance,apps\site\src\content\guides\how-to-request-a-no-cost-extension.md,yes
2026-05-11,1,STAT_BOMB,"Only 33.3% of nonprofits rate their current CRM as effective — 20.1% call it outright ineffective.↵↵That figure comes from Fifty & Fifty's 2025 Nonprofit Peer Report across hundreds of organizations. It is not a data quality problem. It is a product-fit problem.↵↵The gap between what a CRM promises and what it delivers usually shows up in two places: grant compliance and total cost of ownership. Most platforms were built around individual giving, then had grant tracking layered on afterward.↵↵A field labeled ""grant name"" is not grant management. A donor record used to store an award is not restricted fund tracking. Development directors who manage both donors and grants discover this distinction only after signing a contract.↵↵The second failure point is cost. Most nonprofits underestimate TCO by 3 to 5 times the annual license fee, because implementation, migration, and administration never appear on the pricing page.↵↵GrantPipe was built to close both gaps — grant compliance and donor management in one system, with flat monthly pricing and no implementation consultant required.",#nonprofitcrm #grantmanagement #nonprofitfinance #donormanagement,apps\site\src\content\guides\how-to-choose-nonprofit-crm.md,yes
2026-05-11,2,MYTH_BUSTER,"Myth: if a CRM has a ""grants"" tab, it handles grant management.↵↵Almost every nonprofit CRM uses that phrase. Almost none of them mean the same thing by it.↵↵At the shallow end, ""grant management"" means a record type labeled grant — enough to store the funder name, the award amount, and a due date. That is useful for keeping notes, not for managing compliance.↵↵What restricted fund management actually requires is different: tracking expenditures from award through closeout, generating compliance reports tied to specific grants, modeling program vs. administrative cost allocations, and producing output your funders will accept.↵↵The 2025 Omatic Nonprofit Integration Report found that nearly half of nonprofits are considering switching CRMs in the next 12 months, up from just 10% the year prior. Feature gaps — not cost — are the primary driver.↵↵Before evaluating any CRM on grant capability, run three scenarios in the trial: enter a grant award, record a restricted expenditure, generate a funder compliance report. If the vendor will not allow this during the sales process, that is diagnostic information.↵↵A demo filtered through a sales rep tells you what the platform can do at its best. Scenario testing with your actual data tells you what it will do every month.",#nonprofitcrm #grantcompliance #nonprofitfinance #restrictedFunds,apps\site\src\content\guides\how-to-choose-nonprofit-crm.md,no
2026-05-11,3,WORKFLOW_STEP,"Under 2 CFR 200.430, posting payroll at the budgeted percentage and reconciling annually creates a full year of questioned costs if actual time differed from the budget.↵↵This is the single most common payroll compliance error in federal grant audits. The rule is the after-the-fact confirmation principle: payroll charges to federal awards must reflect actual hours worked, not what the grant budget assumed.↵↵Here is the step most organizations skip: reconciling allocation percentages to time-and-effort documentation at month-end, not at audit time.↵↵An employee whose time sheet shows 55% on Grant A but whose payroll was posted at 60% requires a correcting journal entry — dated in the period the time occurred, supported by the certified time record.↵↵Monthly reconciliation is not optional. Quarterly reconciliation is common but insufficient — it allows misallocations to compound over three months before correction. By the time an auditor samples your pay periods, you want those corrections already in the record.↵↵Two regulation references to keep on file: 2 CFR 200.430 governs the after-the-fact requirement. 2 CFR 200.430(i) permits semi-annual certification only for employees working 100% on a single federal award — not employees split across multiple grants.↵↵The 2024 Uniform Guidance revision also raised the de minimis indirect cost rate from 10% to 15% of Modified Total Direct Costs under 2 CFR 200.414(f), for organizations that have never negotiated a rate.",#federalgrants #grantcompliance #payrollallocation #uniformguidance,apps\site\src\content\workflows\payroll-allocation-across-grants.md,no
2026-05-11,4,TERM_EXPLAINED,"A subaward is not a contract. That distinction determines whether your organization has subrecipient monitoring obligations that go far beyond vendor management.↵↵The definition comes from 2 CFR 200.1: a subaward is an award provided by a pass-through entity to a subrecipient for the subrecipient to carry out part of a federal award. The key phrase is ""carry out part of a federal program"" — not provide goods or services for the pass-through entity's own use.↵↵The 2 CFR 200.331 five-factor test is what auditors apply to determine whether a payment is a subaward or a procurement contract. A subaward exists when the receiving entity determines who is eligible for federal assistance, has performance measured against federal program objectives, makes programmatic decisions, and is responsible for federal compliance.↵↵When those factors are present, the pass-through entity's obligations under 2 CFR 200.332 are triggered: pre-award risk assessment, a written subaward document with required provisions including the FAIN and CFDA number, ongoing monitoring, single-audit verification, and finding resolution.↵↵Characterizing a subaward as a procurement contract to avoid monitoring obligations is a common audit finding — and it generates two findings, not one: a missing written agreement and inadequate monitoring.↵↵The subaward document must exist in writing. A verbal arrangement does not satisfy 2 CFR 200.332(a). The documentation failure is itself a finding, independent of whether the program operated well.",#federalgrants #grantcompliance #subaward #uniformguidance,apps\site\src\content\glossary\grant-subaward.md,no
2026-05-11,5,TOOL_TEARDOWN,"Bloomerang starts at $125/month for up to 1,000 records. At 1,001 records, the bill becomes $166. At 5,001 records, it becomes $249.↵↵The per-record pricing model penalizes nonprofits for doing what a donor CRM is supposed to encourage: building a large donor database. A single fundraising event that adds 101 contacts can push an organization into the next tier regardless of whether those contacts ever donate.↵↵The less-discussed issue is what Bloomerang does not include at any tier: grant management. No restricted fund tracking, no grant lifecycle management, no compliance reporting automation, no expenditure tracking against specific grants.↵↵For organizations managing active grants, adding a purpose-built grant tool — Submittable, Foundant, or similar — typically adds $100 to $500 per month to the total operating cost. That changes the affordability calculation significantly compared to the headline $125 to $249 range.↵↵Bloomerang's donor retention dashboard is genuinely well-designed — one of the better-built features in the mid-market CRM space. The platform earns its reputation for individual giving programs. The limitation is structural: donor CRM and grant compliance require different data models, and Bloomerang was built for one of them.↵↵The right budgeting question is not the monthly subscription. It is what the total software cost looks like for the full workflow.",#nonprofitcrm #nonprofitfinance #grantmanagement #donormanagement,apps\site\src\content\pricing-breakdowns\bloomerang-pricing.md,no
2026-05-11,6,VERTICAL_HOOK,"Grant-funded nonprofits answer to multiple audiences at the same time: funders want budget and outcome reports, boards want restricted vs. available resource visibility, and auditors need transaction-level support.↵↵The hard part is not generating one report. It is keeping every version of the funding story consistent when each audience works from a different system.↵↵Federal awards raise the stakes further. The Single Audit threshold increased to $1 million in federal expenditures effective October 1, 2024. Under the 2024 Uniform Guidance revision, nonprofits above that threshold face routine audit scrutiny — not occasional. And the GAO found that $1.17 trillion (16.7%) of federal awards were linked to severe audit findings over the 2017-2021 period.↵↵The operational pressure in this segment is not about finding more features. It is about reducing coordination failure. Development tracks the funder relationship in one system. Finance tracks revenue and expenses in another. Program leads keep narrative deliverables in email and shared drives. By the time a board packet is due, staff are rebuilding the same story from scratch.↵↵The software requirement is one system that keeps donors, grants, restricted funds, and reporting deadlines aligned before the month-end or audit pressure arrives — not one that creates more exports to manage.↵↵Restricted fund tracking is the baseline. Every active grant behaves like its own operating constraint. Teams need to see what was awarded, what has been spent, what remains, and what reporting work is next.",#grantfundednonprofits #grantcompliance #nonprofitfinance #restrictedFunds,apps\site\src\content\vertical-pages\grant-funded-nonprofits.md,no
2026-05-11,7,FREE_RESOURCE,"SEFA errors that appear at the start of a single audit — missing awards, misclassified cluster programs, period-of-performance mismatches — are almost always preventable.↵↵They happen because organizations reconstruct the Schedule of Expenditures of Federal Awards during fieldwork instead of maintaining the data throughout the year.↵↵The SEFA must list, per 2 CFR 200.510(b): the federal agency name, the Assistance Listing (CFDA) number, the FAIN, total federal expenditures for the fiscal year, and the aggregate amount passed through to subrecipients. One row per award — not per program.↵↵Five errors account for most SEFA deficiencies: a missing award not tracked in the grants register, a wrong CFDA number copied from the application rather than the notice of award, a period mismatch where fiscal year totals include prior-year costs, a cluster misidentification using last year's OMB Compliance Supplement, and a pass-through amount omitted because subrecipient payments were not tagged to the federal award at origination.↵↵The SEFA Prep Worksheet on GrantPipe's site walks through award-level data collection, cluster program identification, period-of-performance matching, subrecipient pass-through disclosure, and a pre-audit reconciliation checklist — structured to build the SEFA before auditors ask for it.↵↵Download it free at grantpipe.com.",#singleaudit #sefa #grantcompliance #federalgrants,apps\site\src\content\lead-magnets\sefa-prep-worksheet.md,no
2026-05-11,8,COMPARISON_INSIGHT,"Choosing between GrantPipe and Salesforce Nonprofit is a buy-versus-build decision disguised as a software comparison.↵↵Salesforce's core strength is optionality. A well-resourced organization can shape Salesforce around its own processes: custom data models, workflow automations, report structures, integrations. For organizations with strong internal admin capacity and complex process requirements, that flexibility is real.↵↵The cost is operating overhead. Before go-live, someone must define data structure, page layouts, permissions, automations, and governance. After go-live, someone must maintain it. Permissions change. Reports break. Teams turn over. New programs require new structure. The recurring pattern from organizations that have gone through implementation: the license is rarely the regret. The ownership model is.↵↵Salesforce Nonprofit licenses at $60 per user per month as a baseline, but implementation for a mid-sized nonprofit typically runs separately and substantially. The total operating budget — subscription, implementation, admin, and ecosystem add-ons — is where the comparison becomes visible.↵↵GrantPipe is built for the opposite preference: a purpose-built donor-plus-grant workflow without the shape-and-maintain burden. Flat tiers at $329, $539, and $1,079 per month, grant compliance built into the operating path, and no implementation consultant required before the system reflects your actual process.↵↵The question to ask before choosing either product: how much design work is required before it reflects our process, and who owns the system after go-live?",#nonprofitcrm #grantmanagement #nonprofitfinance #salesforcenonprofit,apps\site\src\content\comparisons\grantpipe-vs-salesforce-nonprofit.md,no
2026-05-11,9,LIST_POST,"Five nonprofit CRMs, one honest ranking for small and mid-sized organizations in 2026.↵↵Little Green Light ($39-$90/month) is the most affordable entry point. Basic contact management, gift tracking, simple interface. No grant management, no analytics worth mentioning. The right choice if the budget is the binding constraint and grant complexity is minimal.↵↵Keela ($99-$299/month) adds email marketing and fundraising tools. Modern interface, reasonable pricing, built-in communication features. Grant lifecycle management is limited — organizations with active restricted grants still end up in spreadsheets.↵↵Bloomerang ($125-$249/month) leads on donor retention analytics. The retention dashboard is one of the better-designed features in this price range. Per-record pricing means costs grow as the database grows, and grant management is absent at every tier.↵↵DonorPerfect ($89-$200+/month) has the longest track record in the segment. Broad integrations, flexible add-on structure. The interface shows its age, and add-on costs accumulate quickly. Functional and proven, but not keeping pace with newer competitors.↵↵GrantPipe ($329-$1,079/month) combines donor CRM and grant compliance in one system. Flat monthly pricing regardless of record count. Compliance built into the operating path — restricted fund tracking, deadline management, compliance reporting — not a field type grafted onto donor records.↵↵The right choice depends on one question: does your revenue include grants with restricted fund requirements? If yes, a pure donor CRM forces a second system. If no, Bloomerang is the most capable purpose-built option at a comparable price.",#nonprofitcrm #grantmanagement #nonprofitfinance #donormanagement,apps\site\src\content\listicles\best-nonprofit-crm-small-organizations.md,no
2026-05-11,10,HOW_TO,"California nonprofits registered with the Attorney General's Registry of Charities and Fundraisers file Form RRF-1 every year. For calendar-year filers, the deadline is May 15 — four months and fifteen days after fiscal year end.↵↵Here is how to complete the filing without getting a deficiency notice.↵↵Step 1: Confirm Registry status. Use the Registry Search tool to verify current standing and your CT file number before doing anything else. A lapsed or suspended registration changes the filing path.↵↵Step 2: Calculate gross annual revenue accurately. This figure determines your fee tier and whether the $2 million audit threshold applies. Fees range from $0 for organizations under $25,000 to $1,200 for those above $500 million. The most common fee mistake is using the wrong revenue tier.↵↵Step 3: Engage an auditor now if at or above $2 million. The Nonprofit Integrity Act of 2004 (Government Code Section 12586(e)) requires an audited financial statement prepared by an independent CPA. The audit must be complete before you file. For calendar-year filers already at this point in April, the window is short.↵↵Step 4: Prepare RRF-1 and attach Form 990. The Registry requires the complete federal Form 990, 990-EZ, or 990-PF. Organizations filing the 990-N postcard must still provide California-level detail on the RRF-1 itself.↵↵Step 5: Submit with the correct fee. File online through the Registry portal — online filing reduces deficiency notices caused by attachment errors and missing signatures. Mail submissions with a check payable to ""Department of Justice.""↵↵Note: California's $2 million audit threshold is separate from the federal Single Audit threshold of $1 million in federal expenditures under 2 CFR 200.501. If your organization sits above both, you may face parallel audit obligations — often handled in a single engagement by the same CPA firm.↵↵GrantPipe tracks state charitable registration renewals alongside federal grant reporting deadlines in one compliance calendar — so RRF-1, federal SF-425 cadence, and restricted fund workflow share the same operating record.",#californianotnprofit #rrF1 #charitableregistration #grantcompliance #nonprofitcompliance,apps\site\src\content\guides\california-rrf-1-charitable-registration-guide.md,yes
2026-05-12,1,STAT_BOMB,Federal grants require record retention for 3 years from the date you submit the final expenditure report — not from the award end date, not from the last payment.↵The clock starts at final report submission under 2 CFR 200.334. Some programs set longer clocks in the award agreement. A few HHS programs require 7 years.↵The difference matters during a post-closeout audit or single audit finding review. Organizations that purge records at the wrong milestone create documentation gaps that are nearly impossible to cure after the fact.↵The most defensible posture: set retention calendars from the closeout report submission date, flag any program-specific requirements in the award agreement, and never treat the grant end date as the retention start.↵Missed deadlines and premature purges are two sides of the same records management problem. A reliable compliance calendar tracks both.↵GrantPipe attaches deadline and retention calendars to each grant record so the obligation is visible alongside reporting due dates, not buried in a closeout binder. See how it works at grantpipe.com.,#grantcompliance #federalgrants #nonprofitfinance #grantmanagement,apps/site/src/content/guides/grant-reporting-101.md,yes
2026-05-12,2,MYTH_BUSTER,"Givebutter is free" — that is true for the platform. It is not true for the transaction.↵At 2.9% + $0.30 per transaction, a nonprofit processing $100,000 in online giving pays approximately $3,200 in fees annually. At $200,000, that is $6,400.↵The "free" framing collapses when you run the math against a year of actual transaction volume.↵A second thing Givebutter cannot do: it is not a donor CRM. There is no relationship history, no grant portfolio tracking, no restricted fund reporting. It handles campaigns well. It does not track the relationship after the campaign ends.↵For organizations managing 3+ active grants alongside individual donors, Givebutter handles neither side of that problem. The question to ask in any platform evaluation is not just what the tool costs but what it costs to work around what the tool does not do.,#nonprofitcrm #donormanagement #nonprofitfinance #fundraising,apps/site/src/content/alternatives/givebutter-alternative.md,no
2026-05-12,3,WORKFLOW_STEP,Most organizations updated their in-kind journal entries after ASU 2020-07. Very few updated their financial statement footnotes.↵ASU 2020-07, effective for fiscal years beginning after June 15, 2021, requires category-level footnote disclosure of contributed nonfinancial assets — not just a line on the statement of activities. The footnote must name the valuation technique, the fair value hierarchy level (Level 1, 2, or 3 under FASB ASC 820), whether the assets were monetized or used directly, and any donor restrictions.↵A general note that says "in-kind contributions are recorded at fair value" does not satisfy the standard.↵The most common gap: organizations adopted the journal entry change correctly, passed the audit, and never revisited the footnote language. The footnote and the entry must be aligned.↵For organizations using in-kind contributions as federal grant match, the valuation must also satisfy 2 CFR 200.306 — comparable market prices with verifiable documentation. Inflated match valuations questioned by auditors reduce your effective match rate and can generate compliance findings.↵Run a year-end review of both the entries and the footnote language together, not as separate tasks.,#nonprofitaccounting #inkindcontributions #ASU202007 #grantcompliance,apps/site/src/content/workflows/in-kind-contribution-valuation.md,no
2026-05-12,4,TERM_EXPLAINED,Grant budget carryover is not automatic. That is the part most organizations learn the hard way.↵When a multi-year federal grant has unspent funds at the end of a budget period, two things can happen. The award has automatic carryover authority — NIH grants to research institutions are the most common example — or it requires a formal prior approval request under 2 CFR 200.308(e)(4).↵If neither applies, those funds cannot simply be spent in the next period. They must be returned or formally deobligated at closeout.↵The most common trigger for carryover requests is delayed hiring. A position budgeted at full-year cost that was vacant for several months produces a personnel underspend that carries through to every expense category funded by that staff line.↵A defensible carryover request explains why funds were unspent, confirms the situation is resolved, and shows specifically how the carryover will be used in the next budget period. Persistent large carryovers without explanation signal capacity concerns that funders factor into renewal decisions.↵Confirm whether your specific award grants automatic authority or requires a request — and confirm the submission deadline, which is typically 30-90 days before the budget period ends.,#federalgrants #grantmanagement #nonprofitcompliance #carryover,apps/site/src/content/glossary/carryover.md,no
2026-05-12,5,TOOL_TEARDOWN,DonorPerfect does not publish prices. All three tiers require a custom quote.↵That is a practical problem before it is a philosophical one: you cannot start a board budget conversation until you have completed the vendor's sales process. Plan 2-4 weeks of back-and-forth before you have a number to take to a board meeting.↵A few things to know before that call: QuickBooks integration is a Plus-tier feature. Core plan users reconcile manually or upgrade. Phone support is Plus and Pro only. Core is chat-only, which matters most during audit season. Advanced grant compliance reporting — restricted fund tracking, expenditure documentation, audit-ready funder reports — requires Pro or separate paid modules on top of the base subscription.↵Basic grant tracking is included at all tiers. Basic means deadline management and status fields, not compliance automation.↵DonorPerfect reports 93% customer retention and an average 13-year customer tenure, which is a genuine data point about platform stickiness. The question for any evaluation is whether the platform's features match your current compliance requirements, not just whether prior customers stayed.↵When comparing costs, model the full module list you actually need — not just the base tier.,#donorperfect #nonprofitcrm #nonprofitsoftware #nonprofitfinance,apps/site/src/content/pricing-breakdowns/donorperfect-pricing.md,no
2026-05-12,6,VERTICAL_HOOK,Head Start grants run on five-year designation cycles. At the end of each cycle, grantees with significant deficiencies face re-competition — meaning they must compete against other organizations for the right to continue operating the program.↵This makes compliance an organizational survival question, not just an administrative one.↵Head Start grantees must meet more than 1,000 program performance standards under 45 CFR Part 1302, covering class sizes, staff ratios, curriculum, health, family engagement, and governance. Fiscal compliance adds a parallel layer: a 20% non-federal match requirement, documented cost allocation between Head Start and non-Head Start activities, and procurement standards under 45 CFR Part 75.↵Missing match documentation is one of the most common Head Start fiscal findings. Organizations that allow match documentation to accumulate informally — noting staff time contributions in case notes rather than maintaining contemporaneous records — frequently discover at monitoring visits that documented match falls short of the 20% threshold.↵Annual federal monitoring visits review both fiscal and program performance. Organizations that accumulate findings across both domains face the greatest re-competition risk.↵For early childhood education nonprofits operating Head Start alongside CCDF, state pre-K, and other childcare funding, each source carries its own compliance framework. A system that can produce separate reports for each funder while maintaining cost allocation documentation is not optional — it is what determines whether the organization survives a monitoring cycle.,#headstart #earlychildhoodeducation #nonprofitcompliance #grantmanagement,apps/site/src/content/vertical-pages/early-childhood-education.md,no
2026-05-12,7,FREE_RESOURCE,48% of nonprofits are considering switching CRMs within the next 12 months, according to Omatic's 2025 survey of 600+ respondents.↵Only 33% rate their current system as effective.↵That gap — between organizations ready to switch and organizations satisfied with what they have — reflects something real: the market has not solved the mid-sized nonprofit problem. Platforms built for enterprise organizations are overbuilt and overpriced. Platforms built for small organizations lack the compliance depth. The mid-market options have improved but unevenly.↵The 2026 Nonprofit CRM Market Report covers what the actual options cost, including three-year total cost of ownership estimates that account for implementation, admin, and consulting — not just subscription fees. It also covers the market shifts that matter in 2026: platform consolidations, AI feature reality versus announcements, and why grant compliance has become the category-level differentiator in the mid-market.↵The free report is available at grantpipe.com/resources.,#nonprofitcrm #nonprofittechnology #grantmanagement #nonprofitleadership,apps/site/src/content/lead-magnets/nonprofit-crm-market-report-2026.md,no
2026-05-12,8,COMPARISON_INSIGHT,GrantPipe and Instrumentl are not competing products in any useful sense. They solve different workflow problems.↵Instrumentl is the stronger choice when the organization needs more qualified grant opportunities, cleaner application workflow, and better award tracking. Its entry price is $299/month. If the bottleneck is pipeline quality and pre-award execution, Instrumentl addresses that directly.↵GrantPipe is the stronger choice once awards are active and the pressure is post-award: donor context, restricted-fund visibility, reporting cadence, and compliance documentation across teams. Its entry price is $329/month.↵The practical test is not which product has more features. It is which part of the grant workflow fails every month. Development directors who spend hours rebuilding grant status for leadership have a post-award problem. Development directors who cannot find enough viable prospects have a pre-award problem.↵Some organizations have both. Using both products is a legitimate configuration, not redundancy, as long as you are clear about which job each tool is doing.↵Ask in any demo: what does this product replace, and what does it still require you to manage somewhere else?,#grantmanagement #nonprofittools #grantcompliance #nonprofitoperations,apps/site/src/content/comparisons/grantpipe-vs-instrumentl.md,no
2026-05-12,9,LIST_POST,Six nonprofit CRMs compared on the question that actually matters for mid-sized organizations: does it handle grant compliance, or does it require a second system?↵GrantPipe ($329-$1,079/month): full grant lifecycle and restricted fund compliance at every tier. Flat-rate pricing with no per-user fees.↵Bloomerang ($125-$249/month): strong donor retention analytics and clean interface. No grant management. Good for organizations where the primary need is reducing lapsed donors.↵DonorPerfect (custom quote required): deadline-based grant tracking at all tiers. Restricted fund compliance requires Pro or add-on modules. Custom pricing means 2-4 weeks before you have a number to budget.↵Salesforce Nonprofit ($60-$165/user/month plus $30,000-$100,000+ implementation): highly customizable and scales to complex organizations. Not a practical option for most organizations under $5M budget given implementation cost.↵Neon CRM (custom quote): covers donors, members, and event attendees in one constituent record. No grant lifecycle management or restricted fund compliance.↵Little Green Light ($39-$90/month): appropriate for organizations under $500K. No grant management, no compliance reporting, no advanced analytics.↵The pattern across this list: most platforms cover donor management adequately. Almost none include grant compliance at the base tier. For nonprofits managing restricted grants, that gap usually means a second system and the coordination overhead that comes with it.,#nonprofitcrm #nonprofitsoftware #grantmanagement #nonprofitfinance,apps/site/src/content/listicles/nonprofit-crm-comparison.md,no
2026-05-12,10,HOW_TO,How to migrate away from Salesforce NPSP without overpaying for the transition.↵Step 1: Confirm what you actually use. Audit your NPSP instance before contacting any vendors. List the five reports you pull every month, the custom fields you enter consistently, and the workflows that run without staff intervention. This audit prevents rebuilding complexity you never needed.↵Step 2: Export your data early. Request a full export of donor records, gift history, campaign associations, household relationships, and notes. Verify the export is complete and readable before signing anything with an alternative vendor. Data portability is the risk factor most organizations discover after signing.↵Step 3: Map your compliance requirements separately from your CRM requirements. If your organization manages restricted grants, the replacement system must handle fund tracking and reporting — not just donor records. That is a different evaluation question from contact management.↵Step 4: Model three-year total cost honestly. NPSP-to-Agentforce Nonprofit migration consulting runs $7,000-$50,000+ for a new org build, data migration, and process redesign. Only 25% of Salesforce consultants have completed Nonprofit Cloud implementations. Factor in the consultant scarcity premium. Switching to a purpose-built platform costs $3,228-$10,788/year with no implementation fee at the entry tiers.↵Step 5: Run a parallel period before cutover. Keep NPSP read-only for 60 days after go-live on the new system. Staff confidence in the new platform increases substantially when the historical record remains accessible during transition.↵Organizations waiting for a formal NPSP end-of-life announcement will make this decision under time pressure. Evaluating now — before Salesforce forces the issue — preserves the option to choose on your own schedule.↵GrantPipe offers guided import support starting at the Growth tier ($539/month), including data migration assistance and onboarding for teams coming off Salesforce NPSP. See the migration guide at grantpipe.com.,#salesforcenpsp #nonprofitcrm #crmselection #grantmanagement,apps/site/src/content/guides/npsp-to-agentforce-migration-cost.md,yes
2026-05-13,1,STAT_BOMB,"79% of nonprofits now run five or more third-party systems on top of their main CRM.↵↵That number, from the Omatic 2025 Nonprofit Integration Report, is not surprising to anyone who has been in the operations seat at a mid-sized nonprofit for more than a year.↵The donor database, the grant tracking spreadsheet, the accounting software, the email platform, and the file-sharing drive for compliance documents — each one is a siloed record of the same organization.↵The cost shows up every month-end close when the same numbers need to be reconciled across systems that do not talk to each other.↵For grant-active organizations, the risk is compounded: restricted fund balances live in the accounting system, grant deadlines live in a shared calendar, and donor context for a foundation funder lives in the CRM.↵None of those systems confirm whether the picture they each hold is current or complete.↵The integration tax is real — and most organizations accept it because the individual system choices seemed reasonable at the time they were made.↵↵GrantPipe was built to reduce that stack for nonprofits carrying both donor and grant work. If you are currently reconciling three or more systems every reporting cycle, it is worth a look.","#nonprofitoperations #grantmanagement #nonprofitcrm #donormanagement",apps/site/src/content/guides/nonprofit-crm-features.md,yes
2026-05-13,2,MYTH_BUSTER,"Winning a grant is not the end of a process. It is the start of a multi-year compliance obligation.↵↵A 24-month federal grant will typically require: grant agreement execution, an initial budget submission, quarterly financial reports, semi-annual programmatic reports, budget modification approvals, and a final report with full supporting documentation.↵Each step has deadlines. Missing a single reporting deadline can trigger compliance findings that affect future funding eligibility.↵The most common compliance failure is not fraud — it is fund commingling. Grant dollars tracked only in a spreadsheet, deposited into the general operating account, with no separate accounting code to prove the restricted funds were spent on approved programmatic activities.↵When an auditor asks how $50,000 was spent, 'we think it went to these things' is not an acceptable answer.↵The second most common failure is personnel cost documentation. A time sheet that says '40 hours, program work' does not meet federal documentation standards. Time records must identify the grant or cost objective for each hour logged.↵Audit readiness does not begin six months before the audit. It begins on the day of award.↵↵Nonprofits that maintain organized grant files and current reconciliations throughout the grant period pass audits. Nonprofits that reconstruct documentation retroactively find the process much harder.","#grantcompliance #federalgrants #nonprofitfinance #singleaudit",apps/site/src/content/guides/grant-compliance-101-for-nonprofits.md,no
2026-05-13,3,WORKFLOW_STEP,"Every Single Audit finding requires a written Corrective Action Plan under 2 CFR 200.511(c).↵↵The CAP is not optional, and 'we will strengthen controls' is not a CAP. The regulation requires five specific elements for each finding: auditee position (agree or disagree), the specific corrective action being taken, the name and title of the responsible party, the completion date, and the finding reference number.↵Vague responses invite the awarding agency to escalate — imposing specific conditions, requiring prior approval for draws, or designating the organization as high-risk in future years.↵The deadline is strict: the CAP is included in the Single Audit reporting package due to the Federal Audit Clearinghouse at the earlier of 30 days after the auditor's report or nine months after fiscal year-end, per 2 CFR 200.512(a)(1).↵One specific point that organizations frequently miss: corrective action is not finished when the CAP is filed. It is finished when the action is implemented and documented with dated evidence — signed policy, training attendance, reconciled records. Auditors test CAP completion in the following year's audit as prior-year follow-up.↵Repeat findings in two consecutive audits trigger specific conditions under 2 CFR 200.208 — prior approval requirements, enhanced monitoring, or high-risk designation that persists until the pattern is broken.↵↵A strong CAP reads like a project plan: specific actions, named owners, firm dates. That same document works for internal accountability.","#singleaudit #grantcompliance #federalgrants #2cfr200",apps/site/src/content/workflows/respond-to-single-audit-finding.md,no
2026-05-13,4,TERM_EXPLAINED,"Voluntary committed cost share is the cost share trap most nonprofits do not see until they are in an audit.↵↵Under 2 CFR 200.306, cost share is the non-federal portion of total allowable project cost. It can be mandatory — required by the NOFO — or voluntary and committed, meaning the organization offered additional match in the application to improve its competitive score.↵Here is the part that catches organizations off guard: the moment that voluntary cost share is written into a federal award agreement, it becomes legally binding. A nonprofit that pledges $50,000 in volunteer hours to strengthen a proposal must document and achieve that $50,000 in contributions during implementation. A shortfall is an audit finding with the same consequences as a mandatory match failure.↵The documentation requirements for voluntary match are identical to mandatory match: verifiable from grantee records, necessary and reasonable for the project, allowable under applicable cost principles, and not sourced from another federal award.↵In-kind match — volunteer labor, donated goods, facility use — is not a softer requirement than cash match. Auditors test in-kind the same way they test direct costs: they look for contemporaneous documentation, fair market valuations, and consistency with the approved budget.↵The risk is concentrated in organizations that over-propose match to be competitive and then run short of documentation during implementation.↵↵Federal pass-through funds cannot serve as match — even when the federal origin of the state dollars is not obvious in the funding flow.","#grantcompliance #federalgrants #costshare #uniformguidance",apps/site/src/content/glossary/cost-share.md,no
2026-05-13,5,TOOL_TEARDOWN,"Qgiv was acquired by Bloomerang in 2024. If you are evaluating Qgiv today, you are evaluating Bloomerang's product direction, not an independent platform.↵↵Qgiv built a real position in nonprofit fundraising: peer-to-peer campaign pages, event ticketing, auction management, and embedded donation forms at accessible price points. It served organizations that needed fundraising form infrastructure without a full CRM.↵What Qgiv was not, and was never designed to be, is a donor CRM or a grant management system. Contact records in Qgiv were functional enough to track donors across transactions, but the platform had no relationship depth — no grant tracking, no restricted fund allocation, no compliance reporting.↵The acquisition does not change Qgiv's scope. It changes who sets the roadmap. Features requested by existing Qgiv customers now compete with Bloomerang's own development priorities.↵The practical question for a nonprofit evaluating its software stack is: what problem are you actually trying to solve? If the problem is fundraising form infrastructure and peer-to-peer events, Qgiv still covers that. If the problem is managing donor relationships and grant compliance in one place, the tool category is different.↵Organizations using a fundraising-form-only platform alongside a separate CRM manage two sets of donor records in over 60% of cases.↵↵Treating platform selection as a category question — not a feature comparison — usually produces a better outcome.","#nonprofitcrm #nonprofitfundraising #donormanagement #grantmanagement",apps/site/src/content/alternatives/qgiv-alternative.md,no
2026-05-13,6,VERTICAL_HOOK,"Mental health nonprofits managing SAMHSA grants and CCBHC program funding face a compliance problem that most grant software does not model: the same service cost cannot be claimed to both federal grant funding and Medicaid billing simultaneously.↵↵SAMHSA's FY2023 budget was approximately $7.5 billion, with the majority flowing through block grants to states and then to local mental health and substance use disorder service providers. The organizations receiving those funds are typically running MHBG, SABG, and CCBHC funding streams alongside Medicaid reimbursement for the same clinical services.↵When the same staff member serves both Medicaid-eligible clients and clients covered under grant funding, time records must allocate labor costs to the correct funding source for every hour worked. A time sheet that says 'program work' is not sufficient. Neither is a general allocation percentage applied at month-end without contemporaneous records.↵Cost duplication between Medicaid billing and federal grants is a primary OIG audit focus in behavioral health organizations. The finding is often unintentional — it results from accounting systems that cannot track costs by payer at the service delivery level.↵CCBHC programs add another layer: the prospective payment system rate is recalibrated based on actual cost reports by service type, so the documentation requirement is more detailed than standard grant financial reporting.↵Organizations providing substance use disorder services also carry 42 CFR Part 2 confidentiality obligations that restrict what patient-level data can be shared in grant reports — requiring aggregate metrics that satisfy funder requirements without violating patient consent rules.↵↵Multi-funder behavioral health compliance is not a spreadsheet problem. The required granularity of cost tracking by payer, service type, and funding source exceeds what manual processes can reliably sustain.","#mentalhealth #samhsagrant #nonprofitcompliance #grantmanagement",apps/site/src/content/vertical-pages/mental-health-nonprofits.md,no
2026-05-13,7,FREE_RESOURCE,"Release-from-restriction is one of the most frequently mishandled events in nonprofit accounting — and the error is almost always about timing, not intent.↵↵Under FASB ASC 958, a purpose restriction is released when the organization incurs qualifying expenditures for the specified use — not at year-end, not when the grant closes, not when the auditor asks. The release amount equals the qualifying expenses actually incurred in the period.↵A common error: organizations hold the full restricted fund balance until year-end and release it in a single journal entry. If expenses were incurred throughout the year, the releases should have happened throughout the year. Recording them all in December creates a presentation that does not match when conditions were actually satisfied.↵For auditors reviewing restricted fund management, the question is not whether the total release amount is correct. It is whether each release was recorded in the correct period, supported by qualifying expenditures, and documented with a journal entry that references the supporting GL detail.↵The three release types under ASC 958 require different triggers: purpose restrictions release when qualifying expenses are incurred; time restrictions release when the required date or event occurs; perpetual restrictions on principal never release, only investment income may be released according to the organization's spending policy.↵Endowment income release is a separate calculation from operating grant releases — they should not share the same journal entry or documentation file.↵↵A free restricted funds release calculator — covering fund-by-fund release calculations, documentation requirements, and journal entry references — is available at grantpipe.com/free.","#restrictedFunds #nonprofitaccounting #asc958 #nonprofitfinance",apps/site/src/content/lead-magnets/restricted-funds-release-calculator.md,no
2026-05-13,8,COMPARISON_INSIGHT,"GrantPipe versus Foundant GLM is not a close comparison for most mid-sized nonprofits — they solve different problems.↵↵Foundant Grant Lifecycle Manager is a mature workflow tool built for organizations that have dedicated grants staff running formal intake, internal scoring, and multi-stage review. Community foundations, regranting intermediaries, and organizations with 15 or more concurrent awards often fit that profile. Foundant is strong in pre-award workflow depth. Its pricing is quote-based, typically ranging from $4,000 to $12,000 or more annually plus implementation.↵GrantPipe is built for the $500K-$10M nonprofit where the same staff carry donor, grant, and finance responsibilities simultaneously. The expensive problem at that scale is not deeper lifecycle workflow. It is the monthly cost of reassembling the same picture across a donor CRM, a spreadsheet, and an accounting system.↵The 2024 Uniform Guidance revision raised the single audit threshold to $1,000,000 in federal expenditures under 2 CFR 200.501, . That change affects where organizations sit relative to audit risk, but it does not change the coordination problem between donor, grant, and finance systems that happens at every budget level.↵Foundant does not include a donor CRM. Organizations typically pair it with Bloomerang or DonorPerfect and accounting software, which creates three-system coordination overhead that GrantPipe eliminates.↵The total stack cost comparison almost always inverts the headline price difference.↵↵Choose Foundant when a dedicated grants officer owns the workflow. Choose GrantPipe when donors, grants, and reporting pressure all compete for the same staff hours.","#grantmanagement #nonprofitcrm #grantsoftware #nonprofitfinance",apps/site/src/content/comparisons/grantpipe-vs-foundant.md,no
2026-05-13,9,LIST_POST,"Five things executive directors need from grant tracking software that development directors do not.↵↵First: oversight-level compliance dashboards. The ED is accountable for whether restricted funds are being spent correctly, not just whether reports are submitted on time. A tool that only shows deadline status does not give the ED what they need to answer a board question about audit risk.↵Second: audit trail at the transaction level. Government grant compliance requires a record of who approved expenditures and when. Spreadsheets do not log edits by default. This requirement eliminates spreadsheets from consideration for any federally-funded organization — not because of preference, but because the documentation standard cannot be met.↵Third: restricted fund separation with expenditure monitoring. The ED needs to know, at any point, whether restricted dollars are being drawn down against approved budget categories. A grant balance number without expenditure category detail is not actionable oversight.↵Fourth: budget-to-actual reporting by grant line item. Most donor CRMs report at the grant level. Federal compliance requires reporting at the budget category level — personnel, direct costs, indirect costs — against the approved budget for each award.↵Fifth: clear handoff between development, finance, and executive reporting. The most expensive operational problem in this category is not the cost of the software. It is the time spent rebuilding the same funding picture for three different audiences every reporting cycle.↵↵Only 33.3% of nonprofits rate their CRM as effective, according to the 2025 Nonprofit Peer Report from Fifty & Fifty. Reporting capability is the most cited gap.","#nonprofitleadership #grantcompliance #nonprofitcrm #granttracking",apps/site/src/content/listicles/best-grant-tracking-software-eds.md,no
2026-05-13,10,HOW_TO,"Michigan nonprofits soliciting contributions need two separate registrations current to stay compliant — and the agencies involved do not communicate with each other.↵↵The Michigan Attorney General's Charitable Trust Section issues and maintains charitable solicitations licenses under MCL 400.271 et seq. The Department of Licensing and Regulatory Affairs (LARA) handles nonprofit corporate existence and processes the corporate annual report due every May 15.↵An organization can have a fully current AG solicitation license while LARA has administratively dissolved the corporation. This combination is invisible in day-to-day operations and surfaces exactly when it causes the most damage: when a grant funder requests a Certificate of Good Standing.↵The AG annual report is due within 7 months of fiscal year end. For December 31 filers, that is July 31. The late fee is $25 per day up to a maximum of $1,000 — a meaningful financial exposure for organizations that miss the deadline by even a few weeks.↵Michigan's audit threshold for the AG annual report is $500,000 in gross revenue — separate from the federal Single Audit threshold. Organizations at $500,000 in gross revenue must attach CPA-audited financial statements, even if their federal expenditures fall below the federal audit threshold.↵The fee schedule for the AG license ranges from $0 for organizations under $25,000 in revenue to $200 for organizations above $5 million.↵To stay current: verify AG license status through the Charitable Trust Section's search tool, verify LARA corporate status separately, calculate the 7-month AG deadline from your fiscal year end, and calendar the May 15 LARA deadline as a fixed annual item.↵↵GrantPipe tracks both Michigan compliance deadlines — the AG annual report and the LARA corporate annual report — as separate calendar items, alongside federal grant reporting and restricted-fund workflow. Start a free trial at app.grantpipe.com/signup.","#michigannonprofit #charitableregistration #nonprofitcompliance #stateregistration",apps/site/src/content/guides/michigan-charitable-solicitations-license.md,yes
2026-05-14,1,STAT_BOMB,"Procurement deficiencies are among the top 10 compliance findings in HHS, DOE, and DOJ-funded single audits every year — and the most common specific finding is inadequate competition documentation.↵↵The 2024 Uniform Guidance revision (89 FR 30046, effective October 1, 2024) did not raise the simplified acquisition threshold. It clarified it at $250,000. Organizations whose written procurement policies still reference older figures are technically out of compliance before a single purchase is made.↵↵There are five procurement methods under 2 CFR 200 Subpart D, each with different competition requirements. Micro-purchases up to $10,000 need no competition. Small purchases between $10,001 and $250,000 require price quotations from adequate sources. Sealed bids and competitive proposals apply above $250,000. Sole source requires one of four specific written justifications.↵↵The written policy itself is the first finding. 2 CFR 200.318 requires it in writing. An undocumented process — even a competitive one — fails the standard.↵↵SAM.gov debarment checks are required before any federally funded award over $25,000. The check must be documented and dated before award, not at the start of solicitation.↵↵GrantPipe's grant management module captures procurement method, competition documentation status, and debarment check dates at the transaction level — the format auditors need without pulling files from multiple staff members.","#grantcompliance #federalgrants #uniformguidance #nonprofitfinance",apps/site/src/content/guides/2-cfr-200-subpart-d-procurement-standards.md,yes
2026-05-14,2,MYTH_BUSTER,"Bloomerang has grant fields. That does not mean it handles grant compliance.↵↵The difference matters operationally. Bloomerang can record a funder name, an award amount, and a report due date. What it cannot do is model the restriction on those funds, track expenditures against approved budget categories, flag when a budget line is approaching its ceiling, or generate a financial report to send to the funder.↵↵A $75,000 grant restricted to youth programming is not the same as $75,000 in unrestricted revenue. Every expenditure charged to that grant must fall within the approved scope. Bloomerang records the grant. It does not monitor compliance with it.↵↵The three-grant threshold is real. Organizations managing one or two active grants with light restrictions can hold the compliance workflow in a spreadsheet alongside Bloomerang. At three to five active grants — different funders, different fiscal years, different restriction types — that spreadsheet becomes a liability.↵↵Federal grants accelerate the timeline. SF-425 quarterly reports require expenditure-level data that Bloomerang's grant fields cannot supply. The compliance overhead increases substantially the first time a federal award enters the portfolio.↵↵The clearest signal: your grants manager maintains more compliance spreadsheets than Bloomerang grant records. That gap is the workflow Bloomerang was not built to cover.","#grantmanagement #nonprofitcrm #restrictedFunds #donorcrm",apps/site/src/content/alternatives/bloomerang-alternative-active-grants.md,no
2026-05-14,3,WORKFLOW_STEP,"The most common pledge accounting error is not the math. It is the classification.↵↵Under FASB ASC 958-605, a pledge is conditional when a donor-imposed barrier must be overcome before the organization is entitled to the funds — a matching requirement, a milestone, a future event. Without a barrier, the pledge is unconditional and must be recorded as contribution revenue and receivable when the promise is made, not when cash arrives.↵↵ASU 2018-08 sharpened the definition of a barrier: it must be specific, measurable, and related to the purpose of the agreement. A donor who says 'I will give $50,000 if you hire a program director' has imposed a barrier. A donor who says 'I hope you will hire a program director with this $50,000' has not.↵↵Misclassifying unconditional as conditional understates current-year revenue. The financial statements are misstated, not just conservative.↵↵Multi-year pledges add another layer. A $100,000 pledge payable $20,000 per year over five years is worth less than $100,000 today. ASC 958-605 requires discounting to present value using a risk-adjusted rate, typically 3-5%. Skipping the discount overstates both pledge receivables and contribution revenue.↵↵Every pledge portfolio also needs an allowance for uncollectible pledges. An allowance of zero is almost never defensible — even strong portfolios see 1-5% attrition.","#nonprofitaccounting #pledgemanagement #ASC958 #donormanagement",apps/site/src/content/workflows/track-donor-pledges-vs-payments.md,no
2026-05-14,4,TERM_EXPLAINED,"The difference between a grant pipeline and a grant portfolio matters operationally.↵↵A grant pipeline is the pre-award stage: opportunities in research, applications in progress, submissions awaiting decision. The development director uses it to forecast revenue and prioritize staff time. A well-maintained pipeline shows every opportunity by funder, amount, probability of award, and expected decision date — enabling a 6-18 month revenue projection.↵↵A grant portfolio is the post-award stage: active awards with restrictions, spending trajectories, compliance deadlines, and reporting obligations. Finance and program staff operate here. This is where compliance failures actually occur.↵↵These phases connect but are managed differently. When a pipeline opportunity becomes an award, it enters the portfolio — and the work shifts from relationship management and writing to expenditure tracking, restricted fund monitoring, and funder reporting.↵↵Most compliance problems happen in the portfolio phase, not the pipeline phase. Organizations that treat the grant lifecycle as ending at the award decision lose visibility into the post-award work at exactly the point where the real risk sits.↵↵Revenue risk concentrates in the pipeline. Compliance risk concentrates in the portfolio. A development director who only manages pre-award data is managing half the picture.↵↵Probability weighting works better than raw totals for forecasting. A $100,000 application with a 60% probability of award has an expected value of $60,000. Assigning 90% to every open application is not forecasting — it is wishful thinking with extra steps.","#grantmanagement #nonprofitdevelopment #grants #grantpipeline",apps/site/src/content/glossary/grant-pipeline.md,no
2026-05-14,5,TOOL_TEARDOWN,"Foundant GrantHub starts at approximately $2,995 per year, per Capterra. That is one of the few published prices in the grant management category — most competitors require a sales call to get a number.↵↵Here is what $2,995 buys: opportunity tracking, deadline management, document storage, and basic pipeline reporting. It does not cover restricted fund tracking, post-award compliance, or donor relationships.↵↵Foundant GLM — the grantmaker product — runs $10,000 to $25,000 per year based on G2 reviewer estimates and customer conversations, with implementation fees of $2,500 to $10,000 on top. Neither GLM nor GrantHub includes a donor CRM.↵↵That last point creates a stacking problem. Organizations running Foundant need Bloomerang, DonorPerfect, or a comparable CRM alongside it. Add $100-$300 per month for the donor system, and the first-year total for GLM plus a donor CRM lands at $15,000 to $30,000 before the team has submitted a single report.↵↵Nonprofit Tech for Good's 2024 report found organizations with $500K-$10M budgets spend a median of 3.5% of operating budget on software. For a $1M-budget organization, that is $35,000. Foundant plus a donor CRM can consume most of that budget for one functional area.↵↵The question is not whether Foundant is a good product. It is whether a scope-limited product at that price point is the right scope for your situation.","#grantmanagement #nonprofitsoftware #foundant #nonprofitoperations",apps/site/src/content/pricing-breakdowns/foundant-pricing.md,no
2026-05-14,6,VERTICAL_HOOK,"Charter schools receiving ESSER III funds had a spend-down deadline of September 30, 2024. Schools that could not document expenditures by that date face recoupment from state agencies.↵↵ESSER allocations totaled approximately $122 billion nationally. Many schools that received ESSER for academic recovery or mental health services also received private foundation grants for similar purposes — creating potential double-billing exposure that requires careful cost allocation documentation.↵↵The compliance framework for charter schools is layered. Title I and IDEA Part B funds fall under EDGAR (34 CFR Parts 75-79) and Uniform Guidance (2 CFR 200), with the supplement-not-supplant requirement under ESEA Section 1118 adding another documentation layer on top of standard federal grant rules.↵↵Student information systems — PowerSchool, Infinite Campus, Illuminate — track students, not compliance obligations. They do not produce restricted fund balances, reporting deadline calendars, or cost allocation documentation that shows which expenditure was charged to which federal program and why.↵↵The schools managing this well are the ones that recognized the SIS limitation early and built a separate layer for grant compliance and donor management. Not because the SIS is inadequate at what it does — but because managing federal grant compliance and donor relationships is a different job.↵↵36% of nonprofits ended FY2024 with an operating deficit. As per-pupil funding tightens and ESSER ends, philanthropic funding matters more — which means donor management infrastructure matters more too.","#charterschools #federalGrantCompliance #ESA #nonprofiteducation",apps/site/src/content/vertical-pages/public-charter-schools.md,no
2026-05-14,7,FREE_RESOURCE,"A restricted fund tracking spreadsheet works until it does not. Knowing which point that is matters.↵↵The template structure is straightforward: one row per active restricted grant, with fund name, funder, restriction type (purpose, time, or perpetual), award amount, received to date, monthly actuals by period, cumulative expenses, remaining balance, award end date, release conditions, and documentation reference.↵↵The monthly update process has six steps: pull current period expenses from the general ledger after month-end close, enter the period actuals exactly (no rounding, no estimating), verify the cumulative total against the GL, recalculate remaining balances, update statuses for funds that closed, and date and initial the spreadsheet to establish the documentation trail.↵↵The reconciliation is not optional. Every month, total receipts, total expenses by fund, and remaining balance by fund in the spreadsheet should match the general ledger exactly. When they do not, investigate immediately. Small discrepancies caught early are traceable. Accumulated discrepancies require forensic-level investigation at audit time.↵↵The signals that the spreadsheet has reached its limit: more than six to eight active restricted grants, a federal grant with 2 CFR 200 compliance requirements, staff turnover creating knowledge gaps, the monthly reconciliation taking more than two hours, or an auditor noting the manual methodology as a finding.↵↵At any of those points, the tracking system has been outgrown — not the people managing it.↵↵Download the free Restricted Fund Tracking Spreadsheet at grantpipe.com/free/restricted-fund-tracking-spreadsheet.","#restrictedFunds #nonprofitfinance #fundaccounting #grantcompliance",apps/site/src/content/lead-magnets/restricted-fund-tracking-spreadsheet.md,no
2026-05-14,8,COMPARISON_INSIGHT,"Network for Good's rebrand to Bonterra does not change the product's feature ceiling.↵↵The acquisition created a product now managed at the Bonterra portfolio level. That changes roadmap priorities, pricing decisions, and long-term service terms in ways that existing and prospective customers cannot fully predict until contract renewal. Nonprofit CRM churn increases significantly in the 12-18 months following a vendor acquisition, per NTEN research.↵↵The more fundamental comparison point is what each product is designed to do. Network for Good is a donor management CRM with bundled coaching and advisory services. The coaching is genuinely useful for organizations with smaller or newer development staff. For organizations where the primary bottleneck is fundraising strategy and relationship skills, the coaching premium addresses a real need.↵↵What coaching cannot address is grant compliance workflow. Network for Good does not include restricted fund tracking, grant deadline management, or the documentation infrastructure required for SF-425 reports or audit-ready SEFA schedules. Organizations managing federal awards or multiple foundation grants with programmatic reporting requirements will find that no service tier solves this gap.↵↵Only 33% of nonprofits rate their CRM as effective, per the Fifty & Fifty 2025 Nonprofit Peer Report. The gap is often not that the chosen platform is inadequate at what it does — it is that organizations chose a platform optimized for donor management when their real operational burden is grant compliance.↵↵Identifying the dominant bottleneck before selecting a platform saves the cost of switching eighteen months later.","#nonprofitcrm #networkforgood #bonterra #grantcompliance",apps/site/src/content/comparisons/grantpipe-vs-network-for-good.md,no
2026-05-14,9,LIST_POST,"Five questions that cut through grant compliance software evaluations faster than any feature list:↵↵1. Where are restricted fund balances visible right now, without opening a spreadsheet? If the answer requires a phone call or a manual pull, the tracking system is not working.↵↵2. How is documentation attached to the underlying spend? Receipts and supporting documentation need to live alongside the transaction, not in a separate folder that has to be assembled at audit time.↵↵3. Who sees the reporting calendar before deadlines become urgent? The compliance calendar should be visible to finance, development, and leadership — not just the grants manager with the spreadsheet.↵↵4. Can finance and development describe the status of the same grant without translating between two systems? Dual-system workflows produce two versions of the same data and one recurring reconciliation problem.↵↵5. What still depends on a named individual after implementation? Any system that works only because one specific person knows how to maintain it is not a system — it is institutional knowledge with a tool on top.↵↵The answers expose where the real operational burden sits: before award in the pipeline, or after award in the portfolio. Purpose-built compliance workflow focuses on post-award because that is where the compliance risk actually lives.↵↵Spreadsheets stay common for too long because they are cheap and already present. The cost shows up later as coordination time, delayed reporting confidence, and the recurring risk that the next answer leadership needs will take too long to assemble.","#grantcompliancesoftware #nonprofitoperations #grants #restrictedFunds",apps/site/src/content/listicles/best-grant-compliance-software.md,no
2026-05-14,10,HOW_TO,"How to set up restricted fund tracking that survives an audit:↵↵Step 1: Separate each restricted grant into its own fund code in the accounting system before any expenses are posted. Coding transactions retrospectively creates gaps that compound. Set up the fund code at award, not at first expenditure.↵↵Step 2: Build the restriction profile from the grant agreement — not from memory. Record the purpose restriction exactly as the funder wrote it, the approved budget by category, the award period start and end dates, and the conditions under which the restriction is released.↵↵Step 3: Pull monthly actuals from the general ledger after month-end close, by fund code. Enter exact figures — no rounding, no estimates. The cumulative total in the tracking system must match the GL for the same period exactly.↵↵Step 4: Monitor budget-to-actual by category, not just by total award. A grant budget with $10,000 approved for program supplies that has been charged $12,000 in supplies is a compliance issue, even if the total award balance is still positive.↵↵Step 5: Flag restrictions for release when the condition is met — either the purpose has been fulfilled or the time period has lapsed. Delayed reclassification overstates restricted net assets on the statement of financial position.↵↵Step 6: Reconcile the tracking register to the GL before every funder report, not after. A discrepancy discovered during report preparation creates pressure to submit incorrect numbers.↵↵GrantPipe automates steps 3 through 5 as standing reports, so the compliance picture is current without a monthly manual rebuild. Start a trial at app.grantpipe.com/signup.","#restrictedFunds #nonprofitfinance #grantcompliance #fundaccounting #ASC958",apps/site/src/content/guides/nonprofit-restricted-fund-tracking-guide.md,yes
2026-05-15,1,STAT_BOMB,"48% of nonprofits are considering switching their CRM within 12 months — up from just 10% the prior year.↵↵That is not a product preference shift. That is a market correction, and the Omatic 2025 Nonprofit Integration Report of 600+ organizations puts the numbers behind it.↵↵The top reason is not cost. It is insufficient features and functionality.↵↵79% of nonprofits now run five or more third-party systems alongside their main CRM, up from 62% in 2024. When donor data, grant tracking, email, and event management all live in separate tools, the CRM stops being the operating center.↵↵Only 33.3% of nonprofits rate their current CRM as effective. 46.5% call it neutral. That is a product category where most users are tolerating their tools.↵↵Purpose-built platforms consistently outscore enterprise options — Little Green Light at 4.75/5, Bloomerang at 4.66/5, versus Salesforce Nonprofit at 3.8–4.1/5.↵↵The window is open and vendors are competing for your renewal. GrantPipe ($329–$1,079/month, no implementation fees) is built for mid-sized nonprofits managing both donors and grants. See if it fits: grantpipe.com",#nonprofitcrm #nonprofittechnology #grantmanagement #donormanagement,apps/site/src/content/guides/why-nonprofits-switching-crm-2026.md,yes
2026-05-15,2,MYTH_BUSTER,"Bloomerang is not a grant compliance tool. That distinction matters more than most organizations realize until a federal audit arrives.↵↵Bloomerang tracks grants as fundraising relationship records. It shows the funder, the amount, the date. It does not track spending against the award. There is no mechanism for seeing ""Grant X: $100,000 awarded, $67,340 spent, $32,660 remaining.""↵↵There is no SF-425 generation capability because Bloomerang does not hold the financial data an SF-425 requires.↵↵There is no time and effort tracking for personnel charged to federal awards — a requirement under 2 CFR 200 that cannot be satisfied with a CRM relationship record.↵↵There is no non-editable audit trail for grant expenditure changes.↵↵Organizations managing federal grants or five or more simultaneous restricted awards from Bloomerang are relying on a system that was genuinely not designed for those functions. The spreadsheets that fill the gap create the documentation holes that show up as audit findings.↵↵The question is not whether Bloomerang is a good product. For individual donor management, it is well-regarded. The question is whether it matches the job.",#grantcompliance #nonprofitfinance #restrictedFunds #federalgrants,apps/site/src/content/guides/switching-from-bloomerang.md,no
2026-05-15,3,WORKFLOW_STEP,"A December gift refunded in January is not a simple reversal. The donor's prior-year charitable deduction has been affected.↵↵IRS Publication 1771 requires written acknowledgment for contributions of $250 or more. When a gift is refunded — especially across a tax year — that original acknowledgment letter is no longer accurate. A correction letter must be issued stating the original gift date and amount, the refund date and amount, and the net contribution of zero for a full refund.↵↵The letter should explicitly note that the refund occurred in a different tax year and recommend the donor consult their tax advisor about any prior deduction they claimed.↵↵Three other things that go wrong when this process is handled manually: the CRM record is not updated, leaving giving totals inflated and LYBUNT/SYBUNT metrics overstated; the restricted fund balance is not reversed, which distorts net asset reporting under FASB ASC 958; and the Form 990 Part VIII contribution total is wrong because the refund happened in a prior fiscal year and was not tracked at the transaction level.↵↵Same-year refunds are straightforward. Cross-year refunds require communication, documentation, and careful accounting treatment. Organizations that process one refund per quarter rarely have a consistent workflow for this — until an audit asks for the file.",#donormanagement #nonprofitfinance #Form990 #grantcompliance,apps/site/src/content/workflows/donor-refund.md,no
2026-05-15,4,TERM_EXPLAINED,"MTDC is not total direct costs. That distinction costs organizations money on federal awards every year.↵↵Modified Total Direct Costs, defined at 2 CFR 200.1, is the cost base you multiply by your indirect cost rate — whether that is the 15% de minimis rate or a negotiated NICRA. It begins with total direct costs and removes eight mandatory categories before the rate is applied.↵↵The exclusions: equipment at or above your capitalization threshold (generally $5,000), capital expenditures, patient care charges, tuition remission, rental costs for off-site facilities, scholarships and fellowships, participant support costs, and sub-award amounts above the first $25,000 per subcontract.↵↵That last one is where organizations consistently leave recovery on the table or overclaim. If a grant includes a $75,000 sub-award, only $25,000 of it counts toward MTDC. The remaining $50,000 is excluded. Applying the indirect rate to the full $75,000 overclaims indirect costs and produces an audit finding.↵↵The GAO reports that approximately 30% of single audits identify at least one cost-claim finding. Indirect cost base errors are among the most frequently cited categories.↵↵2 CFR 200.414(f) specifies MTDC as the base for the 15% de minimis rate. Applying 15% to total direct costs is wrong and it is a routine finding.",#grantcompliance #federalgrants #indirectcosts #uniformguidance,apps/site/src/content/glossary/modified-total-direct-costs-mtdc.md,no
2026-05-15,5,TOOL_TEARDOWN,"Virtuous is a well-designed fundraising CRM. The responsive fundraising model — segmenting outreach based on giving behavior signals — is thoughtful. Major gift pipeline and donor cultivation automation are genuine strengths.↵↵The limitation is specific: Virtuous has almost no post-award grant compliance story.↵↵Restricted fund accounting is not a product capability. Budget vs. actual tracking against grant line items is not available. There is no funder-facing financial report generation, no spend-down monitoring, no federal compliance documentation.↵↵The pattern this creates is predictable: an organization buys Virtuous because the fundraising capabilities are strong, then wins a federal workforce development grant or a series of restricted foundation awards. The development team's ""grant tracking"" workflow — pipeline stages, proposal status, relationship notes — becomes the finance team's ""grant compliance"" problem. Those are not the same workflow, and Virtuous handles one of them.↵↵The finance director needs budget vs. actual by line item. The auditor wants restricted fund balances and release-from-restriction documentation. None of that is in Virtuous.↵↵The honest evaluation question before any CRM selection: what does your annual compliance workload actually look like? If the answer involves multiple funder financial reports and any federal reporting, that question needs a direct answer from the vendor — not a demo of the donor interface.",#nonprofitcrm #grantcompliance #restrictedFunds #nonprofitfinance,apps/site/src/content/alternatives/virtuous-alternative-grant-compliance-needs.md,no
2026-05-15,6,VERTICAL_HOOK,"A $300,000 animal rescue managing six simultaneous grants is doing compliance work built for a development staff it cannot afford.↵↵ASPCA awarded more than $10 million to animal welfare organizations in 2022. PetSmart Charities granted more than $60 million in fiscal year 2023. Each of those grants carries different outcome metrics — animals placed, spay/neuter counts, adoption rates, length-of-stay data — in addition to financial expenditure reports.↵↵Standard fund accounting software tracks money. It does not track animals placed or procedures completed. Organizations managing ASPCA and PetSmart Charities grants simultaneously are managing two different outcome reporting frameworks with different metrics, different terminology, and different report formats.↵↵Restricted fund tracking across 4–6 small grants in the $5,000–$50,000 range requires knowing exactly how much of each award has been spent, how much remains, and whether current expenditures are coded correctly. When a spay/neuter clinic draws supplies from inventory, that cost must hit the right grant, not a general operating account.↵↵Organizations that pool restricted funds — even unintentionally — create audit exposure and risk losing renewal eligibility with major funders.↵↵The institutional knowledge problem compounds this when the staff member who understood the grant coding leaves.",#animalrescue #nonprofitcompliance #grantmanagement #restrictedFunds,apps/site/src/content/vertical-pages/animal-rescue.md,no
2026-05-15,7,FREE_RESOURCE,"A CRM demo is designed to impress. A structured evaluation framework is designed to compare.↵↵The difference is what happens after the demo: one outcome is a gut feeling about which sales rep made the best presentation, the other is a weighted score across eight categories tied to what your organization actually needs.↵↵The eight categories worth scoring before any vendor decision: donor management, grant tracking, reporting and analytics, integrations, implementation cost, ongoing cost, learning curve, and consultant dependency.↵↵Grant tracking deserves its own weight — not as a subcategory of donor management. If a vendor says ""you can track grants in a custom module"" or ""our customers use a workaround,"" the platform does not actually support grants. A workaround is not a feature.↵↵The consultant dependency question is often the most revealing: ask every vendor what your team will need their consulting staff for after go-live. If the answer is anything more than ""you won't,"" the product costs more than the monthly subscription implies — every year.↵↵For organizations with heavy grant activity, the Grant Tracking weight in the scorecard should be increased from the default 15% before any vendor evaluation begins.↵↵The free Nonprofit CRM Evaluation Scorecard is available at grantpipe.com — a PDF scoring framework ready to take into a demo.",#nonprofitcrm #softwareevaluation #nonprofittechnology #grantmanagement,apps/site/src/content/lead-magnets/nonprofit-crm-evaluation-scorecard.md,no
2026-05-15,8,COMPARISON_INSIGHT,"AmpliFund costs $10,000–$30,000 per year. Fluxx costs $15,000–$50,000 per year. Neither was built for a mid-sized nonprofit.↵↵AmpliFund is a serious enterprise grant management platform with deep federal compliance capabilities — designed for government agencies managing pass-through programs and large nonprofits at significant scale. The pricing reflects that. Implementation typically takes 3–6 months and requires formal support and IT involvement.↵↵Fluxx is a grantmaker tool. Foundations use it to manage their grant programs. Nonprofits encounter it as applicants when a foundation opens a portal. It is not a tool a nonprofit licenses to manage its own compliance workflow.↵↵Both platforms appear in ""grant management software"" search results. Both generate evaluation time from organizations they were never designed to serve.↵↵The mid-sized nonprofit gap is real: enterprise grant platforms are priced above what $500K–$10M organizations can justify. Lightweight tools may lack federal reporting depth. Spreadsheets carry the operational risk that grows with portfolio complexity.↵↵65% of the grant compliance software market by organization count sits in the mid-sized segment, according to TechImpact's 2025 Nonprofit Technology Report. Enterprise implementation timelines average 4.5 months before full adoption.↵↵The right evaluation question is not whether AmpliFund or Fluxx covers your compliance needs. It is whether your operating model fits their design intent.",#grantmanagement #nonprofitfinance #grantsoftware #nonprofittechnology,apps/site/src/content/comparisons/amplifund-vs-fluxx.md,no
2026-05-15,9,LIST_POST,"Five things worth knowing before evaluating grant management software:↵↵Most software in this category was built for grantmakers, not grantseeker nonprofits. Submittable, Fluxx, and similar platforms manage the process of reviewing applications and awarding grants — from the funder's side. Nonprofits that receive grants need post-award tools, not grantmaker portals.↵↵Pre-award tools (Instrumentl, Foundant GrantHub, ZoomGrants) cover grant discovery, application tracking, and deadline management. They do not cover what happens after the award: restricted fund balances, expenditure documentation, funder-specific financial reports, or audit preparation.↵↵Salesforce with grant management configuration is not a low-cost option. Implementation runs $30,000–$100,000 before the first user logs in. The discounted license through TechSoup does not change the implementation cost.↵↵The accounting integration question is non-negotiable. If gift records in the CRM do not flow to the accounting system without manual reentry, someone is doing double data entry at 2,000+ transactions per year. That is an error source and a time cost that compounds.↵↵Spreadsheets are the default post-award compliance tool at most nonprofits — and the primary reason compliance failures occur. There is no audit trail for expenditure changes, no version control, and the institutional knowledge lives in the spreadsheet owner's head.↵↵The relevant shortlisting question is not feature count. It is whether the system covers the handoff between development, finance, and executive reporting without requiring another spreadsheet layer.",#grantmanagement #nonprofitsoftware #grantcompliance #nonprofitfinance,apps/site/src/content/listicles/best-grant-management-software.md,no
2026-05-15,10,HOW_TO,"Processing a nonprofit donor refund involves eight distinct steps. Here is how to do it without creating tax problems for the donor or compliance problems for the organization.↵↵Step 1: Confirm the request in writing and verify the original gift details — amount, date, fund designation, payment method.↵↵Step 2: Determine whether the refund crosses a tax year. A December gift refunded in January affects the donor's prior-year return. Document this before anything else.↵↵Step 3: Refund through the original payment method. Credit card to the same card. ACH to the originating account. Retain the transaction confirmation as primary documentation.↵↵Step 4: Void or revise the tax acknowledgment. Under IRS Publication 1771, the original letter must be corrected. Issue a revised letter stating the original amount, refund amount and date, and net contribution. For cross-year refunds, explicitly note that the donor should consult their tax advisor.↵↵Step 5: Book the general ledger reversal — credit cash, debit contribution revenue — dated as of the actual refund date, not the original gift date.↵↵Step 6: Update the CRM record. An unaddressed refund inflates giving totals and corrupts LYBUNT/SYBUNT metrics.↵↵Step 7: Address restricted fund implications. If the gift was restricted and program costs were already incurred, the fund may have a deficit. Management decides how to cover it. Do not leave a restricted fund with a negative balance.↵↵Step 8: Assess Form 990 impact. Same-year refunds reduce Part VIII gross contributions. Cross-year refunds reduce net assets in the year processed.↵↵GrantPipe connects the donor CRM record to the gift accounting record so a refund updates both simultaneously and the tax acknowledgment status auto-flags. Try it at grantpipe.com.",#donormanagement #nonprofitfinance #Form990 #grantcompliance,apps/site/src/content/guides/virginia-charitable-registration-guide.md,yes
2026-05-16,1,STAT_BOMB,"HUD awarded approximately $3.3 billion in CDBG formula funds in FY2024, and most of that money passed through nonprofit subrecipients who are now responsible for proving how it was spent.↵↵Every CDBG-funded activity must meet a national objective under 24 CFR 570.208: LMI benefit, prevention of slums and blight, or urgent need. LMI benefit is the one most organizations rely on, and it requires documented income data on the beneficiary population.↵↵Documenting LMI benefit is the most common CDBG finding. An activity claimed under limited clientele without verified income data or evidence the group is categorically low-income can void the expenditure entirely.↵↵The organization does not just lose the grant. It can be required to repay funds already spent.↵↵HUD OIG audits of nonprofit subrecipients consistently surface the same gaps: income eligibility documentation failures, environmental review sequencing errors, and HMIS data quality problems.↵↵Most of these findings are preventable with the right documentation systems in place before the audit, not assembled during it.↵↵GrantPipe tracks restricted funds, grant reporting calendars, and activity documentation for HUD CPD programs. See how it holds up at grantpipe.com.",#hudcompliance #cdbg #nonprofitfinance #grantcompliance,apps/site/src/content/guides/affordable-housing-hud-cpd-compliance-guide.md,yes
2026-05-16,2,MYTH_BUSTER,"A donor's verbal commitment is not a pledge. It is a prospect record until someone papers it.↵↵Under FASB ASC 958-605, a pledge is an unconditional promise to give — legally enforceable, with documentary evidence. Signed pledge card, countersigned letter, or grant agreement. Without that, many auditors require the item be treated as intent rather than pledge.↵↵The distinction has real accounting consequences. An unconditional pledge is recognized as contribution revenue and receivable when the promise is made, not when the cash arrives.↵↵A conditional pledge — one with a donor-imposed barrier like a matching requirement or milestone — stays off the balance sheet entirely until the barrier is substantially met. ASU 2018-08 sharpened exactly how specific that barrier must be.↵↵Multi-year pledges add another layer: ASC 958-605 requires discounting to present value for pledges collectible beyond one year. A $100,000 pledge payable over five years at a 4% discount rate is recorded at roughly $89,000 today.↵↵Skipping the present-value step overstates receivables and distorts financial statements. Missing the conditional classification delays revenue and creates disclosure burden.↵↵What pledge-tracking errors are most common in your audit experience?",#nonprofitaccounting #fasbasc958 #pledgetracking #developmentdirector,apps/site/src/content/workflows/track-donor-pledges-vs-payments.md,no
2026-05-16,3,WORKFLOW_STEP,"The 15% de minimis indirect cost rate under 2 CFR 200.414(f) requires no proposal, no cognizant agency, and no annual renewal.↵↵For organizations whose actual indirect rate falls in the 8-12% range and whose federal funding is under $1-2M annually, the administrative savings usually outweigh any marginal recovery gain from negotiating a full NICRA.↵↵The math changes above roughly 13-15%. On $2M of Modified Total Direct Costs, a 15% NICRA recovers $300K vs. $200K under de minimis — a $100K annual difference. That gap usually pays for the 40-80 hour first-time proposal effort within two years.↵↵To negotiate a NICRA: identify your cognizant agency (typically HHS Division of Cost Allocation for most nonprofits), define the cost pool and allocation base, reconcile every number to your audited financials, and submit a proposal package that includes audited financials, IRS Form 990, personnel time allocation evidence, and a Certificate of Indirect Costs.↵↵The cognizant agency will not negotiate off numbers that do not tie to the audit. Unreconciled proposals are returned immediately.↵↵Rate type choice matters too. Fixed-with-carryforward is the sweet spot for most mid-sized organizations: variances roll into the next period instead of requiring retroactive adjustment.↵↵The 2024 revision to 2 CFR 200.414(f) extended de minimis eligibility significantly. Run the math before committing to the proposal path.",#indirectcosts #nicra #uniformguidance #federalgrants,apps/site/src/content/workflows/negotiate-indirect-cost-rate-nicra.md,no
2026-05-16,4,TERM_EXPLAINED,"Time and effort certification is the documentation that connects salary charges to actual work performed on federal grants — and it is the most frequently missing documentation in federal grant audits.↵↵Under 2 CFR 200.430, charges to federal awards for salaries must be based on records that accurately reflect the work performed. The key word is 'contemporaneous' — records prepared at or near the time the work is done, not reconstructed months later.↵↵Two tracks exist. Employees working solely on a single federal program may use semi-annual certifications. Employees whose time is split across multiple activities — a mix of grants, federal and non-federal work — must complete Personnel Activity Reports at least monthly.↵↵Auditors examine the dates on T&E records carefully. A batch of monthly certifications for an entire year, all signed on the same day in June, is retroactive. It does not matter how accurately the person believes they are reflecting actual effort — the standard is not met.↵↵Missing T&E records for federally charged salaries produce questioned costs. Questioned costs that cannot be supported become disallowed costs requiring repayment.↵↵Salary is typically the largest budget line on any grant. Without T&E documentation, the whole line is at risk.",#timeandeffort #grantcompliance #uniformguidance #nonprofitaudit,apps/site/src/content/glossary/time-and-effort-certification.md,no
2026-05-16,5,TOOL_TEARDOWN,"Neon CRM does not publish pricing. Every quote requires a demo cycle before you can put a number in a board-approved budget.↵↵The base platform covers donor management, fundraising pages, and email marketing. Events management, membership tracking, and advanced analytics are separate add-ons — each an additional line item on the contract.↵↵For nonprofits with active grant portfolios: comprehensive grant lifecycle management, restricted fund tracking, and compliance documentation are not standard features. Organizations managing foundation or government grants with expenditure reporting requirements typically need custom configuration or a separate grant tool on top of what the base CRM provides.↵↵The module-by-module billing structure means a mid-sized nonprofit managing donors, running events, and handling membership renewals assembles a meaningfully different contract than the base platform suggests. Request an itemized quote for your specific module list.↵↵What does your current toolchain actually cost when you add up every piece?",#nonprofitsoftware #neoncrm #donormanagement #grantmanagement,apps/site/src/content/pricing-breakdowns/neon-crm-pricing.md,no
2026-05-16,6,VERTICAL_HOOK,"Disability services organizations receiving HHS ACL grants, IDEA flow-through funding, and Medicaid waiver reimbursements are running three different compliance systems on the same staff and the same participants.↵↵The Administration for Community Living administers over $2.5 billion in grants annually. ACL grant compliance follows 2 CFR 200 Uniform Guidance plus ACL program-specific requirements. Each participant must be documented as meeting program eligibility criteria before grant funds are spent on their behalf.↵↵IDEA flow-through adds a nested layer: federal IDEA requirements, state implementation requirements, and local education agency program requirements. Part C and Part B have different documentation standards.↵↵The Medicaid coexistence creates a specific compliance risk: the same costs cannot be claimed to both Medicaid billing and a federal grant. Cost allocation documentation — time records, allocation methodology, reconciliation between Medicaid billing and grant expenditure records — is not optional.↵↵DOL disability employment grants add outcome tracking that extends months past the service period: employment status at placement, wage rate, and retention at the 2nd and 4th quarters post-placement.↵↵Multi-funder federal compliance is a daily operational requirement for disability services organizations, not an annual audit exercise.",#disabilityservices #grantcompliance #hudacl #nonprofitfinance,apps/site/src/content/vertical-pages/disability-services.md,no
2026-05-16,7,FREE_RESOURCE,"ASU 2016-14 eliminated temporarily restricted and permanently restricted net asset categories in 2018. Many nonprofit accounting systems, funder reports, and staff still use the old terminology.↵↵The current GAAP framework under FASB ASC 958 uses two classifications: net assets with donor restrictions and net assets without donor restrictions. Board-designated funds belong in the second category regardless of how internal they feel — an internal designation is not a donor restriction.↵↵The most expensive misapplication: treating reimbursement-basis government grants as restricted revenue and recognizing the full award amount when it is received. Reimbursement-basis grants typically contain conditions under ASU 2018-08 — revenue is recognized as expenses are incurred, not at award.↵↵Five audit findings related to ASC 958 appear repeatedly: restricted net assets not supported by a fund-level sub-ledger, premature revenue recognition on conditional grants, board-designated funds misclassified as donor-restricted, functional expense allocation undocumented, and underwater endowments not disclosed.↵↵The FASB ASC 958 Quick Reference covers net asset classification, contribution recognition rules, the conditions vs. restrictions test, and an annual close checklist. Free download at grantpipe.com/free/fasb-asc-958-quick-reference.",#fasbasc958 #nonprofitaccounting #restrictedFunds #grantcompliance,apps/site/src/content/lead-magnets/fasb-asc-958-quick-reference.md,no
2026-05-16,8,COMPARISON_INSIGHT,"Blackbaud Raiser's Edge NXT and Financial Edge NXT are two products with two licenses that must integrate. For most mid-sized nonprofits, that two-product structure is the most important thing to understand before evaluating either one.↵↵Finance uses Financial Edge NXT. Development uses Raiser's Edge NXT. When the development director needs the current restricted fund balance and the finance director needs the cultivation history, each is asking for data in the other person's system.↵↵RE NXT typically runs $30,000-$100,000 per year in the mid-market range. Financial Edge NXT is a separate license. Combined cost for both products commonly exceeds $60,000-$200,000 per year before implementation — which typically requires a Blackbaud-certified partner at $20,000-$60,000.↵↵For a $2M nonprofit, that combined cost is 3-10% of total revenue before the system is operational.↵↵Large institutions where Blackbaud is the organizational standard have valid reasons to maintain it. The question for mid-sized organizations is whether the capability that comes with that cost is actually used.",#blackbaud #nonprofitcrm #grantmanagement #nonprofitfinance,apps/site/src/content/comparisons/grantpipe-vs-blackbaud-finance-development.md,no
2026-05-16,9,LIST_POST,"Six donor management platforms, evaluated against the question most comparisons ignore: does this tool handle grant compliance, or does your team still need a separate system for that?↵↵Bloomerang ($125/mo): strong donor retention analytics, no grant lifecycle management, no restricted fund tracking.↵↵DonorPerfect ($99/mo): large user community, basic grant tracking fields, no compliance automation or audit trail on grant records.↵↵Little Green Light ($39/mo): entry-level, accessible for small organizations, no grant management features.↵↵Salesforce Nonprofit ($60/user/month before implementation): the most flexible platform, the highest total cost of ownership. Implementation typically runs $30,000-$100,000 for mid-sized organizations.↵↵Keela ($99/mo): modern interface, built-in email marketing, limited grant management, no restricted fund compliance automation.↵↵GrantPipe ($329/mo): donor CRM, restricted fund tracking, grant compliance, and compliance reporting in one system.↵↵The platforms with serious grant compliance capability in this group: two. The rest store grant records as data you can look up, not as a system that produces audit-ready reports.↵↵What is your team's current setup for grant compliance?",#donormanagement #nonprofitsoftware #grantmanagement #nonprofitcrm,apps/site/src/content/listicles/donor-management-software-comparison.md,no
2026-05-16,10,HOW_TO,"The sector average nonprofit retains fewer than half its donors each year. New donor retention is worse: 19-26% in the first year. Here is the step-by-step that actually moves the number.↵↵Step 1: Calculate your current retention rate. Retained donors divided by total prior-period donors, times 100. If you do not know this number, start here.↵↵Step 2: Acknowledge within 48 hours. Donors who receive a personal thank-you referencing the specific program their gift supports retain at materially higher rates than those receiving a generic receipt.↵↵Step 3: Segment by LYBUNT and SYBUNT. LYBUNT (Last Year But Unfortunately Not This Year) is your primary re-engagement list. SYBUNT requires a different message — what has changed, what they may have missed.↵↵Step 4: Report impact at least once per year. 'Your support helped fund the 87 families who received emergency rental assistance through our HUD grant' is a retention message. A generic year-in-review is not.↵↵Step 5: Convert one-time donors to recurring gifts. Monthly programs typically retain 80-90% of participants vs. the 43-46% sector average. The ask should come soon after the first gift.↵↵Step 6: Cultivate major gift prospects deliberately. The top 20% of donors by gift size typically generate 80% of revenue. Mass communications without segmentation accelerate lapse at the mid-level.↵↵GrantPipe connects donor records to grant-funded program outcomes so development staff can generate impact reports without manually reconciling two systems. The Growth tier at $539/month includes LYBUNT/SYBUNT segmentation and acknowledgment tracking built in.",#donorretention #nonprofitfundraising #donormanagement #grantpipe,apps/site/src/content/guides/donor-retention-strategies.md,yes
2026-05-17,1,STAT_BOMB,"The IRS processed approximately 42,000 Forms 990-T from 501(c)(3) organizations in fiscal year 2023 — and most of those filings became harder the moment the 2017 Tax Cuts and Jobs Act took effect.↵↵The TCJA silo rule under IRC Section 512(a)(6) ended loss netting across unrelated activities. A nonprofit with a $50,000 parking lot profit and a $40,000 bookstore loss now pays 21% tax on the full $50,000 — the bookstore loss stays in its own silo.↵↵Before 2018, those activities could offset each other. That option is gone.↵↵The $1,000 gross income threshold for filing applies per silo, not in aggregate. An organization with two unrelated activities can hit the filing threshold twice — even if the net across both is zero.↵↵Pre-TCJA net operating loss carryforwards remain available as aggregate offsets. Post-TCJA NOLs are silo-specific. Tracking which bucket a carryforward lives in is essential to getting the 990-T right.↵↵State filing obligations typically follow the federal trigger — California at 8.84%, New York at 7.25%, each with their own modification rules.↵↵GrantPipe tracks revenue by activity type, which is the same categorization your CPA needs to run the silo analysis. If your organization generates parking, advertising, or affinity program income, that conversation should happen before year-end.",#nonprofittax #form990t #ubitax #grantcompliance,apps/site/src/content/guides/form-990-t-unrelated-business-income.md,yes
2026-05-17,2,MYTH_BUSTER,"A common misconception: the restricted funds dashboard is a finance tool.↵↵It is not. It is a management tool — and the people who need it most are Executive Directors, not accountants.↵↵Finance already knows the balances. The problem is that information stays inside the accounting system, translated into reports that require context to interpret.↵↵An ED needs four things in one view: total restricted fund balances by grant, active risk flags (low burn rate, over-budget lines), upcoming reporting deadlines, and funds approaching expiration with remaining balances.↵↵A grant with $40,000 remaining and 45 days left in the award period needs roughly $27,000 per month in spend. If the current burn rate is $8,000 per month, that gap is visible — and actionable — if the dashboard shows it.↵↵Board-designated funds belong in the unrestricted net asset class under FASB ASC 958, not in the restricted fund summary. A common dashboard error is including board designations alongside donor-restricted funds, which overstates the restricted balance and misleads the ED.↵↵The weekly update takes fifteen minutes for a finance staff member who is already maintaining the fund records. The cost of an inaccurate dashboard — an expiring grant found too late — is considerably higher.↵↵What does your current system show an ED about restricted fund health at a glance?",#restrictedFunds #nonprofitfinance #grantmanagement #fundaccounting,apps/site/src/content/guides/how-to-design-a-restricted-funds-executive-dashboard.md,no
2026-05-17,3,WORKFLOW_STEP,"Pledge write-offs are one of the most commonly misbooked entries in nonprofit accounting.↵↵Under FASB ASC 958, an uncollectible pledge is not a bad debt expense. The correct entry debits the allowance for uncollectible pledges and credits the pledge receivable — no income statement expense.↵↵The instinct coming from for-profit accounting is to book bad debt expense. That instinct is wrong here, and auditors test for it.↵↵Where things go further wrong: organizations that recorded pledges with a zero allowance have nowhere to put the write-off except contribution revenue — a direct reduction to the top line that should have been anticipated at pledge recognition.↵↵Multi-year pledges carry an additional step. When a pledge discounted to present value is written off, the unamortized discount on that portion must also be eliminated. Leaving the discount in place after the receivable is removed overstates the contra-asset.↵↵Approval documentation must exist before the journal entry is posted — not added after the fact. Auditors look for the collectibility assessment, the signed approval, and the journal entry in a single file.↵↵Under FASB ASC 958-605, unconditional pledges must be recorded when the promise is made. The allowance estimated at that moment is the organization's first defense against a write-off hitting revenue.↵↵When did your organization last review the adequacy of its pledge allowance relative to the current aging?",#nonprofitaccounting #FASBASC958 #pledgemanagement #donormanagement,apps/site/src/content/workflows/pledge-write-off.md,no
2026-05-17,4,TERM_EXPLAINED,"A restricted fund holds money the organization legally cannot spend in any way it chooses.↵↵The distinction between holding assets and controlling them is the foundation of fund accounting. A $100,000 restricted grant increases the bank balance. It does not increase freely available resources — the money is obligated before it arrives.↵↵Under FASB ASC 958, restricted funds fall into three categories. Purpose restrictions limit spending to a specific program or activity. Time restrictions make funds unavailable until a future date — the unpaid installments of a multi-year pledge are a time-restricted asset. Perpetual restrictions require the principal to be held indefinitely; only investment income may be spent.↵↵FASB ASU 2016-14, effective for fiscal years beginning after December 15, 2017, consolidated the prior three-class system into two: net assets with donor restrictions and net assets without donor restrictions. All three restriction types now appear in a single balance sheet class, with footnote disclosure about the composition.↵↵Board-designated funds are a frequent source of misclassification. A board designation sits within net assets without donor restrictions — the board can rescind it at the next meeting. Confusing a board designation with a donor restriction overstates restricted net assets. Auditors test for this directly.↵↵The restriction releases when the donor's conditions are satisfied and documented. For purpose restrictions, that happens as qualifying expenditures are incurred. Without documentation, the release is an assertion.",#restrictedFunds #fundaccounting #FASBASC958 #nonprofitfinance,apps/site/src/content/glossary/restricted-fund.md,no
2026-05-17,5,TOOL_TEARDOWN,"Keela starts at $99/month and has a clean interface. For nonprofits focused on individual giving, it is a capable platform.↵↵The gap shows up when you manage grants alongside donors.↵↵Keela's grant tracking records award amounts and deadlines. It does not model the post-award lifecycle: restricted fund allocation to specific programs, expenditure tracking against those pools, or compliance documentation tied to funder requirements.↵↵For a nonprofit where grants represent 30–40% of revenue, that gap forces fragmentation: donor CRM in Keela, grant compliance in spreadsheets, manual reconciliation every month.↵↵The Omatic 2025 Nonprofit Integration Report found that nearly half of nonprofits are considering switching CRMs in the next 12 months — driven primarily by feature gaps, not cost. The most common trigger is operational fragmentation, where staff can still enter data but cannot get from transaction to funder report without rebuilding context in another tool.↵↵The question before switching is whether the replacement actually closes the gap. A lower price or cleaner interface at the same level of compliance depth is not an upgrade for grant-funded organizations — it is a lateral move.↵↵Three reports to identify before any demo: what does your team produce every month, what restricted-fund detail does leadership actually review, and what workflows break when one staff member is out?",#nonprofitCRM #grantmanagement #donormanagement #nonprofitsoftware,apps/site/src/content/alternatives/keela-alternative.md,no
2026-05-17,6,VERTICAL_HOOK,"Legal aid organizations receiving LSC funding operate under two simultaneous compliance frameworks — and they do not map cleanly onto each other.↵↵The financial layer: 2 CFR 200 Uniform Guidance applies because LSC is a federal funder. Single audit requirements, allowable cost documentation, time-and-effort certifications, and procurement standards apply in full.↵↵The programmatic layer: 45 CFR Part 1600-1644 adds LSC-specific requirements on top. Restrictions on case types, client eligibility verification, outcome definitions, and use of funds rules that go beyond standard federal grant compliance.↵↵LSC's 2017 Performance Criteria require grantees to maintain systems capable of producing case outcome data, client demographic information in aggregate, financial expenditure data by cost category, and case type allocations — all reconciled to the grant budget semi-annually.↵↵IOLTA funds add a third requirement: trust accounting rules under state bar regulations require separate account maintenance and reporting demonstrating allowable use — a legal authority distinct from both federal grant compliance and donor restriction law.↵↵The compliance failures that show up in LSC audits are consistent: client eligibility documentation gaps, financial reporting reconciliation errors, and case-type allocation discrepancies. Each is a documentation problem, not a practice problem.↵↵Organizations managing LSC, IOLTA, OVW, and foundation grants simultaneously are running four different reporting frameworks with four different regulatory bodies.",#legalaid #LSCgrants #grantcompliance #nonprofitcompliance,apps/site/src/content/vertical-pages/legal-aid-organizations.md,no
2026-05-17,7,FREE_RESOURCE,"The math on donor retention is straightforward and frequently ignored.↵↵A nonprofit with 2,000 donors and a 40% retention rate loses 1,200 donors every year. Moving from 40% to 50% retention keeps 200 more donors — at a modest $150 average gift, that is $30,000 in revenue that did not require a new acquisition.↵↵For organizations in the $500K–$10M budget range, retention is where growth actually comes from.↵↵First-time donor retention runs 20–25% at most organizations. That single segment has more improvement leverage than almost anything else in a development program — and the highest-leverage intervention is acknowledgment timing.↵↵The 48-hour window after a first gift is when the donor's connection to the cause is strongest. An automated email receipt is table stakes. A personal acknowledgment within 48 hours for gifts of $100 or more sets the tone for the entire relationship.↵↵Recurring donors deserve a different treatment. A donor giving $25 per month is worth $300 per year and typically retains for three to five years with good stewardship — a $900–$1,500 lifetime value donor. Failed payment monitoring, separate from the monthly acknowledgment rhythm, is the most commonly missed step.↵↵The full Donor Retention Playbook covers acknowledgment timing, recurring donor stewardship, lapsed donor reactivation, segmentation by giving level, and how to calculate and report retention rates to the board. Free download at grantpipe.com.",#donorretention #nonprofitfundraising #donorstewardship #development,apps/site/src/content/lead-magnets/donor-retention-playbook.md,no
2026-05-17,8,COMPARISON_INSIGHT,"Only 33.3% of nonprofits rate their CRM as effective, according to the Fifty & Fifty 2025 Nonprofit Peer Report. 20.1% call it outright ineffective.↵↵That number is not about the software. It is about the gap between what CRMs were built to do and what organizations actually need to operate.↵↵Bloomerang starts at $125/month with published pricing and a genuine differentiator: a donor retention dashboard that surfaces at-risk relationships before they go quiet. For organizations where retention analytics is the strategic priority, that feature set earns its price.↵↵DonorPerfect does not publish pricing — a sales call is required to get any number. The Pro tier supports up to 100 scheduled reports, which matters for organizations with complex reporting needs across board, funder, and finance audiences. Basic grant deadline management is included; post-award compliance is not.↵↵Neither platform covers restricted fund accounting at the level federal grants require. An organization managing three active federal awards alongside its donor base will need a separate compliance system regardless of which CRM it chooses — or it will run those functions in spreadsheets alongside the CRM.↵↵The useful question before a CRM decision is not which platform has a better feature list. It is: what does this platform require after purchase to become trustworthy for board packets, funder updates, and month-end reporting?↵↵A platform that answers that question without additional tooling, consulting setup, or manual exports is solving a different problem than one that does not.",#nonprofitCRM #bloomerang #donorperfect #grantcompliance,apps/site/src/content/comparisons/bloomerang-vs-donorperfect.md,no
2026-05-17,9,LIST_POST,"Five nonprofit CRMs priced under $350/month — and what each one does not cover.↵↵GrantPipe — $329/month flat. Donor CRM and grant compliance in one system. Restricted fund tracking and grant lifecycle management included. The exception in this price range for covering both functions.↵↵Little Green Light — $45–$119/month flat. Solid donor management with predictable pricing not tied to contact count. No grant management module. Best fit for small organizations with no compliance requirements.↵↵Neon CRM — $49–$99/month. More features than Little Green Light — event management, membership, API access. No dedicated grant compliance module. May exceed $100/month as contact volume grows past 5,000.↵↵Givebutter — $0 to $99/month. Modern donation page design and strong peer-to-peer fundraising. CRM features are secondary; the database is not built for compliance-focused organizations. Free plan transaction fees can offset the apparent cost savings.↵↵Zeffy — free. Completely free, no transaction fees. CRM features are minimal. No grant management. Appropriate only for very small organizations with basic donation processing needs.↵↵The organizing principle: if grant revenue exceeds 25% of total funding, compliance capability should be a non-negotiable requirement even at budget pricing. Many lower-cost donor platforms were designed for individual donor management. That design assumption is visible in what they omit.",#nonprofitCRM #grantsoftware #nonprofittechnology #grantmanagement,apps/site/src/content/listicles/best-nonprofit-crm-under-100-month.md,no
2026-05-17,10,HOW_TO,"How to document personnel costs on a federal grant every pay period — without creating an audit problem.↵↵2 CFR 200.430 requires salary charges to federal awards to be based on records reflecting actual work performed. Not budgeted percentages. Not end-of-year certifications. Contemporaneous records tied to each pay period.↵↵Step 1. Identify every employee whose compensation flows to a federal award — including employees funded 100% by one grant and employees split across multiple funding sources.↵↵Step 2. Determine the documentation standard. Employees funded solely on one federal program qualify for semi-annual certification. Split-funded employees require full effort reporting showing 100% of compensated time distributed across all activities, federal and non-federal.↵↵Step 3. Complete the effort record at the end of each pay period. Hours or percentage by grant and program activity for each day in the period. Employee signs. Supervisor reviews and signs.↵↵Step 4. Finance processes payroll charges based on the approved effort record — not the budget, not last period's allocation.↵↵Step 5. File the signed effort records in the grant file. Auditors check that record dates are near payroll dates, not completed weeks or months later.↵↵Step 6. When corrections are needed: document the original allocation, the corrected allocation, the reason, and the supervisor approval. 2 CFR 200.430(i)(8) permits after-the-fact adjustments when properly supported — undocumented retroactive reallocations are not permitted.↵↵The cycle takes five to ten minutes per employee per pay period. Missing T&E documentation typically results in questioned costs and potential repayment.↵↵GrantPipe connects staff cost allocation to effort records and grant budgets, so the documentation that satisfies a 2 CFR 200.430 audit is a byproduct of normal payroll processing rather than an end-of-year reconstruction.",#federalgrants #grantsmanagement #2CFR200 #nonprofitcompliance #grantcompliance,apps/site/src/content/guides/how-to-document-personnel-costs-on-federal-grants-daily.md,yes
2026-05-18,1,STAT_BOMB,"42% of non-government funders cap indirect cost allowances at 10% or less — while actual nonprofit overhead runs 25–35%.↵↵That gap is not hypothetical. It shows up every grant cycle as unreimbursed costs your organization absorbs.↵The MacArthur Foundation has publicly stated that 29% is the minimum for a financially healthy nonprofit.↵The OMB de minimis rate is 15% — a floor, not a target.↵When only 20% of grants include enough overhead coverage, the math compounds quietly across a grant portfolio.↵Budget-vs-actual tracking that surfaces this line item per award is the first step to quantifying the real net grant value.↵A $50,000 award with $10,000 in compliance costs is effectively a $40,000 grant — every grant manager should know that number before acceptance.↵↵GrantPipe tracks expenditures against approved budget lines in real time, so indirect cost shortfalls appear in the dashboard before they compound. See how it works at grantpipe.com.","#grantcompliance #nonprofitfinance #restrictedFunds #indirectcosts",apps/site/src/content/guides/grant-budget-tracking.md,yes
2026-05-18,2,MYTH_BUSTER,"The myth: if a cost is necessary for the grant, it is allowable under 2 CFR 200 Subpart E.↵↵The reality: a cost must pass four separate tests simultaneously.↵Necessary and reasonable — the prudent-person standard, evaluated at the time of purchase, not in hindsight.↵Conforms to limitations — the award terms can prohibit a cost even if it passes the reasonableness test.↵Consistently applied — a cost type treated as indirect for non-federal work cannot be claimed as direct on a federal award.↵Adequately documented — no documentation means no deduction, regardless of whether the cost was legitimate.↵↵Cost allowability and allocability findings represent over 40% of all questioned cost findings in federal single audits, per GAO's annual high-risk program analysis.↵The most commonly disallowed items: entertainment, alcohol (never allowable under 200.423), lobbying, and compensation above established organizational pay scales.↵Passing the necessity test while failing documentation is a compliance finding. Both matter.↵↵Which of the four tests does your team check most consistently?","#federalgrants #2cfr200 #grantcompliance #singleaudit",apps/site/src/content/guides/2-cfr-200-subpart-e-cost-principles.md,no
2026-05-18,3,WORKFLOW_STEP,"A release from restriction is not a revenue event. It is a reclassification — and the date it is posted matters.↵↵Under FASB ASC 958-205, a restricted net asset releases when the donor-imposed stipulation expires or is fulfilled — not when the accountant gets to the journal entry.↵For purpose restrictions, the release date is the date the last qualifying expenditure was incurred.↵For time restrictions, the release date is the date the restriction expired.↵Releasing the full grant balance at year-end without verifying that expenditures equal or exceed the release amount is the most common error in this workflow.↵If $80,000 was received and $65,000 was spent, only $65,000 releases — the remaining $15,000 carries forward as restricted.↵The audit file needs the GL expenditure detail, the donor agreement, the dated journal entry, and the roll-forward schedule that ties to the GL.↵↵Do your restricted fund release entries carry a supporting expenditure schedule, or is the journal entry standing alone?","#restrictedFunds #asc958 #nonprofitaccounting #grantcompliance",apps/site/src/content/workflows/year-end-restricted-release.md,no
2026-05-18,4,TERM_EXPLAINED,"Program income is the grant compliance category that most organizations undercount — not because they ignore it, but because the definition is broader than it sounds.↵↵""Program income"" under 2 CFR 200.307 means gross income earned from activities supported by the federal award during the period of performance.↵Not net of expenses. Gross. If participants pay a $50 registration fee for a grant-funded training program, $50 is the program income figure — not $50 minus delivery costs.↵Insurance reimbursements (Medicaid, Medicare, private) for services delivered under a federally-funded health grant are typically program income.↵Proceeds from selling items fabricated with grant funds are program income.↵There are three treatment methods: deduction (default), addition, and cost-sharing. If the grant agreement is silent, the deduction method applies automatically.↵Unreported program income is a compliance finding under 2 CFR 200.307 even if the money was used appropriately.↵The finding is not misuse — it is failure to report and formally apply the required treatment method.↵↵The communication gap between program staff who know income was earned and finance staff who prepare the SF-425 is the most common failure point.","#federalgrants #programincome #2cfr200 #grantcompliance",apps/site/src/content/glossary/program-income.md,no
2026-05-18,5,TOOL_TEARDOWN,"Blackbaud does not publish pricing. Every organization negotiates blind.↵↵Mid-sized nonprofits ($500K–$10M) report paying $5,000–$15,000/year in base licensing for Raiser's Edge NXT.↵Implementation with a certified partner runs $10,000–$50,000+ — required, not optional.↵Year-one total cost typically lands between $20,000 and $65,000 for a mid-market organization.↵Multi-year contracts are standard, early termination carries penalties, and annual price increases of 5–10% are built in.↵Online giving forms, email marketing, and advanced analytics are frequently separate paid add-ons not included in base pricing.↵Raiser's Edge NXT does not include grant compliance at any tier — restricted fund tracking and compliance reporting require manual workarounds.↵↵The headline monthly equivalent looks manageable until you model year-one cost in three buckets: subscription, implementation effort, and ongoing process overhead.↵↵What was the actual year-one cost when your organization last adopted a platform like this?","#nonprofitsoftware #blackbaud #raisersedge #nonprofitfinance",apps/site/src/content/pricing-breakdowns/blackbaud-pricing.md,no
2026-05-18,6,VERTICAL_HOOK,"A mid-sized food bank can be running five separate federal compliance frameworks simultaneously — each with different deadlines, different documentation requirements, and different contacts.↵↵USDA TEFAP requires pounds-by-category commodity distribution logs, eligibility verification records, and storage documentation.↵FEMA EFSP requires expenditure tracking by allowed categories on a quarterly basis — and reports go to the local board, not the state agency.↵CDBG, Feeding America network allocations, and foundation grants each add another set of reporting requirements.↵TEFAP reports typically go to the state TEFAP agency; EFSP reports go to the local EFSP board and National Board.↵These are separate systems with separate contacts, separate formats, and separate consequences for missed deadlines.↵Seasonal demand spikes in December and summer create pressure to reallocate restricted funds quickly — but grant restrictions do not flex for demand patterns.↵↵The cumulative administrative load is what breaks spreadsheet-based compliance management for food banks, not any single grant's complexity.↵↵How many separate compliance frameworks is your team tracking today?","#foodbanks #hungerrelief #grantcompliance #nonprofitoperations",apps/site/src/content/vertical-pages/food-banks.md,no
2026-05-18,7,FREE_RESOURCE,"Under 2 CFR 200.308, a grant budget modification requires prior approval when it involves a change in scope, a key personnel change, or a transfer that exceeds the award's rebudgeting threshold — commonly 10% of the total award.↵↵The threshold applies cumulatively, not per transaction.↵A series of small transfers that each fall below 10% can collectively exceed it if you are not tracking the running total.↵Every modification below the threshold still needs to be documented internally in a cumulative log — the absence of that log is a compliance finding when the award is reviewed.↵The formal request must describe the specific change (exact categories, dollar amounts, direction of transfer), justify the operational need, and demonstrate the modification does not alter project scope or objectives.↵Do not spend from modified budget categories until the approval is received and filed.↵↵A free grant budget amendment request template covering all six required sections — including the cumulative modification log — is available at grantpipe.com/free.","#federalgrants #budgetmodification #2cfr200 #grantcompliance",apps/site/src/content/lead-magnets/grant-budget-amendment-request-template.md,no
2026-05-18,8,COMPARISON_INSIGHT,"Givebutter vs Bloomerang is often framed as ""free vs $125/month."" The more accurate frame is: a fundraising platform vs a donor CRM.↵↵Givebutter earns revenue through optional donor tips at checkout — no subscription, but standard payment processing fees (2.9% + $0.30) apply.↵It runs campaigns, events, peer-to-peer fundraising, and livestreams well. Donor CRM depth is basic — no segmentation, no at-risk dashboards, no lapsed donor workflows.↵Bloomerang starts at $125/month and scales by constituent records. The at-risk donor dashboard and multi-year giving analytics are the main arguments for the subscription cost.↵Only 33.3% of nonprofits rate their CRM systems as effective, per the Fifty & Fifty 2025 Nonprofit Peer Report.↵Neither platform includes grant lifecycle management or restricted fund compliance.↵Organizations receiving restricted grants manage compliance separately from both — either in a third system or in spreadsheets.↵↵If grant compliance is a material part of your development operation, that gap is worth weighing in any platform comparison.","#nonprofitCRM #givebutter #bloomerang #grantmanagement",apps/site/src/content/comparisons/givebutter-vs-bloomerang.md,no
2026-05-18,9,LIST_POST,"GrantHub Pro was sunset January 31, 2026. Before picking the replacement, answer one question: were you primarily using GrantHub for pipeline tracking, or for post-award compliance?↵↵Most GrantHub users fell into two groups.↵Group one tracked applications, deadline calendars, and funder contacts — and managed post-award compliance separately in spreadsheets.↵Group two wanted both in one place and lived with the gap.↵For group one, almost any modern grant tracking tool replicates the visible function. For group two, a replacement that only covers pipeline management re-creates the original problem.↵Five tools worth evaluating: GrantPipe (post-award compliance + donor CRM), Instrumentl (pre-award discovery), Salesforce Nonprofit (configurable, heavy implementation), Neon CRM (donor-first, minimal compliance depth), Submittable (grantmaker-side only — not a recipient tool).↵Salesforce Nonprofit typically requires $20,000–$50,000+ in implementation consulting before it is usable for mid-sized compliance workflows.↵Submittable is the funder's portal. You submit to it as an applicant — you would not own a subscription.↵↵The migration window is the opportunity to close the compliance gap, not just replicate a sunset product's features.","#granthub #grantmanagement #nonprofitsoftware #grantcompliance",apps/site/src/content/listicles/best-granthub-replacement-after-pro-sunset.md,no
2026-05-18,10,HOW_TO,"How to build a grant reporting calendar that actually prevents missed deadlines — step by step.↵↵Step 1: Pull every active grant agreement and extract every required report. Do not rely on memory. Federal notices of award, foundation grant letters, and state passthrough subgrant agreements each specify their own schedules.↵↵Step 2: For each report, record five things: due date, report type (financial or programmatic), submission method (portal URL, email, mail), responsible person, and current status. Financial and programmatic reports for the same grant often have different due dates and different owners.↵↵Step 3: Set internal lead-time reminders at 30 days and 10 days before each external deadline. The 30-day trigger is for data collection; the 10-day trigger is for drafting and review.↵↵Step 4: Identify deadline stacking periods 60–90 days in advance. Federal fiscal year end (September 30) and calendar year end (December 31) routinely stack multiple reports in the same two-week window.↵↵Step 5: Update the calendar immediately when an amendment arrives, a no-cost extension changes the period-of-performance end date, or a program officer confirms a deadline change in writing. A calendar built at award inception and never updated gives false confidence.↵↵Step 6: Connect each calendar entry to the underlying grant file — prior reports, performance measures, budget-vs-actual data, and portal login credentials. The deadline alert is useless if the responsible person cannot find the grant file.↵↵Final reports for federal awards are typically due within 120 days of the period-of-performance end date. Missing a federal deadline generates a delinquency flag that can suspend draw-down access and affect future award eligibility.↵↵GrantPipe centralizes the reporting calendar alongside the grant file, budget tracking, and compliance documentation — so the alert and the supporting data are in the same place. Try it free at grantpipe.com.","#grantreporting #grantcompliance #nonprofitoperations #grantsmanagement",apps/site/src/content/guides/grant-reporting-calendar-template.md,yes
2026-05-19,1,STAT_BOMB,"FFATA requires prime federal recipients to report subawards of $25,000 or more — and most organizations miss the deadline without realizing it.↵↵The report is due by the end of the month following the month the subaward was obligated.↵A subaward obligated March 15 must be filed by April 30 — not 30 days after the obligation date, but the end of the following calendar month.↵The report goes through the SAM.gov FFATA Subaward Reporting System (formerly FSRS.gov), linked to the prime award by the Federal Award Identification Number.↵If the FAIN is wrong, the subaward does not appear under the correct prime on USAspending.gov — and that gap shows up in reviews.↵Executive compensation reporting applies only when the subrecipient met the $25M / 80% federal revenue test in the prior fiscal year and the data is not already public via a Form 990.↵↵Most prime recipients also carry a separate obligation under 2 CFR 200.332 for subrecipient monitoring — both apply to the same subaward but serve different purposes.↵↵GrantPipe tracks FFATA reporting deadlines and 200.332 monitoring tasks on the same grant record so neither obligation falls through.",#federalgrants #ffata #grantcompliance #nonprofitfinance,apps/site/src/content/guides/ffata-subaward-reporting-over-25k.md,yes
2026-05-19,2,MYTH_BUSTER,"Data migration is cited as the top barrier to CRM adoption by 44% of nonprofits that have delayed a software switch.↵↵The most common reason a CSV donor import fails is not a technical problem — it is name formatting in the source file.↵A spreadsheet that has 'John and Jane Smith' in one row and 'Smith, John' in another cannot be automatically de-duplicated.↵Standardizing name columns — last name and first name as separate fields — eliminates the majority of import failures before the file is uploaded.↵The other failure mode: giving history rows that reference donor records not yet in the system.↵Import donors first, then gifts in a second pass linked by email or external ID.↵↵The full import failure rate drops dramatically when the source file is clean.↵Spending 20 minutes cleaning the export before uploading is faster than correcting records one at a time after the fact.↵↵What is the messiest data situation you have inherited from a previous system?",#nonprofitcrm #donordata #datamigration #nonprofitoperations,apps/site/src/content/features/csv-donor-import.md,no
2026-05-19,3,WORKFLOW_STEP,"A donor pledge is not a donation until it is unconditional.↵↵Under FASB ASC 958-605, an unconditional pledge is recorded as contribution revenue and receivable on the date the promise is made — not when cash arrives.↵A conditional pledge, where the donor has imposed a barrier such as a matching requirement or milestone, stays off the balance sheet entirely until that barrier is met.↵Multi-year pledges collectible beyond one year must be discounted to present value; a five-year $100,000 pledge at 4% is recorded at roughly $89,000 today.↵Every pledge portfolio needs an allowance for uncollectibles — zero is almost never defensible, even for strong donor relationships.↵↵The most common pledge accounting error: misclassifying a conditional pledge as unconditional, which overstates current-year revenue.↵↵The second most common: skipping present-value discounting because the math looks complicated.↵Both are adjusting items at audit.↵↵When a pledge is written off, it reduces contribution revenue — not bad debt expense.↵That distinction catches organizations coming from for-profit accounting backgrounds every time.",#donormanagement #nonprofitaccounting #fasbasc958 #pledgemanagement,apps/site/src/content/workflows/track-donor-pledges-vs-payments.md,no
2026-05-19,4,TERM_EXPLAINED,"The CFDA number was renamed the Assistance Listing Number (ALN) in 2019 — but most grant agreements, audit reports, and accounting systems still say CFDA.↵↵The format is XX.XXX: first two digits identify the federal agency, last three identify the program.↵CFDA 93.044 is the Aging Services program. CFDA 14.231 is HUD's Emergency Solutions Grants.↵The ALN does three things simultaneously: links the award to the program catalog, drives the SEFA structure under 2 CFR 200.510, and points the auditor to the right chapter in the OMB Compliance Supplement.↵Getting the ALN wrong on the SEFA is a compliance finding in its own right — approximately 15% of single audit financial-reporting findings involve SEFA ALN reporting errors, per Federal Audit Clearinghouse data.↵↵Pass-through entities have an additional obligation: when sub-awarding, 2 CFR 200.332 requires the ALN to be included in the sub-award agreement.↵Omitting it is a finding even when everything else is correct.↵↵One more common misconception: the ALN does not change when a new award is issued under the same program.↵Your award number changes; the program identifier does not.",#grantcompliance #federalgrants #singleaudit #uniformguidance,apps/site/src/content/glossary/cfda-assistance-listing-number.md,no
2026-05-19,5,TOOL_TEARDOWN,"Little Green Light starts at $45/month for up to 2,500 records — one of the most transparent pricing structures in the nonprofit CRM market.↵↵All features are included at every tier, there are no user limits, and no long-term contracts are required.↵The tier scales by roughly $15/month increments as the record count grows: $60 for 5,000 records, $75 for 10,000, $90 for 20,000.↵Every contact counts toward the tier — active donors, lapsed donors, event attendees, volunteers.↵A 10-year-old organization with a large lapsed file can find itself in a higher tier than expected.↵↵What the pricing page does not say: there is no grant management at any tier.↵No restricted fund tracking, no expenditure reporting tied to specific grants, no compliance documentation for audits.↵For organizations managing three or more active grants with different funders and reporting requirements, adding a separate grant tool typically exceeds the cost of a platform that handles both.↵↵The headline price question is not whether the monthly fee fits today.↵It is whether the tool keeps the process simple enough to avoid added software spend later.",#nonprofitcrm #nonprofitsoftware #grantmanagement #nonprofitfinance,apps/site/src/content/pricing-breakdowns/little-green-light-pricing.md,no
2026-05-19,6,VERTICAL_HOOK,"There are approximately 1,400 HRSA-funded health center organizations operating more than 14,000 service delivery sites — and HRSA Health Center Program grants totaled $6.6 billion in FY2023.↵↵Community health centers occupy a compliance position unlike most nonprofits: they are simultaneously a healthcare provider under 42 CFR Part 51c and a federal grant recipient under 2 CFR 200.↵Section 330 grantees must maintain documented cost allocation methodologies for all shared costs — staff, facilities, medical supplies — across programs.↵An arbitrary allocation percentage applied without documentation is a finding waiting to happen during a HRSA site visit or OIG audit.↵The annual Uniform Data System report compounds the complexity: it integrates financial data with patient visit counts by payer type, clinical quality measures, and service data in a single submission.↵↵When a center receives both a base Section 330 grant and a SAMHSA behavioral health co-location award, each program's expenditures must be tracked independently — commingling is the most common finding in HRSA compliance reviews.↵↵This dual obligation is where standard donor management tools stop and purpose-built grant compliance software earns its cost.",#federalgrants #communityhealth #hrsa #grantcompliance,apps/site/src/content/vertical-pages/community-health-centers.md,no
2026-05-19,7,FREE_RESOURCE,"Boards do not approve software purchases because of features.↵They approve them because the current approach is creating a documented risk.↵↵The framing that moves a board: 'We have a compliance gap that creates audit exposure' is more compelling than 'this system has better reporting.'↵The three dimensions boards are actually evaluating: Is the current approach creating compliance risk? Is the proposed investment proportionate? Is there a credible implementation plan with a named owner?↵For total cost of ownership framing, boards respond to specific dollar amounts — 'Finance staff spend 12 hours per month on manual reconciliation at a loaded cost of $450 per month' lands harder than 'this takes too much time.'↵↵The 3-year TCO comparison is the format finance committee members expect.↵Model year-one cost in three buckets: subscription, implementation labor, and process overhead — the ongoing cost of exports, manual reconciliation, and report reformatting that continues after launch.↵↵Free board approval memo template for software purchase: covers the current-state risk framing, TCO comparison table, implementation plan, and resolution language.↵Download at grantpipe.com/free/board-approval-memo-software-template.",#nonprofitgovernance #boardmanagement #nonprofitoperations #grantmanagement,apps/site/src/content/lead-magnets/board-approval-memo-software-template.md,no
2026-05-19,8,COMPARISON_INSIGHT,"Blackbaud vs a focused mid-market platform is not a question of which vendor is more capable.↵It is a question of how much operating complexity the organization can absorb.↵↵Blackbaud's strength is ecosystem breadth: advancement tooling, finance modules, institutional credibility.↵That breadth is a genuine advantage for large organizations that have the staff depth, process maturity, and budget to operate it well.↵For a mid-sized nonprofit with lean finance and development capacity, the same breadth can become a tax — more setup decisions, longer time to steady state, and more surface area than the team actually uses.↵↵The four questions worth asking before the evaluation: How long before staff can rely on the system weekly? How much grant and restricted-fund context still has to be translated manually after implementation? What does leadership need to see every month? How much of the platform will the team actually use?↵↵If the answer to the fourth question is 'not much,' ecosystem depth stops being a strength.↵↵The hidden cost in enterprise-leaning systems is rarely on the invoice.↵It is in the organizational drag that comes before the team reaches confident, weekly use.",#nonprofitsoftware #grantmanagement #blackbaud #nonprofitoperations,apps/site/src/content/comparisons/grantpipe-vs-blackbaud.md,no
2026-05-19,9,LIST_POST,"Grant tracking software divides into two distinct categories — and most buyers searching for the term need the second one.↵↵Pre-award grant tracking: discovering opportunities, managing application pipelines, tracking submission deadlines.↵Post-award grant tracking: expenditure management against approved budget categories, restricted fund balance monitoring, compliance report generation, audit documentation.↵↵The top-ranked tools in most search results are optimized for pre-award pipeline management.↵Post-award compliance is less marketable, but it is where compliance failures actually happen.↵↵Three capabilities determine whether a tool can support compliance work:↵First, restricted fund balance tracking by budget category — not just award-level totals.↵Second, expenditure documentation linked to individual grant budget lines.↵Third, compliance report generation from actual expenditure data.↵↵A tool that cannot do all three tracks grants informally.↵It does not manage compliance.↵↵GrantHub Pro was sunset by Foundant/CommunityForce on January 31, 2026 — it is no longer available.↵If it appears on a shortlist, it should not be there.↵↵Spreadsheets work for one or two simple grants.↵At three or more active grants with different funders, restrictions, and reporting cycles, the fragility typically outpaces the flexibility.",#granttracking #grantmanagement #nonprofitsoftware #grantcompliance,apps/site/src/content/listicles/best-grant-tracking-software-for-nonprofits.md,no
2026-05-19,10,HOW_TO,"Time and effort certification under 2 CFR 200.430 has one central compliance point: the after-the-fact rule.↵↵Personnel costs charged to federal awards must be supported by records that reflect actual work performed — not budgeted, planned, or estimated time.↵A payroll system that automatically allocates 60% to one grant and 40% to another each pay period, without employee confirmation, is a budget-based allocation. It does not satisfy the requirement.↵The clearest audit red flag: timesheets that mirror budget percentages exactly, month after month, with no variation.↵Auditors treat that pattern as presumptive evidence the certifications are prospective, not after-the-fact.↵↵Acceptable formats under the 2024 Uniform Guidance revision include paper timesheets, spreadsheet logs, electronic time-tracking systems, and payroll systems with project coding confirmed by the employee at period end.↵The format does not matter. What matters is that a qualified person confirms what actually happened, after the period ends.↵↵Personnel costs represent 65-75% of federal grant expenditures in human services awards.↵Missing or inadequate time records generate dollar-for-dollar disallowed costs — partial documentation does not reduce the exposure proportionally.↵↵GrantPipe tracks certification status by period and flags late or missing records in the compliance dashboard before the audit, not during it.↵Start a free trial at app.grantpipe.com/signup.",#federalgrants #uniformguidance #grantcompliance #nonprofitfinance,apps/site/src/content/guides/time-and-effort-certification-federal-grants.md,yes
2026-05-20,1,STAT_BOMB,"The median nonprofit spends 6–8 hours per grant per year on reporting — 30+ cumulative hours over a grant's lifetime.↵↵That is not time spent on program work. That is time spent assembling budget-vs-actual tables, hunting for expenditure documentation, and formatting numbers a funder already has in their system.↵↵Most of the labor comes from two sources: the financial reconciliation by line item, and the narrative that ties outcomes to the targets written into the original application.↵↵A federal grant report needs both. So does a foundation progress report. The format differs — SF-425 for federal awards, PDF or web form for most foundations — but the core content is identical.↵↵Budget vs. actual by category. Actual participant counts versus committed targets. Explanation of any variance above 10%.↵↵If those three elements are current and organized throughout the grant period, the 6–8 hours compresses significantly. If they are not, the report becomes the reconciliation.↵↵GrantPipe tracks restricted fund balances and budget-vs-actual by line item throughout the grant period — so the data is ready when the report deadline arrives, not assembled at deadline pressure.","#grantcompliance #nonprofitfinance #grantreporting #restrictedFunds",apps/site/src/content/guides/grant-reporting-examples.md,yes
2026-05-20,2,MYTH_BUSTER,"The myth: three donor segments is enough — everyone, major donors, lapsed.↵↵The problem: three segments cannot drive differentiated action.↵↵AFP Fundraising Effectiveness Project data shows first-year donor retention averaging 19–22%. Donors retained for three or more years retain at 60–65%. Those two populations need entirely different outreach. One list treats them the same.↵↵Organizations with retention programs that actually work use fifteen or more saved segments, each connected to a specific workflow: LYBUNT re-activation, first-year second-gift cultivation, mid-level upgrade asks, lapsed sustainer re-engagement.↵↵The cost difference matters here. Acquiring a new donor runs $50–$100. Re-activating a lapsed donor costs $15–$30. Segmentation that surfaces the right LYBUNT population before each appeal is among the highest-ROI activities in the development calendar.↵↵A saved segment is not a static list. It is a live query that updates as records change. When a lapsed donor gives again, they leave the re-activation segment automatically. No manual refresh, no spreadsheet reconciliation.↵↵The difference between three segments and fifteen is not complexity. It is whether the development team has actionable lists or a single undifferentiated pile.","#donorretention #nonprofitcrm #fundraising #donorsegmentation",apps/site/src/content/features/donor-segmentation.md,no
2026-05-20,3,WORKFLOW_STEP,"A release from restriction is not a revenue event. Under FASB ASC 958-205, it is a reclassification.↵↵Debit net assets with donor restrictions. Credit net assets without donor restrictions. The total net asset number does not change. The columns shift.↵↵That distinction matters because it determines when the entry is dated — and dating it incorrectly is one of the most common year-end close errors in nonprofit accounting.↵↵The release should be dated at the moment the restriction was satisfied. For purpose restrictions, that is the date the last qualifying expenditure was incurred. For time restrictions, it is the date the time condition expired. Not the date the accountant posted the entry. Not December 31 by default.↵↵A year-end procedure that batches all releases at fiscal close — regardless of when expenditures occurred — misrepresents when restricted funds became available. Auditors testing restricted net assets will trace back to expenditure evidence. If the entry date does not align with the documented fulfillment date, it is a finding.↵↵The practical fix: run purpose-restriction releases monthly as program expenses post. By year-end, the calculation is already done. The close becomes a verification exercise, not a three-day reconciliation.↵↵FASB ASU 2016-14 requires footnote disclosure of the nature, amounts, and expected timing of remaining restrictions.","#restrictedFunds #nonprofitaccounting #ASC958 #grantcompliance",apps/site/src/content/workflows/year-end-restricted-release.md,no
2026-05-20,4,TERM_EXPLAINED,"Grant spend-down is the phrase that makes program directors nervous toward the end of a grant year.↵↵The pressure is real. The framing matters.↵↵"Spend the money before December 31" is a dangerous way to think about it. The correct framing is: incur allowable, documented expenses on approved activities before December 31. Those are different standards with different compliance consequences.↵↵Under 2 CFR 200.309, all costs charged to a federal award must be incurred within the approved budget period. A grant that reaches zero balance through rushed, inadequately documented spending has a zero balance and a compliance problem. Questioned costs — expenses that fail the allowable, allocable, or reasonable tests — can require repayment even if the money was technically spent.↵↵Federal grant closeout data shows approximately 15% of federal awards to nonprofits result in some funds returned at closeout, with the average returned balance representing 4–8% of the award.↵↵Spend-down problems are best identified four to six months before the award end date. With that lead time, organizations can re-program budget, add allowable activities, or request a no-cost extension — all of which produce real program work with real documentation.↵↵With four weeks of lead time, the only option is a spending rush that creates more risk than it resolves.","#grantcompliance #federalgrants #spenddown #nonprofitfinance",apps/site/src/content/glossary/spend-down.md,no
2026-05-20,5,TOOL_TEARDOWN,"Keela's grant module tracks pipeline stages, deadlines, and funder relationships. That is the pre-award development workflow, and it does it reasonably well.↵↵Post-award, the workflow ends.↵↵When a grant is awarded and the compliance clock starts — when a funder requires a financial report showing how restricted funds were spent, when a federal grant requires drawdown documentation, when budget-vs-actual needs to go to an auditor — Keela's grant management tools are not designed for those functions.↵↵No restricted fund balance tracking. No expenditure-to-budget-line mapping. No release-from-restriction documentation. No SF-425 generation from actual expenditure data.↵↵The result for most grant-funded nonprofits using Keela: the development team runs Keela, and the finance team runs a separate spreadsheet system. The two do not talk. The reconciliation is manual.↵↵The shift from development-function grant management to compliance-function grant management happens when a federal grant arrives, an audit finding surfaces around restricted fund documentation, or a funder asks for a financial report that requires pulling from multiple sources.↵↵Keela's published pricing is not public — a demo is required to get numbers. GrantPipe publishes all tiers: Starter $329/mo, Growth $539/mo, Audit-Ready $1,079/mo.","#nonprofitcrm #grantmanagement #grantcompliance #keela",apps/site/src/content/alternatives/keela-alternative-grant-funded-nonprofits.md,no
2026-05-20,6,HOW_TO,"Your board sees total gifts received. That number is not actionable.↵↵It tells them what came in. It does not tell them whether the donor base is healthy or declining. Two organizations can show the same revenue total — one retained 70% of donors, the other retained 35% and replaced churn with expensive new acquisition. The revenue line hides that difference.↵↵The four metrics that produce a useful board conversation:↵↵Overall retention rate with year-over-year trend. Retention rate by giving segment — major ($1,000+), mid-level ($250–$999), general. LYBUNT count with estimated recapture revenue in dollars. Average gift size trend over four or more quarters.↵↵Major donor retention should sit at 80% or higher. If it falls below that, the board needs to see it — major donors typically represent a disproportionate share of total revenue and falling retention is not a quarterly metric problem, it is a relationship problem.↵↵Translate the retention rate into dollars before the board meeting: 260 lapsed donors at an average prior gift of $185 equals $48,100 in revenue that must be replaced through acquisition or recapture. That is a board-level decision, not a staff-level observation.↵↵Report this quarterly. Annual retention reporting arrives too late to adjust strategy in the same fiscal year.","#donorretention #boardreporting #nonprofitfinance #fundraising",apps/site/src/content/guides/donor-retention-reporting-for-boards.md,no
2026-05-20,7,FREE_RESOURCE,"GrantHub Pro was sunset January 31, 2026. If your organization ran on it, the migration is not just a data transfer — it is a compliance infrastructure rebuild.↵↵GrantHub's export files contain grant names, funder contacts, deadline records, and application history. What they do not contain: expenditure data, restricted fund balances, approved budget by category, or compliance documentation. GrantHub never tracked those things.↵↵The post-award compliance layer has to be built from scratch in the replacement system, sourced from award letters, your accounting system, and institutional memory. Budget 30–60 minutes per active grant for that reconstruction.↵↵The replacement evaluation checklist has two sections. The first covers what GrantHub did — pipeline management, deadline calendar, funder contact history. The second covers what GrantHub did not do — restricted fund balance tracking, expenditure mapping to budget lines, SF-425 generation, audit documentation trail.↵↵Both sections matter. A replacement that only replicates GrantHub's pre-award capabilities leaves the compliance gap open.↵↵Under 2 CFR 200.334, grant records must be retained for a minimum of three years from the final expenditure report submission date. Archive GrantHub export files accordingly before the cleanup.↵↵The full GrantHub Migration Checklist — covering all seven phases from export validation through decommission — is available free at grantpipe.com.","#granthub #grantmanagement #nonprofitcompliance #grantmigration",apps/site/src/content/lead-magnets/granthub-migration-checklist.md,no
2026-05-20,8,COMPARISON_INSIGHT,"Bloomerang starts at $125/month and deploys in one to two weeks. Salesforce Nonprofit Cloud often carries $30,000–$100,000 in implementation costs before any staff log in.↵↵That gap is the most important number in the comparison, and it rarely appears in the demos.↵↵Bloomerang is a donor-first CRM. It does donor retention and fundraising workflows well. It does not do restricted fund accounting or post-award compliance in the way a grant-heavy organization needs those functions to work.↵↵Salesforce can be configured to track grants and related compliance, but that means scoping, building, and maintaining custom objects, fields, workflows, and reporting — by consultants, at $150–$250 per hour, with ongoing admin costs of $10,000–$25,000 per year.↵↵The practical filter for the comparison: which product gives your team a trustworthy report faster with less manual reconstruction after the demo ends?↵↵For organizations whose primary question is donor engagement, Bloomerang is usually the more practical choice. For organizations that also manage restricted grants and need finance-grade compliance, neither product gives you the answer without additional work.↵↵The buying mistake that repeats: comparing both tools only at the CRM layer and finding out after implementation what the grant compliance workflow actually costs.","#nonprofitcrm #bloomerang #salesforce #grantcompliance",apps/site/src/content/comparisons/bloomerang-vs-salesforce-nonprofit.md,no
2026-05-20,9,LIST_POST,"Only 33.3% of nonprofits rate their CRM as effective. The other 66% are paying for a system they cannot trust to answer the basic questions.↵↵Five things executive directors need from a CRM that feature comparison tables miss:↵↵Board-ready reports without a weekend of prep. If pulling the quarterly donor retention summary requires exporting to Excel and rebuilding formulas, the platform is adding work rather than removing it.↵↵Predictable total cost. Salesforce NPSP lists free licenses through TechSoup. The implementation runs $30,000–$100,000. Ongoing admin costs $10,000–$25,000 per year. The license is not the cost.↵↵Grant compliance in the same record as donor context. Development staff and finance staff should look at the same grant record — not a development record in the CRM and a compliance record in a spreadsheet that require manual reconciliation.↵↵Staff adoption without sustained training investment. A platform that requires certification to produce a standard report will be adopted by one person and avoided by everyone else.↵↵Answers to the questions board members actually ask: What is our donor retention rate. How many grants are active and are we compliant. What does the development pipeline look like for next fiscal year. Those questions should take minutes, not hours.↵↵The evaluation question worth asking before any demo: can this platform reduce the time between a board question and a verified answer?","#nonprofitcrm #executivedirector #boardreporting #grantcompliance",apps/site/src/content/listicles/best-nonprofit-crm-executive-directors.md,no
2026-05-20,10,HOW_TO,"Every cost charged to a federal grant must pass three tests simultaneously under 2 CFR Part 200.↵↵Allowability — the cost is not prohibited by the terms of the award, by 2 CFR 200.420–200.475, or by any other applicable regulation. Explicit unallowable categories include alcoholic beverages (200.423), entertainment (200.438), fundraising costs (200.442), and lobbying (200.450). No exceptions on these.↵↵Allocability — the grant actually benefited from the cost. A staff member who works 40% of their time on a federal grant can allocate 40% of their salary to that grant. A supply purchase used entirely on a different program cannot be allocated to the grant regardless of how it is coded.↵↵Reasonableness — a prudent person would pay this amount for this good or service in the ordinary course of business. Costs established through competitive procurement are easier to defend. Costs from related parties without arm's-length pricing, or costs that significantly exceed market rates, may fail this test even if they are otherwise allowable.↵↵A cost that passes two tests but fails one is disallowable and must be removed from the grant ledger — typically absorbed from unrestricted funds or repaid to the federal agency.↵↵The documentation principle: if you had to explain the cost to a skeptical auditor who has never heard of your organization, write that explanation at the time of the transaction. Documentation assembled retroactively carries far less weight.↵↵GrantPipe tracks budget-vs-actual by line item against 2 CFR 200 cost categories, so compliance gaps surface during the grant period — not at audit.","#federalgrants #allowablecosts #2CFR200 #grantcompliance",apps/site/src/content/guides/allowable-costs-federal-grants.md,yes
2026-05-21,1,STAT_BOMB,"The median nonprofit spends 6–8 hours per grant per year on funder reporting — and 30+ hours over a grant's full lifetime.↵↵That number comes from the Center for Effective Philanthropy's Grantee Perception Reports and it understates the problem for organizations managing five or more active grants simultaneously.↵↵The time is not wasted on complex analysis. It goes to reformatting the same budget-vs-actual table for four different funder templates, hunting down expenditure records scattered across spreadsheets and email folders, and reconciling financial figures that do not quite match what is in the accounting system.↵↵A reporting calendar mapped twelve months out — with data collection tasks assigned in advance of each deadline — cuts that time significantly. The report itself is not the work. The scramble to assemble the inputs is.↵↵Federal, state, and foundation funders each expect different formats and levels of detail. No universal template exists. But a baseline structure covering the eight common elements (grant ID, executive summary, activities, outcome data, budget-vs-actual, variances, next-period plans, certification signature) handles 80% of the packaging work before funder-specific formatting begins.↵↵GrantPipe generates funder-specific financial report drafts directly from the grant ledger — no spreadsheet rebuild before each deadline. See how at grantpipe.com.","#grantreporting #nonprofitfinance #grantcompliance #restrictedFunds",funder-reporting-templates.md,yes
2026-05-21,2,MYTH_BUSTER,"Payroll allocation errors are rare. They are the opposite: they appear in roughly 25% of single-audit engagements every year.↵↵The HHS Office of Inspector General cross-cutting findings report identifies payroll allocation as a persistent top-five single audit finding. The reason is structural, not negligent.↵↵Most nonprofits run payroll in ADP or QuickBooks. The grants manager maintains a separate spreadsheet showing how each employee's time should split across awards. Finance makes journal entries to move costs to grant-specific accounts. Time-and-effort certifications live in a shared folder somewhere.↵↵At audit time, the auditor needs three things: the certification, the allocation entry matching the certification, and the payroll register confirming the gross pay amount. Reconciling those three sources — for every employee, every month, every award — is where the gaps appear.↵↵The 2024 revision to 2 CFR 200.430 clarified explicitly that budget-based allocations without after-the-fact verification remain non-compliant. Organizations that entered allocations at planned percentages rather than certified actual percentages have a finding waiting for them.↵↵The fix is not more spreadsheet columns. It is linking the allocation entry, the certification, and the payroll register so the comparison happens before the auditor does it.","#federalgrants #payrollallocation #singleaudit #nonprofitfinance",payroll-allocation.md,no
2026-05-21,3,WORKFLOW_STEP,"Before you submit an Indirect Cost Rate proposal, run this check: does every number in your cost pool and allocation base trace directly to a line in your audited financial statements?↵↵If the answer is anything other than yes, the cognizant agency will return the proposal without negotiating.↵↵The ICR proposal process under 2 CFR 200.414 starts earlier than most organizations realize. There is a threshold decision before any paperwork: if your actual indirect rate is below 10%, the de minimis rate under 2 CFR 200.414(f) likely beats the NICRA. No proposal, no negotiation, no annual renewal. For organizations under $1–2M in federal funding with modest indirect costs, the administrative savings outweigh the marginal recovery difference.↵↵When a NICRA does win — typically when actual indirect rates run 15% or higher — the math is concrete. On $2M of Modified Total Direct Costs, a 15% rate recovers $300K versus $200K at de minimis. A $100K annual difference justifies the 40–80 hours of first-time proposal effort.↵↵The rate type choice is separate from the rate level. Fixed-with-carryforward is the most common structure for mid-sized nonprofits: the rate is set in advance, variances roll into the next period rather than triggering retroactive adjustments, and the administrative burden is manageable.↵↵The cognizant agency for most nonprofits without a dominant single federal funder is HHS Division of Cost Allocation. First-time negotiations take 90–180 days from submission. Plan accordingly.","#indirectcosts #NICRA #federalgrants #uniformguidance",negotiate-indirect-cost-rate-nicra.md,no
2026-05-21,4,TERM_EXPLAINED,"A federal grant drawdown is not automatic. The awarding agency loads the grant funds into a payment system — usually ASAP, the Automated Standard Application for Payments — and the grantee must actively request disbursement.↵↵ASAP processed more than $700 billion in federal disbursements in fiscal year 2023. Every one of those transactions started with a grantee initiating a request.↵↵Under 2 CFR 200.305, two payment methods govern when the request can happen.↵↵Advance payment releases funds before expenses are incurred — the grantee requests an amount projected to cover the next 30 days. The advance must reconcile against actual expenses, and any excess must be returned promptly. Most mid-sized nonprofits use advance payment because they cannot float payroll while waiting for reimbursement.↵↵Reimbursement releases funds after expenses are posted in the accounting system. The grantee documents the costs, runs an expenditure report, and requests the documented amount. Impossible to over-draw when the request is based on posted actuals.↵↵Three things create drawdown problems: over-drawing (requesting more than posted allowable expenses support), under-drawing (leaving documented costs without requesting reimbursement — which can trigger automatic deobligation near award end dates), and drawing against unallowable costs.↵↵None of these are exotic compliance failures. They are the predictable result of drawdown schedules that fall out of sync with actual expenditure records.","#federalgrants #grantcompliance #drawdown #nonprofitfinance",drawdown.md,no
2026-05-21,5,TOOL_TEARDOWN,"Blackbaud quotes $8,000–$15,000 per year. The actual year-one cost for a mid-size nonprofit is typically $18,000–$45,000 once implementation is included.↵↵Data migration, configuration, and initial training with a Blackbaud-certified implementation partner runs $10,000–$30,000 on top of the software contract. That cost does not appear in the headline price.↵↵The compounding problem is the escalation clause. Standard Blackbaud contracts include annual renewal increases of 8–15%. An organization signing at $8,000/yr faces: Year 1 $8,000 / Year 2 $9,200 / Year 3 $10,580 / Year 4 $12,167. That is a 52% cost increase over four years without any change in usage.↵↵Custom reports, workflow changes, and integration work go through professional services at $150–$250/hr. Organizations that need funder-specific compliance report formats often end up on a recurring services retainer.↵↵Exit terms complete the picture: early termination fees equal to 50–100% of remaining contract value, plus migration assistance billed at professional services rates. Exiting a year-two $10,000/yr contract can cost $5,000–$10,000 in penalties before migration.↵↵The practical budget question is not whether the monthly fee fits. It is whether the platform keeps your process simple enough to avoid added software or consulting spend for the next three to five years.","#nonprofitsoftware #grantmanagement #blackbaud #nonprofitfinance",blackbaud-pricing-hidden-costs.md,no
2026-05-21,6,HOW_TO,"When evaluating a nonprofit CRM, separate two distinct categories before looking at any vendor feature list.↵↵The first category: donor management features. Constituent records with complete giving history, household and relationship tracking, recurring gift management, LYBUNT/SYBUNT segmentation, automated acknowledgment letters, and retention reporting. Most platforms in this space cover these adequately.↵↵The second category: grant compliance features. Restricted fund tracking with expenditure association, spending tracked against approved budget line items by category, funder-specific financial report generation, and documentation tied to individual transactions. Most donor CRMs do not cover this category at the depth grant-active organizations require.↵↵The operational cost of parallel systems is underestimated at purchase time. It appears later as duplicate data entry, reconciliation errors between platforms, month-end close friction, and compliance gaps when documentation falls between systems. 79% of nonprofits now use five or more third-party systems beyond their main CRM — integration requirements are not a secondary concern.↵↵Before any vendor demo, map your specific integration requirements against available connectors. Ask the vendor to walk through this sequence: create a constituent record, update a restricted fund status, generate a board-ready report, explain what happens when staff responsibilities change. That workflow identifies whether the product supports a repeatable process or only stores data.↵↵The CRM that serves development directors well but produces exports finance cannot use creates significant audit-season friction regardless of how good the donor analytics are.","#nonprofitCRM #donormanagement #grantmanagement #nonprofitoperations",nonprofit-crm-features.md,no
2026-05-21,7,FREE_RESOURCE,"The data you enter in the first week of a new grant award determines how manageable compliance will be for the entire grant period.↵↵Most award setup errors are not technical mistakes. They are omissions: the approved budget entered as a single total instead of broken out by category, the project period start date taken from the award letter date rather than the authorized start date in the Notice of Award, reporting deadlines entered without prep start dates and named owners.↵↵Eight sections matter before any expenditure is processed: award basics (exact dates from the Notice of Award, not the application), approved budget by category with any application-to-award differences documented, restriction type and special conditions, complete reporting schedule with submission methods, key contacts including the payment and drawdown contact, prior approval requirements, accounting system setup confirmed with Finance, and a kickoff meeting record.↵↵The reporting schedule section is where most setups fall short. Every required report needs a period covered, a due date, a submission method, a primary owner, a backup owner, and a prep start date. Quarterly SF-425 reports need prep to start 10 business days before the due date. Final federal reports need 20–25 business days.↵↵A free Award Setup Worksheet covering all eight sections is available at grantpipe.com/free/award-setup-worksheet. It references the source document for each field so nothing is estimated when the actual award documents are available.","#grantmanagement #federalgrants #grantcompliance #nonprofitfinance",award-setup-worksheet.md,no
2026-05-21,8,COMPARISON_INSIGHT,"Bloomerang and Network for Good are both positioned as nonprofit CRM platforms. They differ significantly in pricing and scope. They are identical on one point: neither has grant management or restricted fund compliance features.↵↵Bloomerang starts at $125/mo with strong donor retention analytics, clean engagement scoring, and straightforward email integration. Network for Good starts at $499/mo and bundles peer-to-peer fundraising, event management, and strategic coaching.↵↵The pricing gap is $4,000–$7,000/yr. Network for Good's bundle has real value for organizations without experienced internal development staff who need strategic guidance alongside software. For organizations with capable development staff who manage their own strategy, the coaching component is overhead.↵↵What neither platform addresses: an organization managing $500,000 in annual grant funding needs restricted fund tracking, expenditure-to-budget reconciliation, and funder-specific compliance reporting. Those capabilities require a separate system on top of either platform.↵↵The comparison that looks comprehensive — two polished platforms with clear trade-offs — omits a significant operational category for organizations with mixed revenue. Grant compliance is not a feature gap that gets addressed in a future product update for donor CRM vendors. It requires a fundamentally different data model.↵↵Only 33.3% of nonprofits rate their CRM systems as effective. Part of that dissatisfaction traces to discovering post-purchase that the system handles the donor side but leaves grant operations in spreadsheets.","#nonprofitCRM #bloomerang #grantcompliance #donormanagement",bloomerang-vs-network-for-good.md,no
2026-05-21,9,LIST_POST,"Seven grant management tools for small nonprofits, ranked honestly.↵↵Spreadsheets are $0 and work for 1–2 simple foundation grants with annual reporting. They fail at restricted fund enforcement, multiple concurrent grants, and any federal compliance requirement. The failure is usually invisible until an audit reveals the gap.↵↵Foundant GrantHub handles application tracking and funder research well at $50–$150/mo. It does not include a donor CRM and has basic post-award compliance. You will add a CRM on top, bringing combined cost to $89–$275/mo for two disconnected systems.↵↵Bloomerang handles donor retention analytics at $125–$249/mo but has no grant tracking or restricted fund features. Strong for donor-focused organizations; a gap for grant-active ones.↵↵Little Green Light plus GrantHub is the budget two-tool approach at $89–$240/mo combined. Two logins, no integration, manual reconciliation between systems.↵↵ZoomGrants is free for applicants — but only covers applications to funders that use ZoomGrants. Not a grant portfolio management tool.↵↵Instrumentl offers AI funder matching for grant discovery at undisclosed pricing. Focused on pre-award research; no post-award compliance or donor management.↵↵GrantPipe starts at $329/mo with donor CRM and grant compliance in one system. The practical test: if you manage 3+ grants or any federal funding, manual tracking and reconciliation can quickly cost more than a purpose-built system. Spreadsheets are fine until restricted funds and federal compliance requirements make them a liability.","#grantmanagement #smallnonprofits #nonprofitsoftware #grantcompliance",best-grant-management-software-small-nonprofits.md,no
2026-05-21,10,HOW_TO,"The TCJA silo rule turned Form 990-T compliance into a fundamentally different problem for nonprofits with multiple revenue streams.↵↵Before 2018, a nonprofit with a money-losing bookstore and a profitable parking lot could net those activities. Under IRC Section 512(a)(6) — effective for tax years beginning after December 31, 2017 — each unrelated trade or business is calculated separately. The bookstore loss stays in the bookstore silo. The parking lot income is taxed at 21%.↵↵Six steps govern 990-T preparation under the current rules.↵↵Identify unrelated activities: all three elements must be present — trade or business, regularly carried on, and not substantially related to exempt purpose. Gross income of $1,000 from any single silo triggers the filing obligation, even if aggregate UBI nets to zero.↵↵Assign each activity to a silo using its 6-digit NAICS code. Activities within the same code may combine.↵↵Calculate UBTI per silo: subtract directly connected expenses, apply Section 512(b) modifications (dividends, interest, and passive rents are excluded — not deducted, excluded entirely).↵↵Apply pre-TCJA NOL carryforwards: these remain aggregate offsets against total UBTI. Post-TCJA NOLs are silo-specific and can only offset future income in the same silo.↵↵File a separate Schedule A for each silo with $1,000 or more of gross income. The main 990-T aggregates them.↵↵File by the 15th day of the 4th month after fiscal year-end. Pay estimated taxes quarterly when expected liability exceeds $500. Late-filing penalties start at 5% per month, up to 25%.↵↵If your organization tracks revenue by activity type, the silo identification is straightforward. GrantPipe's restricted fund and activity tracking surfaces the categorization your CPA needs to complete the analysis.","#nonprofittax #form990t #UBTI #nonprofitfinance #grantcompliance",form-990-t-unrelated-business-income.md,yes
2026-05-22,1,STAT_BOMB,"HUD awarded approximately $3.3 billion in CDBG formula funds in FY2024, and a significant share flowed through nonprofit subrecipients who are now running four separate compliance systems simultaneously.↵↵CDBG (24 CFR 570), HOME (24 CFR 92), ESG (24 CFR 576), and CoC (24 CFR 578) share IDIS as the reporting backbone, but diverge on almost every operational rule.↵CDBG demands income documentation for every LMI benefit activity claimed under 24 CFR 570.208.↵HOME triggers affordability covenants that can run 20 years for new rental construction.↵ESG requires 100 percent match on all expenditures outside HMIS and administration.↵CoC chronic homelessness documentation must be in the participant file at program entry — not reconstructed later.↵The OIG findings that appear most often across HUD monitoring are the places where these four programs were treated as one.↵↵If your organization manages two or more CPD programs on overlapping populations, the compliance framework separating them deserves the same attention as the program work itself.↵↵GrantPipe tracks CPD-specific cost categories, CAPER deadlines, and activity-level documentation in one place. Start a trial at grantpipe.com/signup.","#grantcompliance #hudgrants #nonprofitfinance #cdbg",apps/site/src/content/guides/affordable-housing-hud-cpd-compliance-guide.md,yes
2026-05-22,2,MYTH_BUSTER,"North Carolina has approximately 50,000 registered nonprofits — and a Charlotte-area organization managing a DHHS behavioral health contract, a Bank of America foundation grant, and a federal HUD community development award is tracking three separate fiscal calendars at once.↵↵NC DHHS contracts align with the state's July 1 through June 30 fiscal year.↵Federal research and HUD grants run on the federal October 1 through September 30 calendar.↵Charlotte banking-sector foundations — Bank of America, Wells Fargo — operate on corporate fiscal years tied to internal giving cycles.↵None of these align with each other.↵The NC Department of Justice also requires a Charitable Solicitation License before the first solicitation, renewed annually and tied to the organization's own fiscal year.↵↵The myth that state compliance is simpler than federal compliance disappears quickly when you map what each funder actually requires and when each deadline actually falls.↵↵Tracking multiple fiscal calendars in a shared spreadsheet is where reporting errors first appear.","#nonprofitfinance #grantcompliance #northcarolina #nonprofitoperations",apps/site/src/content/state-pages/north-carolina.md,no
2026-05-22,3,WORKFLOW_STEP,"A cost transfer discovered after federal grant closeout is not an administrative correction — it is a compliance event that requires written federal prior approval before a single journal entry is booked.↵↵Under 2 CFR 200.344, grantees have 120 calendar days after the period of performance ends to liquidate obligations and submit final reports.↵An award past that window is administratively closed. The financial records were certified as correct.↵Any correction now requires contacting the federal program officer and grants management specialist in writing, with documentation of the original expenditure, proof the cost was incurred during the period of performance, and a narrative explaining the error.↵Average federal response time: 30 to 90 days.↵Do not process the journal entry until written authorization arrives — an unauthorized correcting entry creates a second compliance problem on top of the original.↵If the transfer changes figures on the final SF-425, an amended FFR must also be submitted.↵↵Organizations that discover closeout errors during annual audit preparation — typically six to eight months post-fiscal-year — often find the 120-day window has already closed. Monthly reconciliation is what keeps this from becoming a federal correspondence project.","#federalgrants #grantcloseout #uniformguidance #nonprofitfinance",apps/site/src/content/workflows/cost-transfer-post-closeout.md,no
2026-05-22,4,TERM_EXPLAINED,"The single audit threshold is now $1,000,000 in federal expenditures in a fiscal year — updated under the 2024 revisions to 2 CFR Part 200, effective for fiscal years ending September 30, 2025 or later.↵↵The threshold applies to total federal expenditures across all awards, not to any single grant.↵Four federal grants of $250,000 each, all active in the same year, cross the threshold.↵So does $1.1 million in state pass-through funding where the underlying dollars originated from a federal program — because those are federal awards expended, even if the immediate funder is a state agency.↵The single audit has two simultaneous components: a financial statement audit and a federal program compliance audit.↵The compliance audit tests each major program against the OMB Compliance Supplement and produces additional reports on internal control.↵Findings appear in the Federal Audit Clearinghouse — publicly visible to every federal funder and pass-through entity.↵↵Organizations tracking their federal expenditures against the old threshold should update their monitoring and confirm whether their fiscal year end date means the new threshold applies to their next audit.","#singleaudit #federalgrants #uniformguidance #nonprofitcompliance",apps/site/src/content/glossary/single-audit.md,no
2026-05-22,5,TOOL_TEARDOWN,"Instrumentl's Full Lifecycle tier now starts at $999/month and extends into spend tracking — but it still does not replace donor CRM or a unified restricted-fund compliance workflow.↵↵Instrumentl is genuinely strong at what it was built for: AI-powered funder matching, application pipeline management, and deadline tracking for the pre-award process.↵The gap appears at award. Once a funder wires funds, Instrumentl has no restricted fund balances that update as expenses post, no release-from-restriction documentation, and no donor CRM for individual giving alongside grant management.↵Nonprofits using Instrumentl typically end up with a three-system stack: Instrumentl for discovery, a donor CRM for individual giving, and spreadsheets for post-award compliance.↵That third system — the spreadsheet — is where compliance risk accumulates. No audit trail. No automated deadline alerts. No funder reporting templates.↵The question is not whether Instrumentl is a good tool. The question is which phase of the grant lifecycle your organization's biggest operational risk lives in.↵↵If the answer is finding grants, Instrumentl is a reasonable investment. If the answer is managing the grants you have already won, the tool stack needs a different answer.","#grantmanagement #nonprofitoperations #grantcompliance #developmentdirector",apps/site/src/content/alternatives/instrumentl-alternative.md,no
2026-05-22,6,HOW_TO,"Salesforce's 10 free nonprofit licenses are worth approximately $15,000 per year in retail value. The three-year total cost of ownership for a mid-sized nonprofit runs $75,000 to $275,000.↵↵Licensing is 5 to 15 percent of what an organization actually spends.↵Implementation for a mid-sized deployment runs $25,000 to $50,000 before the system is usable.↵Ongoing admin is the largest line: a full-time Salesforce admin costs $55,000 to $85,000 per year. Fractional retainers run $1,500 to $5,000 per month.↵AppExchange apps add $2,000 to $10,000 per year. Integrations to accounting, email, and payment systems cost $4,000 to $8,000 to configure.↵According to G2's 2025 nonprofit CRM ROI analysis, the average nonprofit CRM takes 16.95 months to deliver measurable ROI — longer than the typical 11.5-month contract length.↵More than one-third of nonprofit CRM reviewers waited 13 or more months for ROI.↵↵The cost model for purpose-built alternatives is different: no implementation consulting, no admin retainer, no AppExchange. The comparison worth running is total workflow cost over 36 months, not sticker price.","#nonprofitcrm #salesforce #nonprofitoperations #crm",apps/site/src/content/guides/nonprofit-crm-total-cost-ownership.md,no
2026-05-22,7,FREE_RESOURCE,"Most major donor solicitations fail because the ask arrives before the relationship.↵↵The 90-day cultivation timeline is a minimum framework, not a ceiling.↵Days 1 through 14: discovery — first contact, prospect research, initial meeting focused entirely on listening, not pitching.↵Days 15 through 30: engagement — a facility tour or program observation, a personalized impact story tied to what the prospect said they care about.↵Days 31 through 60: deepening — a board member introduction with genuine relationship, not a transactional one; an insider experience before something is publicly announced.↵Days 61 through 75: internal alignment on ask amount, who makes the ask, and what the specific funding opportunity is.↵Days 76 through 90: solicitation — in person, with a clear and specific ask, followed by silence.↵↵A donor who has been thoughtfully cultivated is not deciding whether to respond to a solicitation. They are deciding whether the amount you are asking for matches what they were already considering.↵↵The major donor cultivation playbook at grantpipe.com/free covers the full 90-day cadence with touchpoint examples, stewardship framework, and the five mistakes that end cultivation before the ask.","#majordonors #fundraising #donorcultivation #nonprofitfundraising",apps/site/src/content/lead-magnets/major-donor-cultivation-playbook.md,no
2026-05-22,8,COMPARISON_INSIGHT,"Bloomerang and GrantPipe are not competing for the same buyer.↵↵Bloomerang wins when the nonprofit is fundamentally buying a donor CRM — fundraising workflow, retention reporting, individual giving management.↵GrantPipe wins when the organization already feels the cost of split systems: donor history in the CRM, grant deadlines in a spreadsheet, restricted balances in accounting, and one person manually assembling the picture for leadership every month.↵The signal that a donor-first CRM has stopped being sufficient is specific: staff can describe the friction in plain language. 'We keep rebuilding the same report.' 'Finance and development are looking at different versions of the truth.' 'The spreadsheet owner is the bottleneck.'↵Those are not CRM complaints. They are operating workflow complaints.↵↵The fair comparison is not feature lists. It is: can the current system produce a current answer on active grants, restricted balances, and reporting readiness without manual assembly? If not, the software is not carrying enough of the actual workflow.↵↵Bloomerang starting at $125/month is a credible choice when donor management is the primary job. When grants and compliance are equally central, the tool stack needs to reflect that.","#nonprofitcrm #grantmanagement #bloomerang #nonprofitoperations",apps/site/src/content/comparisons/grantpipe-vs-bloomerang.md,no
2026-05-22,9,LIST_POST,"68 percent of nonprofits using QuickBooks for fund tracking maintain at least one parallel spreadsheet for restricted balance management, averaging 8.5 hours per month in maintenance.↵↵The core issue: QuickBooks Classes are cost categories, not fund accounts.↵A Class report shows what you spent. A fund account shows what you have left. Auditors testing restricted fund balances want the fund account — not the Class report.↵FASB ASC 958 requires nonprofits to track restricted and unrestricted net assets separately, document releases from restriction with qualifying expenditures, and maintain the transaction trail. Cost categories do not satisfy this.↵Sage Intacct and Blackbaud Financial Edge both do this correctly — at $15,000 to $50,000 per year and $25,000 to $100,000 per year respectively.↵Aplos provides true nonprofit fund accounting starting at $79 per month, with limited donor CRM and post-award compliance capability.↵GrantPipe provides fund accounting, release-from-restriction workflow, donor CRM, and grant compliance in one system starting at $329 per month.↵↵Any answer that still relies on a parallel spreadsheet for restricted balance tracking has not yet solved the fund accounting problem.","#restrictedFunds #fundaccounting #nonprofitfinance #grantcompliance",apps/site/src/content/listicles/best-restricted-fund-tracking-software-for-nonprofits.md,no
2026-05-22,10,HOW_TO,"Illinois charities registered with the Attorney General must file Form AG990-IL within six months of fiscal year end. The filing fee is $15. The audit and review thresholds are easy to miss.↵↵Gross contributions above $300,000: independent audit required as an attachment.↵Gross contributions between $150,000 and $300,000: financial review by a licensed CPA required.↵Below $150,000: neither required, but the full AG990-IL is still due.↵A complete copy of the federal Form 990 is required as an attachment in every case — including organizations filing 990-N at the federal level, who still file full financial detail at the state level.↵The most common rejection reasons: missing or unsigned form, missing audit or review attachment, missing Form 990, incorrect fiscal year, or filing after the due date without an approved extension.↵Extensions extend only the filing deadline. They do not extend an audit engagement that has not yet started.↵↵For calendar-year filers, the audit fieldwork needs to begin in January or February to have the attachment ready for a June 30 due date. Starting in May produces rush fees, not savings.↵↵GrantPipe tracks AG990-IL deadlines alongside federal SF-425 reporting and restricted fund balances in one operating record. Start a trial at grantpipe.com/signup.","#illinoisnonprofit #charitableregistration #nonprofitcompliance #grantmanagement",apps/site/src/content/guides/illinois-ag990-il-filing-guide.md,yes
2026-05-23,1,STAT_BOMB,"42% of non-government funders cap indirect cost allowances at 10% or less — while actual nonprofit overhead runs 25–35%.↵↵That gap does not disappear. It gets absorbed somewhere: unrestricted reserves, cross-subsidization from other grants, or staff capacity that simply never gets replenished.↵↵The tracking problem compounds this. When grant budgets are managed in spreadsheets, unallowable or miscoded expenditures often surface at audit — not at the point of entry when a correction is still cheap.↵↵A $50,000 grant with $10,000 in compliance costs is effectively a $40,000 net grant. That math matters when budgeting a full grant portfolio.↵↵The OMB de minimis indirect cost rate is now 15% of modified total direct costs — updated in the 2024 Uniform Guidance revision. Organizations below that rate are leaving allowable recovery on the table.↵↵Proper grant budget tracking does not change what funders allow. It does eliminate the compliance errors that reduce net recovery even further.↵↵If you are tracking four or more active grants in spreadsheets, GrantPipe handles the budget-vs-actual mechanics so your team can focus on the grants, not the reconciliation.","#grantcompliance #nonprofitfinance #restrictedFunds #grantmanagement",apps/site/src/content/guides/grant-budget-tracking.md,yes
2026-05-23,2,MYTH_BUSTER,"Donorbox sends a transaction receipt. That does not mean your donor relationship is tracked.↵↵Donorbox powers donation forms for over 80,000 nonprofits in 96 countries. It handles the collection side exceptionally well — payment processing, receipts, recurring plan management.↵↵What it does not handle is the relationship after the transaction: retention rates, multi-year giving history, major gift capacity, restricted fund attribution from campaign donations.↵↵Recurring donors give an average of 42% more per year than one-time donors. Knowing which recurring plans are at risk of lapsing — and acting on that before the billing cycle ends — requires a system that tracks the relationship, not just the payment event.↵↵Donorbox's free-tier platform fee is 1.5% per donation. Premium is $139/month with 0% platform fee. Either way, it is purpose-built for collection, not retention management.↵↵The distinction matters when a donor gives through three different campaigns over five years. Donorbox has transaction records. A CRM has a donor record.↵↵Organizations typically feel this friction around $500K in annual revenue, when the donor relationship questions start outpacing what a form-and-receipt system can answer.","#donormanagement #nonprofitcrm #recurringdonors #fundraising",apps/site/src/content/integrations/donorbox.md,no
2026-05-23,3,WORKFLOW_STEP,"The SF-SAC deadline is not 30 days after your fiscal year end. It is 30 days after the auditor's report is issued — or nine months after fiscal year end, whichever comes first.↵↵For a June 30 fiscal year, the absolute backstop is March 31. Most organizations submit earlier. Late filing affects low-risk auditee status in subsequent years, which increases audit coverage and cost.↵↵The form transmits Single Audit results to the Federal Audit Clearinghouse at fac.gov. The FAC moved from the Census Bureau to GSA in October 2023.↵↵The three most common rejection reasons are all preventable:↵One: SEFA totals that do not reconcile to audited financial statements.↵Two: Missing or invalid subrecipient UEIs — verify SAM.gov registration is active before filing.↵Three: PDF upload failures or auditor firm information that does not match CPA registry records.↵↵Both the auditee and the auditor must certify before a submission is accepted. A filing without both certifications stays in draft and is not considered filed.↵↵The $1,000,000 Single Audit threshold applies to fiscal years ending September 30, 2025 or later under revised 2 CFR 200.501. The prior threshold was $1,000,000.↵↵Public record matters: federal agencies review FAC filings before making new awards. A clean submission is a quiet credential. A late or rejected one is a flag.","#singleaudit #federalgrants #grantcompliance #nonprofitfinance",apps/site/src/content/workflows/submit-sf-sac-single-audit-data-collection.md,no
2026-05-23,4,TERM_EXPLAINED,"Your cognizant agency is not the same as your awarding agency. That distinction matters when you are negotiating an indirect cost rate.↵↵Under 2 CFR 200.513, every nonprofit that needs a formally negotiated indirect cost rate is assigned one cognizant agency — the federal entity responsible for reviewing the cost allocation plan, negotiating the rate, and issuing the NICRA.↵↵Assignment follows the money: whichever federal agency provides the largest dollar value of direct funding takes responsibility. For most health, social service, and community development nonprofits, that is HHS, operating through the Division of Cost Allocation.↵↵Once the cognizant agency approves a rate, that rate binds every other federal awarding agency that funds the same organization. No other agency can impose a different rate unless a statutory program cap explicitly applies.↵↵NICRA negotiations typically take 6–12 months from the point a complete cost allocation plan is submitted. Organizations that delay initiating the process discover the timeline when a new federal award is on the table and no approved rate exists.↵↵The de minimis rate under 2 CFR 200.414(f) — currently 15% of modified total direct costs — does not require cognizant agency assignment. Organizations using the de minimis rate skip the negotiation entirely.↵↵Passing through to a different largest funder does not automatically transfer the cognizant agency designation. The process requires formal coordination between the outgoing and incoming agencies, initiated in writing by the organization.","#indirectcosts #NICRA #federalgrants #grantcompliance",apps/site/src/content/glossary/cognizant-agency.md,no
2026-05-23,5,TOOL_TEARDOWN,"Funraise starts at $179/month. GrantPipe starts at $329/month. That price comparison misses the actual question.↵↵Funraise is a fundraising platform. It handles donation forms, campaign pages, and peer-to-peer events with a clean interface. It is genuinely good at what it was built to do.↵↵What Funraise was not built to do: donor relationship management beyond transaction records, grant lifecycle tracking, restricted fund allocation, or compliance reporting. Organizations with active grant portfolios run a second system alongside it.↵↵The moment nonprofits start looking for alternatives is not when they are unhappy with the donation form experience. It is when the platform cannot answer questions that have become urgent — how much revenue came from restricted grants versus unrestricted individual giving, which grant covers a specific salary line.↵↵A nonprofit needing both Funraise's campaign tools and a full CRM is looking at $300–600+/month combined. That math shifts when evaluating a single platform that covers both CRM and compliance.↵↵Peer-to-peer fundraising is Funraise's genuine advantage. If that is central to your revenue model, it is worth keeping. If your fundraising model does not depend on it, the Funraise-plus-second-system setup adds coordination cost without adding capability.↵↵The question is not which tool is cheaper. It is how many systems your team can actually maintain well.","#nonprofitcrm #grantmanagement #fundraising #nonprofitsoftware",apps/site/src/content/alternatives/funraise-alternative.md,no
2026-05-23,6,HOW_TO,"HUD CoC match requirement: 25% of the total grant, excluding leasing costs, from non-federal resources. That calculation is under 24 CFR 578.73.↵↵The failure mode at almost every homeless services nonprofit is not insufficient match. It is insufficient documentation.↵↵In-kind match — volunteer labor, donated space, donated services — is expressly permitted and often makes up the majority of what organizations submit. But only when documented at the time of contribution, not assembled from memory before the monitoring visit.↵↵Volunteer labor requires signed logs with name, role, date, and hours, valued at the Independent Sector rate. For 2024 that is $33.49 per hour. A narrative summary of 'volunteers contributed approximately 200 hours' fails the standard.↵↵Donated space requires a letter from the property owner confirming fair market value and the period of use. A donated-space arrangement without a letter does not count.↵↵HMIS data quality is a second layer of CoC compliance risk. HUD evaluates it directly as part of APR review: more than 10% of clients with missing exit destination data typically scores lower and triggers increased monitoring. This is not a technology problem — it is a process problem. Designating a data quality lead with dedicated weekly time is the structural change that moves these metrics.↵↵APRs are due within 90 days of the project operating year end. Begin reconciling HMIS records three months before the deadline, not three weeks.","#HUDCoC #homelessservices #grantcompliance #continuum",apps/site/src/content/guides/hud-continuum-of-care-reporting.md,no
2026-05-23,7,FREE_RESOURCE,"A pipeline of $1.2M in grant applications tells you almost nothing useful about what you will actually receive this fiscal year.↵↵Without probability weighting, 'applications submitted' is not a revenue forecast. It is a list.↵↵Stage-weighted pipeline forecasting applies a probability to each active opportunity based on where it sits in the grant decision lifecycle: 5% for a new prospect, 15% for a researched funder, 30% for a submitted concept or LOI, 50% for a submitted application, 70% when confirmed under active review, 80% for renewals in progress.↵↵Multi-year awards need separate treatment. Year one of a $30,000-per-year, three-year award is 100% once executed. Year two is 75–80%. Year three is 55–65%. Booking all three years at full value overstates forecast revenue by a predictable amount.↵↵When weighted pipeline value drops below the budgeted grant revenue target with fewer than six months remaining, that is a signal to escalate — not to update the spreadsheet.↵↵The weighted forecast is also what makes board reporting credible. The difference between a $240,000 raw pipeline and a $110,000 weighted value is not pessimism. It is accuracy.↵↵A free Grant Pipeline Forecasting Worksheet is available at grantpipe.com — with stage definitions, weighting model, and a board summary format.","#grantpipeline #nonprofitfinance #developmentdirector #grantsmanagement",apps/site/src/content/lead-magnets/grant-pipeline-forecasting-worksheet.md,no
2026-05-23,8,COMPARISON_INSIGHT,"Nonprofits spend an average of 30% more staff time on grant reporting than they budget for.↵↵That figure comes from the Nonprofit Finance Fund 2024 State of the Sector. It is not surprising if you have ever watched the quarterly reporting process: accounting export, transaction filter, budget category sort, variance calculation, format conversion, narrative addition — repeat for each active grant.↵↵Keela is a solid donor CRM. The fundraising communication tools are genuinely strong, and the AI-driven donor insights help with retention analytics. That is the right fit for organizations whose revenue is dominated by individual giving, events, and campaigns.↵↵The friction point appears when grants represent more than 30% of revenue and the compliance workflow does not have a home in the same system where donor work happens. At that point, the question is not which CRM is better at donor management — it is whether the CRM was built to carry the grant operations layer alongside it.↵↵Keela's pricing scales with contact volume. GrantPipe uses flat monthly tiers. For organizations with large legacy databases — 10,000 or more contacts — the three-year cost difference is material enough to run the actual comparison rather than compare starting prices.↵↵The evaluation question that clarifies the decision: can the platform answer a restricted-fund balance inquiry from finance at the same time it answers a donor cultivation question from development, without anyone exporting data first?","#nonprofitcrm #grantmanagement #restrictedFunds #nonprofitsoftware",apps/site/src/content/comparisons/grantpipe-vs-keela.md,no
2026-05-23,9,LIST_POST,"Grant reporting software and grant tracking software are not the same thing. The distinction matters before you buy.↵↵Grant tracking software manages the pipeline: what you applied for, what was awarded, when reports are due. Useful. Not sufficient.↵↵Grant reporting software helps you produce the actual reports. Specifically, the financial section: a budget-vs-actual table showing each approved line item, expenditures against it, and remaining balance.↵↵The only way to generate that financial section without manual data extraction is to use a system that tracks expenditures by grant and budget category throughout the grant period — not just deadline reminders.↵↵Instrumentl is strong on pre-award discovery and deadline management. It does not track expenditures and cannot generate the financial section of a funder report.↵↵Salesforce NPSP can be configured to produce compliance reports. The caveat is 'configured' — that requires implementation investment and ongoing administration that most mid-sized nonprofits cannot sustain without a Salesforce consultant.↵↵Fluxx is a funder's portal, not a recipient's tool. If your funder uses Fluxx, you submit reports through it. You do not purchase it.↵↵Spreadsheets remain the de facto approach for organizations with one or two grants. At five or more active grants with mixed quarterly and annual reporting cadences, the manual extraction work consumes 60–120 staff hours per year.↵↵The question to ask any tool: does it contain actual expenditure data, or does it only hold deadlines and templates?","#grantreporting #nonprofitsoftware #grantmanagement #grantsmanager",apps/site/src/content/listicles/best-grant-reporting-software-for-nonprofits.md,no
2026-05-23,10,HOW_TO,"New Jersey's CRI-300R audit threshold is $500,000 in gross revenue — but the question is which year's revenue.↵↵The form asks about the fiscal year being reported, not the current fiscal year. If the most recently completed fiscal year shows gross revenue at or above $500,000, an audited financial statement is required with that renewal — even if the current year is projected below the threshold.↵↵This is the most common source of deficiency notices from the Division of Consumer Affairs, and it is entirely preventable.↵↵The CRI-300R is due before the last day of the sixth calendar month following fiscal year end. December 31 year-end means June 30 deadline. That gives six months — tight for organizations that require an audit, since full engagements typically run 6–12 weeks.↵↵Fees range from $0 for organizations under $10,000 in gross revenue to $250 for organizations at $1,000,000 or above.↵↵Late filings accrue $25 per month in penalties. A registration lapsed for six months is $150 in late fees before re-registration costs. Organizations that let the registration lapse entirely must re-register using the initial CRI-200R form and cannot solicit during the lapsed period.↵↵Nonprofits operating across New Jersey, New York, and Pennsylvania face layered registration calendars with different audit thresholds and due dates. Pennsylvania's $300,000 audit threshold typically drives the CPA engagement — and that audit then satisfies New Jersey's higher threshold as well.↵↵GrantPipe centralizes state charitable registration deadlines — including the NJ CRI-300R six-month calculation — alongside grant reporting and restricted-fund management in one compliance calendar. Start a free trial at grantpipe.com.","#charitableregistration #newjersey #nonprofitcompliance #statefilings",apps/site/src/content/guides/new-jersey-cri-300r-guide.md,yes
2026-05-24,1,STAT_BOMB,"79% of nonprofits now run five or more systems beyond their main CRM — up from 62% just one year ago.↵↵That jump is not a coincidence. It reflects a category of organizations that kept adding tools to solve specific problems without accounting for the cost of connecting them.↵↵Each integration point runs $1,200–$6,000/year in middleware costs. Four connections can put a mid-sized nonprofit at $5,000–$24,000/year before a single staff hour is counted.↵↵Staff at multi-system organizations spend 20–30% of their total work time on cross-system data entry — about one full-time equivalent position on a team of five.↵↵The data quality problem compounds the cost. 54% of nonprofits identify incomplete or inaccurate data as a major obstacle. Every manual transfer between systems is an opportunity for error.↵↵Fragmentation looks like efficiency until you price it honestly.↵↵GrantPipe runs donor management and grant compliance in one system — no middleware, no reconciliation tax. If the math has started to look wrong on your current stack, it may be time to run the numbers.","#nonprofittech #grantmanagement #nonprofitfinance #datafragmentation",apps/site/src/content/guides/nonprofit-integration-tax.md,yes
2026-05-24,2,MYTH_BUSTER,"VAWA confidentiality is not a best practice. It is a federal prohibition.↵↵Section 13925(b)(2) of the Violence Against Women Act bars any VAWA grantee from disclosing personally identifying information about a service recipient — to funders, federal systems, or any third party — without informed, written, reasonably time-limited consent.↵↵PII under VAWA includes names, addresses, phone numbers, email addresses, and any information that could be used to identify or locate an individual.↵↵Most commercial CRMs are not configured to honor this rule by default. If a funder, federal program officer, or support staffer can access your client records through shared logins or integrations, that system may already be out of compliance.↵↵Intentional violations carry consequences: funding termination, OIG referral, and civil liability.↵↵The VAWA 2022 reauthorization (Pub. L. 117-103, Division W) strengthened these protections and extended them explicitly to tribal organizations and LGBTQ+ survivors.↵↵The PMT portal receives aggregate service counts — never individual client records. That distinction is not a technicality. It is the architecture.","#vawa #grantsmanagement #nonprofitcompliance #federalgrants",apps/site/src/content/guides/doj-ovc-vawa-reporting-requirements.md,no
2026-05-24,3,WORKFLOW_STEP,"Most organizations updated their journal entry practices after FASB ASU 2020-07. Far fewer updated their footnote disclosures.↵↵ASU 2020-07 — effective for fiscal years beginning after June 15, 2021 — requires nonprofits to present contributed nonfinancial assets as a separate line and disclose by category: the valuation technique, fair value hierarchy level, whether assets were monetized or used directly, and any donor restrictions.↵↵The footnote is not the same as the general contributions policy note that existed before.↵↵Common gaps after adoption: organizations list food donations as 'valued at fair value' without stating they used USDA wholesale prices as the basis. Or they disclose that legal services were received without identifying that the value used was the attorney's standard billing rate.↵↵Under 2 CFR 200.306, in-kind contributions used as federal grant match must be valued using comparable market prices with documentation that is verifiable by auditors.↵↵Stale valuations from the year a recurring in-kind relationship began — the law firm that has donated services for three years, still valued at 2022 billing rates — are a quiet audit risk.↵↵If the footnote has not been reviewed since adoption year, that is the place to start.","#nonprofitaccounting #inkind #ASU202007 #grantcompliance",apps/site/src/content/workflows/in-kind-contribution-valuation.md,no
2026-05-24,4,TERM_EXPLAINED,"'Award period' and 'period of performance' mean the same thing. What they authorize is narrower than most people assume.↵↵Under 2 CFR 200.77, the period of performance is the time during which a non-federal entity may incur new obligations against the award. Costs incurred before the start date or after the end date are unallowable — regardless of when the invoice is paid.↵↵Some federal awards include a liquidation period (commonly 90 days after the end date) during which costs incurred before the end date may still be paid. That is not the same as an extension of the project period.↵↵A supply invoice received 10 days after the end date for goods delivered during the grant period may be allowable during the liquidation window. A purchase order issued after the end date is not, regardless of when payment clears.↵↵The start date is also often misread. Some awards specify a project start date weeks before the award letter arrives. Costs incurred from the project start date — not the date the letter was received — are allowable.↵↵Enter the exact dates from the Notice of Award. Not from the application. Not from an email confirmation. From the Notice of Award.","#grantcompliance #federalgrants #periodofperformance #nonprofitfinance",apps/site/src/content/glossary/award-period.md,no
2026-05-24,5,TOOL_TEARDOWN,"Keela's grant module does what it says: tracks a grant name, amount, deadline, and status. That covers the first list of requirements.↵↵Government and foundation funders typically require the second list: budget tracking by line item with expenditure monitoring, restricted fund separation with flagging of misallocations, compliance milestone checklists tied to award terms, and funder report templates that pull from actual expenditure data.↵↵The gap between those two lists creates operational problems the moment a program officer asks for a budget-to-actual report.↵↵A system that tracks deadlines without enforcing fund separation does not reduce compliance risk. It creates the appearance of oversight without the substance.↵↵According to Omatic's 2025 report, nearly half of nonprofits are considering switching CRMs in the next 12 months — driven by feature gaps and growth, not cost. The trigger is usually not general dissatisfaction. It is one repeated workflow that breaks: the moment when staff cannot get from transaction to funder report without building the context manually in another tool.↵↵Before evaluating alternatives, document the three reports that currently cause the most delay. A credible replacement should handle those natively.","#nonprofitcrm #grantmanagement #keelacrm #nonprofitops",apps/site/src/content/alternatives/keela-alternative-grant-compliance.md,no
2026-05-24,6,HOW_TO,"The grants manager departure takes 3–5 years of institutional knowledge out the door in two weeks.↵↵The factual knowledge — which grants are active, where the files are, what the deadlines are — is the easiest to recover if the system has it. The tactical and relational knowledge is harder.↵↵Tactical knowledge sounds like 'we've always done it this way': the federal budget modification threshold is 10% but the program officer won't flag changes under 12%. The foundation's report deadline is October 15, not end of October. This knowledge exists but has never been written down.↵↵Relational knowledge — funder preferences, relationship history, what the program officer emphasized in the last renewal conversation — mostly leaves with the person.↵↵The transition protocol that limits the damage: one structured session per active grant with the outgoing manager (60–90 minutes; do not combine all grants), a grant file audit before the last day, transfer of every portal credential through a secure credential store, and a named interim owner for every compliance task due in the 60 days following departure.↵↵The overlap period needed for a portfolio of 5–10 active grants is two to four weeks minimum.↵↵Less than two weeks is not enough for adequate knowledge transfer.","#grantmanagement #nonprofitops #stafftransition #knowledgemanagement",apps/site/src/content/guides/how-to-onboard-a-new-grants-manager.md,no
2026-05-24,7,FREE_RESOURCE,"A funder report that only documents compliance misses the relationship opportunity.↵↵A well-structured report does four things: demonstrates that the work is happening, shows the organization is honest about challenges, shows the money is being managed carefully, and connects the funder's investment to the effects they care about.↵↵The section most reports omit is the one that matters most for the relationship: a direct request for funder engagement. A site visit. A conversation about renewal timing. A specific question about funder priorities for next year.↵↵For foundation reports, the budget-vs-actual comparison should flag any cumulative variance above 10% with an explanation. A report that shows 70% of the budget period elapsed and 45% of funds expended without an explanation is not reassuring — it raises questions the report should have answered.↵↵For federal reports, the SF-425 is not the narrative report. Both need to be filed, on different schedules, through different systems.↵↵GrantPipe's free Funder Report Template covers both formats — private foundation and federal agency — with the financial summary tables, budget variance section, and the submission checklist that confirms everything was filed and saved before you call the report done.↵↵Download it at grantpipe.com.","#grantreporting #nonprofitcompliance #funderreport #grantmanagement",apps/site/src/content/lead-magnets/funder-report-template.md,no
2026-05-24,8,COMPARISON_INSIGHT,"Virtuous is a donor engagement platform. GrantPipe is a grant compliance platform. They are not competing for the same operating problem.↵↵Virtuous wins when the organization's primary challenge is major donor cultivation — sophisticated automated journeys, prospect enrichment, and a daily workflow designed around the development director's relationship management tasks.↵↵Grant compliance in Virtuous is not a core feature. Organizations managing multiple awards with recurring reporting obligations still need a parallel system.↵↵The test is straightforward: count how many hours per month your team spends on tasks that would not exist if grant compliance and donor records shared a system. If the answer is more than 10 hours, that coordination overhead likely exceeds any premium Virtuous charges for its fundraising automation.↵↵On pricing: Virtuous operates on a quote basis. Community estimates for mid-sized organizations run $400–$1,000+/month. GrantPipe publishes flat tiers starting at $329/month.↵↵Grant funding represents more than 40% of revenue for the average mid-sized nonprofit in the $500K–$5M range (Nonprofit Finance Fund 2024). At that revenue composition, a donor-first platform that does not carry the compliance layer will always require a second system. The cost of that second system — in staff time and reporting risk — is the real comparison.","#nonprofitcrm #grantcompliance #virtuouscrm #restrictedFunds",apps/site/src/content/comparisons/grantpipe-vs-virtuous.md,no
2026-05-24,9,LIST_POST,"Six fund accounting platforms, one distinction that matters before evaluating any of them.↵↵Sage Intacct ($10,000–$30,000+/yr): The strongest option for organizations above $5M that need FASB ASC 958 compliance built into the data model and AICPA-recognized reporting. Implementation runs $15,000–$50,000 additional through a certified partner.↵↵MIP Fund Accounting ($5,000–$20,000+/yr): Purpose-built for nonprofits, strong federal compliance and SEFA capability, integrated payroll for personnel cost allocation. Interface is dated but the fund accounting depth is genuine. Best fit $2M–$10M.↵↵NetSuite ($20,000–$60,000+/yr): Full ERP for multi-entity structures. Cost-complexity ratio is unfavorable for most mid-sized nonprofits.↵↵QuickBooks Online ($360–$2,400/yr): Class tracking is not fund accounting. It approximates it. Auditors increasingly flag it for organizations above $1M in grant revenue.↵↵Xero ($180–$936/yr): Same limitation as QuickBooks for fund accounting purposes. Adequate for small nonprofits where the board accepts non-fund-accounting software.↵↵Aplos ($708–$2,388/yr): True fund accounting at an accessible price. Federal compliance capabilities are basic — not appropriate for heavy federal award portfolios.↵↵The distinction that matters: fund accounting handles the financial record. Grant management handles the operational record — award terms, reporting deadlines, funder relationships. Most organizations need both. They are usually different systems.","#fundaccounting #nonprofitfinance #sageintacct #grantmanagement",apps/site/src/content/listicles/best-fund-accounting-software-nonprofits.md,no
2026-05-24,10,HOW_TO,"The setup work done in week one determines how easy or difficult compliance management will be for the entire grant period.↵↵Entering only a grant name and a total award amount is not a setup. It is a placeholder.↵↵A complete setup requires seven fields entered before any spending begins.↵↵The project period — exact start and end dates from the Notice of Award, not from the application or from an email — because costs outside these dates are unallowable under 2 CFR 200.77.↵↵The award amount by approved budget category: personnel, fringe, supplies, travel, equipment, indirect, and any program-specific lines. Without line-item budgets, the system cannot flag when a category is approaching its limit.↵↵The restriction type: program-restricted, time-restricted, geography-restricted, or unrestricted.↵↵The complete reporting schedule — every deadline for the full period of performance, not just the final report.↵↵The funder contact record — program officer name, title, email, phone — linked to the grant, not sitting in someone's inbox.↵↵Prior approval requirements from the award terms, documented before program leads start making operational decisions.↵↵The accounting system grant code, confirmed with finance on the same day, so expenditures code correctly from day one.↵↵GrantPipe's setup workflow walks through each field in order, with the reporting calendar built automatically from the project period and reporting schedule. The hour invested in a complete setup pays for itself dozens of times over the grant period.","#grantmanagement #grantsmanager #federalgrants #grantcompliance #nonprofitops",apps/site/src/content/guides/how-to-set-up-a-new-grant-award-in-your-system.md,yes
2026-05-25,1,STAT_BOMB,"48% of nonprofits are considering switching their CRM within 12 months — up from just 10% the year before.↵That number comes from Omatic's 2025 Nonprofit Integration Report (600+ respondents). It is the largest single-year jump in CRM dissatisfaction ever recorded for the sector.↵The top driver is not cost. It is insufficient features and functionality — events management and volunteer management top the gap list.↵The second driver is organizational growth outpacing the current tool.↵79% of nonprofits now run five or more third-party systems beyond their main CRM, up from 62% in 2024. When your donor data lives in one place and your grant tracking in another, the CRM stops being the center of operations.↵Purpose-built platforms outrate enterprise incumbents by a full point on a 5-point scale. Little Green Light leads at 4.75/5. Salesforce Nonprofit trails at 3.8–4.1/5.↵If your team is among the 48% thinking about a move, the question is not whether to evaluate alternatives — it is whether to do it now, while the market is competing for your business, or later.↵GrantPipe is built for mid-sized nonprofits managing donors and grants in one place, with published pricing at $329–$1,079/month and no implementation fees.","#nonprofittech #crm #grantmanagement #nonprofitfinance",apps/site/src/content/guides/why-nonprofits-switching-crm-2026.md,yes
2026-05-25,2,MYTH_BUSTER,"Virginia gives nonprofits 90 days to file their charitable registration renewal after fiscal year end.↵Most states allow 4.5 to 10 months. New York's CHAR500 deadline is 4.5 months out. California's RRF-1 gives 4 months 15 days. Connecticut allows 10 months.↵Virginia's 90-day window under Va. Code Ann. § 57-48 is among the shortest in the country — and it creates a real operational problem for organizations that need audited financial statements to complete the filing.↵The financial statement tiers make this harder. If gross revenue is between $250,000 and $999,999, a CPA-reviewed statement is required. At $1,000,000 and above, a full audit is required.↵Virginia's audit threshold is also revenue-based, not expenditure-based. An organization with $900,000 in gross revenue and $800,000 in federal expenditures clears the federal Single Audit threshold under 2 CFR 200.501 but not Virginia's state audit requirement.↵Registration fees range from $0 (under $5,000) to $325 (over $10M). The fee is the easy part. The 90-day CPA coordination is where organizations fall short.","#charitableregistration #nonprofitcompliance #statefilings #nonprofit",apps/site/src/content/guides/virginia-charitable-registration-guide.md,no
2026-05-25,3,WORKFLOW_STEP,"A Single Audit finding requires a written Corrective Action Plan under 2 CFR 200.511(c). The plan must include five elements: finding reference, the auditee's position, the specific corrective action, a named responsible party, and a target completion date.↵Missing any one of those five elements invites awarding-agency follow-up.↵The most common weakness is vague language. 'We will improve our procurement controls' is not a CAP. 'The CFO will update the procurement policy by May 31, distribute it to all staff with signed attestations, and present completed attestations to the audit committee at the June meeting' is a CAP.↵Questioned costs do not automatically require repayment. Include the repay/dispute/allow decision in the CAP rather than waiting for the agency to ask.↵The submission deadline: the CAP goes to the Federal Audit Clearinghouse with the full Single Audit report, due the earlier of 30 days after the auditor's report or nine months after fiscal year-end under 2 CFR 200.512(a)(1).↵Repeat findings in two or more consecutive audits trigger specific conditions under 2 CFR 200.208.","#singleaudit #grantcompliance #nonprofitfinance #auditfindings",apps/site/src/content/workflows/respond-to-single-audit-finding.md,no
2026-05-25,4,TERM_EXPLAINED,"The ACFR — Annual Comprehensive Financial Report — is what state and local governments publish instead of audited financial statements.↵Most nonprofits do not prepare one. But grant-active nonprofits encounter ACFRs when they receive pass-through funding from a governmental entity.↵The ACFR has three sections: an introductory section with letters of transmittal, a financial section with the audited statements and management's discussion and analysis, and a statistical section with ten years of trend data.↵GASB governs the ACFR. FASB ASC 958 governs nonprofit financial statements. Receiving government funding does not change a nonprofit's accounting framework.↵The name changed in 2021. GFOA renamed the CAFR to the ACFR to remove an acronym associated with a historical slur. The content and structure are unchanged.↵Over 4,000 governmental entities receive the GFOA Certificate of Achievement for Excellence in Financial Reporting for their ACFR annually.","#nonprofitaccounting #grantcompliance #gasb #singleaudit",apps/site/src/content/glossary/acfr-annual-comprehensive-financial-report.md,no
2026-05-25,5,TOOL_TEARDOWN,"CharityEngine does not publish its pricing. All contracts require a demo and custom quote.↵The platform covers donor management, fundraising, events, advocacy, membership, and built-in payment processing under one contract. That breadth is its actual value proposition.↵The all-in-one model has a direct trade-off: consolidating vendors also means paying for feature depth you do not use, particularly if your complexity is grant compliance rather than events and advocacy.↵Built-in payment processing is a real differentiator for high-volume fundraising shops. Whether the consolidated subscription offsets per-transaction rate savings depends on donation volume.↵Grant lifecycle management is not a primary CharityEngine feature. Restricted fund tracking, expenditure reporting by grant and program, and compliance documentation sit at the Enterprise tier if available at all.↵Budget planning without a published price requires completing 2–4 weeks of sales cycle before seeing a number.↵The practical budgeting question is not the monthly subscription cost. It is whether the tool keeps the whole compliance process simple enough to avoid added software or consulting spend after the contract is signed.","#nonprofittech #donormanagement #grantmanagement #nonprofitcrm",apps/site/src/content/pricing-breakdowns/charityengine-pricing.md,no
2026-05-25,6,HOW_TO,"Donor-restricted funds and board-designated funds are not the same category. Treating them as equivalent creates fiduciary exposure that can reach board level.↵Donor restrictions are external legal obligations. When a donor or grantor attaches conditions to a contribution, those conditions are contractually binding. The state attorney general has enforcement jurisdiction. A board vote cannot override a donor restriction.↵Board designations are internal governance decisions. A board can reverse a designation at a later meeting. The designation is organizational policy, not a legal obligation to an outside party.↵Under ASU 2016-14, donor-restricted funds appear in the with-donor-restrictions net asset class. Board-designated funds appear within without-donor-restrictions — disclosed in notes, but not classified as restricted.↵Practical controls: assign a unique GL code to each restricted grant, code expenditures to the grant at transaction time, and run a restricted fund balance report monthly showing opening balance, receipts, expenditures, and closing balance by grant.↵A negative balance on a restricted fund means you spent more than was in it. That is a misappropriation signal, not a rounding issue.","#restrictedFunds #nonprofitaccounting #grantcompliance #nonprofitfinance",apps/site/src/content/guides/donor-restricted-vs-board-designated-funds.md,no
2026-05-25,7,FREE_RESOURCE,"2 CFR 200.430 requires that salary charges to federal awards be based on records reflecting actual work performed — maintained contemporaneously.↵'Contemporaneous' is the operative word. A record completed two days after the fact is acceptable. A record completed two months after the fact is not.↵Employees working 100% on one federal program may use semi-annual certifications. Employees working across multiple grants must maintain personnel activity reports (PARs) accounting for 100% of compensated hours, prepared at least monthly, and signed by the employee.↵The most common mistake: entering budgeted percentages instead of recording actual time. An employee budgeted at 50% FTE who writes '50%' on every time report is documenting the budget, not actual effort.↵The second most common mistake: completing all time logs at year-end or before the auditor arrives. Records for 12 months all dated within a two-week window in December are not contemporaneous.↵A free grant staff time tracking template — structured to meet 2 CFR 200.430 — is available at grantpipe.com. It includes the daily time log, semi-annual certification form, and monthly reconciliation worksheet.","#grantcompliance #federalgrants #nonprofitfinance #uniformguidance",apps/site/src/content/lead-magnets/grant-staff-time-tracking-template.md,no
2026-05-25,8,COMPARISON_INSIGHT,"DonorPerfect is a mature donor CRM. It handles fundraising operations, relationship tracking, and donor reporting well. It rates 4.55/5 across ~1,378 Capterra reviews.↵The comparison with GrantPipe becomes relevant when a nonprofit crosses a specific threshold: the moment when grants are no longer a side record.↵DonorPerfect can hold grant-related records and surface fundraising reporting. What it does not do is connect the donor record, the grant status, the restricted fund balance, and the reporting due dates into a single operating workflow. Those pieces stay separate.↵The hidden cost is not the subscription number. It is the workflow tax: grant deadlines tracked outside the CRM, restricted fund balances in a separate spreadsheet, finance and development working from different partial views, leadership updates assembled manually before every board meeting.↵A useful evaluation sequence: ask each vendor to demonstrate how your team would review donor and funder context, confirm active grants and reporting status, explain restricted fund position, and produce a leadership-ready update without manual reconstruction.↵The organizations that switch to GrantPipe are not unhappy with DonorPerfect as a donor database. They are tired of the coordination cost around it.","#nonprofitcrm #grantmanagement #donormanagement #nonprofitops",apps/site/src/content/comparisons/grantpipe-vs-donorperfect.md,no
2026-05-25,9,LIST_POST,"Five questions that determine whether nonprofit software can actually handle both donors and grants:↵1. Does it track restricted fund balances against actual expenditures in real time?↵2. Can development and finance see the same grant record simultaneously, or does reconciliation happen at quarter-end?↵3. Does the system generate funder-required compliance reports — SF-425 for federal grants, programmatic reports for foundations?↵4. What happens at grant closeout? Does the system support document retention and audit trail?↵5. What is the realistic year-one cost — not just the subscription line?↵Most mid-sized nonprofits discover the real answer to question 1 when the first federal grant arrives. The restricted fund balance is either in the donor CRM (usually not), in the fund accounting system (sometimes), or in a spreadsheet (most often).↵The gap between development's view of the grant and finance's view of the expenditures is where compliance risk accumulates — not loudly, but consistently, until an audit surfaces it.","#nonprofittech #grantmanagement #restrictedFunds #nonprofitfinance",apps/site/src/content/listicles/best-software-for-nonprofits-that-manage-donors-and-grants.md,no
2026-05-25,10,HOW_TO,"The SEFA cluster-identification error appears in approximately 30% of audited entities with multiple federal programs, according to OMB's Single Audit Quality Study.↵The Schedule of Expenditures of Federal Awards is the foundation of every single audit. Auditors use it to determine which programs are major programs requiring audit opinions. A misclassified program means the major-program selection is wrong — and audit scope expands.↵The cluster problem: OMB defines program clusters in Appendix VI to 2 CFR Part 200. When two ALNs belong to the same cluster, they must be grouped together and labeled with the cluster name. Listing them separately understates cluster expenditures.↵The pass-through problem: for every program where the organization passes federal funds to a subrecipient, the SEFA must identify the subrecipient name and total amount passed through per 2 CFR 200.510(b). A $5,000 subaward from a $500,000 federal grant must still be disclosed.↵Indirect costs belong on the SEFA. Organizations that omit indirect cost recovery understate their federal program activity.↵Each year's cluster definitions must be verified against the current OMB Compliance Supplement — cluster membership changes annually.↵GrantPipe tracks expenditures by award and ALN as costs are incurred, so SEFA preparation is a report run, not a manual assembly exercise. Pass-through subrecipient data is captured at grant setup, not reconstructed at year-end.","#singleaudit #sefa #grantcompliance #nonprofitfinance #uniformguidance",apps/site/src/content/guides/sefa-preparation-checklist.md,yes
2026-05-26,1,STAT_BOMB,"After-school programs receiving 21st CCLC funds face a single audit trigger at $1,000,000 in federal expenditures — raised to $1,000,000 in the 2024 Uniform Guidance revision.↵↵The 21st Century Community Learning Centers program is authorized under ESEA Title IV Part B (20 USC 7171 et seq.) and flows from the US Department of Education through state educational agencies to local operators.↵↵That subaward chain matters for compliance: 2 CFR Part 200 applies end-to-end, including allowable costs, procurement standards, and equipment rules.↵↵GPRA performance measures cover three domains — academic proficiency in reading and math, school behavior, and school engagement.↵↵Annual Performance Reports are submitted through the 21APR system, which aggregates grantee data at the state level before it reaches the federal level.↵↵And grantees must conduct a validated program quality assessment — most commonly the Youth Program Quality Assessment from the Weikart Center.↵↵Most after-school programs run their GPRA tracking in one system and their finances in another. That split is where documentation gaps happen.↵↵GrantPipe tracks 21st CCLC subaward periods, reporting windows, and fund restrictions in the same record as the rest of your grant portfolio — no parallel systems required. See how it works at grantpipe.com.","#21stcclc #grantcompliance #federalgrants #nonprofitfinance",apps/site/src/content/guides/after-school-programs-21st-century-community-learning-centers-compliance-guide.md,yes
2026-05-26,2,MYTH_BUSTER,"Network for Good never included grant management — before the 2022 Bonterra acquisition or after it.↵↵This is worth saying plainly because the platform's fundraising reputation leads some development directors to assume it covers the full development workflow.↵↵It covers donor fundraising: donation pages, peer-to-peer campaigns, and email outreach.↵↵It does not cover grant prospect tracking, restricted fund management, grant budget-versus-expenditure tracking, or compliance report generation.↵↵Post-acquisition, published pricing also disappeared. Current Bonterra contracts require a sales conversation to get a number — and may include transaction fees on top of the subscription.↵↵The Omatic 2025 Nonprofit Integration Report found that nearly half of nonprofits are considering switching CRMs in the next 12 months, with feature gaps — not cost — as the primary driver.↵↵Before starting that evaluation, document the three workflows that currently create the most delay. Then verify whether the alternative handles them natively.↵↵A platform that solves the donor-facing problem but leaves the grant compliance layer in spreadsheets is not a full solution — it is a partial one.","#nonprofitcrm #grantmanagement #nonprofittech #donormanagement",apps/site/src/content/alternatives/network-for-good-alternative.md,no
2026-05-26,3,WORKFLOW_STEP,"Releasing restricted net assets at year-end is not an accounting choice — it is an accounting event that requires specific evidence.↵↵Under FASB ASC 958-205, a release from restriction is a reclassification on the Statement of Activities, not new revenue.↵↵The restriction releases when the donor-imposed stipulation expires or is fulfilled. Not when the board approves the journal entry. Not when year-end close arrives.↵↵For purpose-restricted funds, the release amount equals qualified expenditures incurred — not the total grant balance available.↵↵If $80,000 was received and $65,000 was spent, $65,000 releases. The remaining $15,000 carries forward as restricted.↵↵The release journal entry should be dated at the date the restriction was satisfied — not at the close date unless year-end is when the restriction was actually fulfilled.↵↵One of the most common audit adjustments in this area: a release that exceeds the documented qualifying expenditures. Auditors trace the release amount back to expenditure records. If the backup is not there, it is an adjustment.↵↵FASB ASU 2016-14 also requires footnote disclosure of the nature and amounts of donor-imposed restrictions and expected timing of their release.↵↵Run the full restricted fund roll-forward monthly on active grants — year-end should be a calculation, not a three-day reconciliation.","#restrictedFunds #nonprofitaccounting #ASC958 #fiscalyearend",apps/site/src/content/workflows/year-end-restricted-release.md,no
2026-05-26,4,TERM_EXPLAINED,"2 CFR Part 200 is not a suggestion. If your organization receives federal awards — directly or through a state pass-through — the Uniform Guidance governs what costs are allowable, how your accounting systems must work, and when you need to be audited.↵↵The Uniform Guidance consolidated three prior OMB circulars when it took effect in December 2014: A-133 (single audit), A-122 (cost principles for nonprofits), and A-110 (administrative requirements).↵↵That consolidation matters because it created one consistent framework across federal agencies. A nonprofit with grants from HHS, EPA, and the Department of Education now operates under the same cost principle framework for all three.↵↵The three-part test for allowable costs under 2 CFR 200.405: allowable (not prohibited under the cost principles), allocable (benefits the award in reasonable proportion), and reasonable (a prudent person would not pay more for the same goods under similar circumstances).↵↵The 2024 revisions raised the single audit threshold to $1,000,000 in federal expenditures, effective for fiscal years ending September 30, 2025 or later.↵↵Organizations tracking against the $1,000,000 threshold should update their monitoring now — particularly if federal expenditures are in that range and the audit trigger matters for planning.↵↵For day-to-day compliance, Subpart D (post-award requirements) and Subpart E (cost principles, especially 200.430 on personnel costs) are where most findings originate.","#uniformguidance #2CFR200 #federalgrants #nonprofitcompliance",apps/site/src/content/glossary/uniform-guidance.md,no
2026-05-26,5,TOOL_TEARDOWN,"Sage Intacct's implementation timeline for a mid-sized nonprofit: three to six months with a certified partner. The partner is not optional — this is not a self-service setup.↵↵For a $2M nonprofit implementing Sage Intacct for the first time, total first-year cost commonly lands between $30,000 and $60,000.↵↵Licensing alone runs $10,000 to $30,000 per year depending on modules selected. Implementation from reputable partners typically starts at $15,000 and runs to $40,000 or more.↵↵The accounting is correct. Fund accounting is real. The AICPA preferred provider designation carries weight. The product earns its reputation for organizations at $10M+ with multi-entity complexity and a finance team that can manage it.↵↵The problem for organizations at $500K to $5M in budget is not the accounting capability — it is the ongoing consultant dependency. When report templates need to change, when a new grant module configuration is needed, the certified partner is typically involved. Every change request has a billing consequence.↵↵Sage Intacct also does not include donor CRM. The standard approach is to integrate DonorPerfect — which adds licensing, integration maintenance, and another vendor relationship.↵↵The Nonprofit Finance Fund's 2025 State of the Sector found that the median nonprofit at $1M–$5M in revenue has one to two finance staff. Systems requiring ongoing consultant involvement for configuration changes are effectively unmanageable at that staffing level.↵↵The cost difference between a mid-sized Sage Intacct deployment and purpose-built alternatives often exceeds $150,000 over five years — without buying better compliance outcomes.","#sageintacct #nonprofitfinance #grantmanagement #nonprofittech",apps/site/src/content/alternatives/sage-intacct-alternative-mid-sized-nonprofits.md,no
2026-05-26,6,HOW_TO,"33.3% of nonprofits rated their CRM as effective in the Fifty & Fifty 2025 Nonprofit Peer Report. 46.5% called them neutral. 20.1% found them outright ineffective.↵↵The review data from 5,000+ users across Capterra, G2, and Software Advice reveals why.↵↵Platforms scoring above 4.5/5 on ease of use consistently score above 4.5/5 overall. Platforms scoring below 4.0/5 on ease of use — Blackbaud and Salesforce — pull their overall ratings down regardless of feature depth.↵↵The top-rated nonprofit CRMs as of early 2026: Little Green Light at 4.75/5, Bloomerang at 4.66/5, DonorPerfect at 4.55/5.↵↵The enterprise platforms: Blackbaud Raiser's Edge NXT at 4.0-4.2/5, Salesforce Nonprofit at 3.8-4.1/5.↵↵The NTEN Benchmarks Study found that 60% of fundraisers say better training would improve their technology use — and only 1% of nonprofit technology budgets go to training. Platforms that need training to deliver value are used poorly.↵↵When evaluating any CRM, check the date range on reviews. Post-acquisition satisfaction patterns matter: Bonterra/Network for Good users increasingly cite declining service quality after the 2022 merger even though the underlying product remains well-regarded.↵↵Platform reputation and current user experience are different things. Evaluate based on recent reviews, not brand recognition.","#nonprofitcrm #nonprofitsoftware #donormanagement #techfornonprofits",apps/site/src/content/guides/nonprofit-crm-satisfaction-ratings-2026.md,no
2026-05-26,7,FREE_RESOURCE,"A $50,000 grant is not worth $50,000 after compliance costs. Most finance teams have never added up the actual number.↵↵Grant compliance has four cost categories that rarely get totaled together: staff hours on setup, coding, reconciliation, and reporting; software gaps and the manual work required to compensate for them; error recovery when transactions are miscoded or reports are re-issued; and risk exposure from potential audit findings or disallowed costs.↵↵The Center for Effective Philanthropy and GrantStation research consistently finds that mid-sized nonprofits spend 30 to 87 staff hours per grant per year on compliance activities. At a $45/hour blended rate, that is $1,350 to $3,900 per grant — before software costs or error recovery.↵↵GrantStation's 2024 survey of 2,306 nonprofits found that 42% of funders cap indirect costs at 10% or less, while actual nonprofit overhead typically runs 25-35%. That gap is absorbed from other funds — usually unrestricted ones.↵↵If your smallest grant generates a net value of less than 60% of the award amount after compliance costs, that grant costs more than the headline figure suggests.↵↵GrantPipe's free Grant Compliance Cost Audit worksheet walks through every cost category so the real net value of your grant portfolio is visible. Download it at grantpipe.com/free/grant-compliance-cost-audit.","#grantcompliance #nonprofitfinance #grants #nonprofitaccounting",apps/site/src/content/lead-magnets/grant-compliance-cost-audit.md,no
2026-05-26,8,COMPARISON_INSIGHT,"Instrumentl and Foundant GrantHub are not competing tools. They address different phases of the grant lifecycle — and most nonprofits end up buying both.↵↵Instrumentl is a grant prospecting platform: finding opportunities, managing applications, and tracking the pre-award pipeline. It starts at $179/month (annual billing).↵↵Foundant GrantHub is a post-award compliance tracker: deliverables, reporting deadlines, and documentation for active grants. It starts at $960/year ($80/month).↵↵The practical consequence: a nonprofit using both for grant discovery and compliance, plus a separate donor CRM like Bloomerang, pays $400-$700/month — and still maintains three separate data stores with three vendor relationships.↵↵The development director becomes the human bridge connecting funder relationships tracked in the CRM, applications tracked in Instrumentl, and active compliance tracked in GrantHub.↵↵Grant compliance failures are cited as the primary reason for funder relationship damage by 44% of development directors, per the AFP Fundraising Effectiveness Project 2024.↵↵Neither Instrumentl nor Foundant includes restricted fund tracking or donor relationship management. The three-tool model creates the coordination problem that good software is supposed to eliminate.↵↵Before evaluating which prospecting tool or compliance tool to buy, identify where your organization's compliance friction actually lives: finding grants, managing active compliance, or keeping donor and grant data connected.","#grantmanagement #nonprofittech #grantcompliance #donormanagement",apps/site/src/content/comparisons/instrumentl-vs-foundant.md,no
2026-05-26,9,LIST_POST,"The nonprofit software category still has a fragmentation problem in 2026. Most organizations run 3-4 tools because no single platform covers donor management, grant compliance, fundraising, and accounting together.↵↵Here is what the data actually shows across 10 tools:↵↵Bloomerang (4.66/5 on Capterra) leads on ease of use and donor retention analytics but has no grant management at any tier.↵↵Salesforce Nonprofit can do almost anything — with $30,000-$100,000+ in implementation costs and a trained admin or retained consultant to sustain it.↵↵Instrumentl is the leading grant prospecting tool, but its Full Lifecycle tier at $999/month still does not include donor CRM or unified restricted-fund compliance.↵↵Foundant GrantHub organizes the compliance workflow for active grants but is not a discovery tool and has no donor records.↵↵Little Green Light leads satisfaction ratings at 4.75/5 — the most affordable dedicated donor CRM at $45/month — and has no grant features.↵↵QuickBooks covers accounting for most nonprofits but requires manual class/project coding per grant and produces reports that do not map to funder formats.↵↵The most important question before evaluating any tool: does your primary friction live in finding grants, managing active compliance, or keeping donor and grant data connected without manual translation between systems?↵↵Those are three different problems that require different answers.","#nonprofitsoftware #nonprofittech #grantmanagement #nonprofitcrm",apps/site/src/content/listicles/best-nonprofit-software-2026.md,no
2026-05-26,10,HOW_TO,"The SF-425 Federal Financial Report is required for virtually every federal grant award — and Box 10e is where most errors originate.↵↵Box 10e, Total Federal Share of Expenditures, is the cumulative total of allowable costs charged to the award from the start of the grant period. It must reconcile exactly with the grant fund balance in your accounting system.↵↵The most common error: reporting period figures instead of cumulative totals on the final SF-425. The final report requires cumulative totals covering the entire period of performance — not just the last quarter or year.↵↵Submission schedules vary by program and are specified in the notice of award: quarterly (due 30 days after quarter end), semi-annual (due 30 days after June 30 and December 31), annual (due 90 days after grant year end), or final only (due 120 days after period-of-performance end date).↵↵Missing interim SF-425 deadlines generates delinquency notices in federal grant management systems and can suspend draw-down access until reports are current.↵↵For indirect costs, apply the approved rate to the base defined in the award — not your organization's standard base. Some awards cap indirect costs or define the calculation base differently from your NICRA.↵↵Program income on Box 10l is frequently omitted: revenue generated as a result of federally funded activities must be reported, even if amounts are small.↵↵GrantPipe tracks SF-425 deadlines, reconciles expenditure data against grant budgets, and generates the documentation needed to complete each submission from actual grant ledger data — not estimates. Start a trial at grantpipe.com.","#federalgrants #SF425 #grantcompliance #nonprofitfinance",apps/site/src/content/guides/sf-425-federal-financial-report.md,yes
2026-05-27,1,STAT_BOMB,"The 21st CCLC single audit threshold rose to $1,000,000 in federal expenditures under the October 2024 Uniform Guidance revision.↵↵If your after-school program was just under the old threshold, that number just changed what you owe the federal government in audit obligations.↵↵21st CCLC operates under ESEA Title IV Part B. Funds flow from USED to state educational agencies, which competitively subaward to LEAs and community-based organizations.↵↵Every subawardee that crosses $1,000,000 in total federal expenditures — across all federal awards, not just 21st CCLC — owes a single audit.↵↵That means the GPRA performance reporting, the Annual Performance Report through 21APR, and the financial side of the award all land in the same audit scope.↵↵Most compliance problems in 21st CCLC programs are documentation problems discovered too late. GrantPipe keeps after-school grant records, restricted fund balances, and APR schedules in one place so the documentation exists before the auditor asks. Try it free at grantpipe.com.","#grantcompliance #21stCCLC #federalgrants #nonprofitfinance",after-school-programs-21st-century-community-learning-centers-compliance-guide.md,yes
2026-05-27,2,MYTH_BUSTER,"QuickBooks Classes do not maintain a fund balance. This matters more than most finance teams realize.↵↵When a funder asks for the current restricted balance on an active grant, a Class report shows spending categories. It does not show what remains.↵↵To get the answer, someone calculates it manually: starting balance, plus award received, minus all posted expenses. That calculation is a spreadsheet sitting alongside QuickBooks — not the accounting system itself.↵↵For a nonprofit with two simple private foundation grants and patient finance staff, this works. For one managing five or more active awards, at least one of which is federal, the spreadsheet becomes the most important document in the office and the most fragile.↵↵2 CFR 200 requires financial management systems that adequately identify the source and application of funds. A Class-based system with a parallel spreadsheet is often technically compliant but practically fragile.↵↵The signal that QuickBooks is no longer sufficient: staff turnover creates a gap in the institutional knowledge maintaining the spreadsheet, or an auditor makes a comment about fund accounting methodology.↵↵When that signal arrives, the question is whether the organization moves before or after the finding.","#nonprofitfinance #restrictedFunds #fundaccounting #grantcompliance",quickbooks-alternative-restricted-grant-funds.md,no
2026-05-27,3,WORKFLOW_STEP,"Under 2 CFR 200.430, payroll charges to federal grants must reflect actual hours worked — not the budgeted percentage. Here is how to run the monthly allocation correctly.↵↵Step 1: Pull the payroll register for every pay period in the month. Allocation requires employee-level data, not department totals.↵↵Step 2: Determine the allocation basis from actual time records, not the grant budget. The budget is a ceiling, not a basis.↵↵Step 3: Allocate base salary. Each employee's gross wages split by certified time percentages. The sum across all grants must equal total gross wages — no rounding errors.↵↵Step 4: Allocate fringe benefits using the same percentages as salary. If the organization uses a pooled fringe rate, apply it consistently to all grants and document the rate calculation.↵↵Step 5: Calculate indirect cost allocation separately. Apply the negotiated rate (or 15% de minimis under the 2024 Uniform Guidance revision) to the MTDC base for each grant. Do not blend indirect into the direct salary line.↵↵Step 6: Post the journal entry. Each line specifies employee, grant, account, and amount. Attach the payroll register and allocation worksheet.↵↵Step 7: Reconcile to time records. If an employee's timesheet shows 55% on Grant A but payroll posted at 60%, a correcting entry is required before month-end close.↵↵The most common and most expensive error is skipping step 7.","#grantcompliance #payrollallocation #federalgrants #uniformguidance",payroll-allocation-across-grants.md,no
2026-05-27,4,TERM_EXPLAINED,"""Net assets with donor restrictions"" replaced two categories in 2017. Many nonprofits still report it wrong.↵↵FASB ASU 2016-14, effective for fiscal years beginning after December 15, 2017, eliminated ""temporarily restricted"" and ""permanently restricted"" as separate balance sheet line items and combined them into a single class: net assets with donor restrictions.↵↵Three types of restrictions create this classification: purpose (spend only on a specific program), time (unavailable until a future date), and perpetual (principal must be held in perpetuity).↵↵The release mechanism: when the donor condition is satisfied — qualifying expenditure made, time elapsed, or event occurred — the organization records ""net assets released from restrictions"" on the statement of activities.↵↵The most common misconceptions: board-designated funds are not donor-restricted, even if the board labeled them ""restricted."" Reporting requirements in a grant agreement do not automatically create donor restrictions. Reporting conditions differ from use conditions.↵↵Underwater endowments — where fair value has dropped below the original gift amount — remain in the donor-restricted class under ASU 2016-14, not reclassified elsewhere.↵↵If your audited financial statements still show ""temporarily restricted"" or ""permanently restricted"" as line items, that is an error. The transition was required eight fiscal years ago.","#nonprofitaccounting #FASBASC958 #restrictedFunds #nonprofitfinance",net-assets-with-donor-restrictions.md,no
2026-05-27,5,TOOL_TEARDOWN,"Little Green Light starts at $45/month and handles individual donor management well. The breaking point is three or more active grants with actual compliance requirements.↵↵LGL's grant record stores funder name, award amount, deadline, and notes. It does not track what happens to the money after the check arrives.↵↵Restricted fund accounting requires knowing the remaining balance on each grant at any point in the award period: what was approved in each budget category, what has been spent, and what is left. LGL does not model this. The grant record shows the award amount and the deadline.↵↵A grants manager maintaining compliance spreadsheets alongside LGL typically invests 4–8 hours per active grant per reporting period for report preparation alone. For an organization with five active grants and quarterly reporting on two of them, that is 15–25 hours per quarter going into compliance administration.↵↵At $50/hour for a grants manager's time, 20 hours of quarterly compliance administration costs $4,000 per year in labor before accounting for the risk cost of a misallocated expenditure becoming an audit finding.↵↵The question is not whether LGL is inexpensive. The question is what the total cost of the LGL-plus-spreadsheets workflow is when staff hours are included.↵↵LGL remains the right tool when grants are simple and compliance lives entirely in the accounting system. When a federal award arrives, or when the portfolio reaches five or more active awards, the workflow math changes.","#nonprofitCRM #grantmanagement #restrictedFunds #grantcompliance",little-green-light-alternative-3-active-grants.md,no
2026-05-27,6,HOW_TO,"Grant closeout is not a single event. Federal grants require submission within 120 days of the period-of-performance end date. Here is the sequence that avoids findings.↵↵Step 1: Reconcile every expenditure against the approved grant budget. Pull all transactions charged to the grant — personnel, direct expenses, indirect costs — and verify each has adequate documentation: invoice, receipt, payroll record, or time sheet.↵↵Step 2: Check each expenditure against approved budget categories. Spending that shifted between line items without documented funder approval can be disallowed even if the total is within the award amount. Verbal approvals from program officers are not documentation.↵↵Step 3: Calculate and report program income if applicable. Revenue generated by program activities during the grant period must be reported and applied per the grant agreement. Failure to report program income is a recurring closeout finding on federal grants.↵↵Step 4: Prepare and submit the final financial report through the funder's designated system. Federal grants use agency-specific portals, not email. The report must reconcile to the dollar against accounting records.↵↵Step 5: Submit the final programmatic report using data collected during the grant period — not reconstructed from memory. Funders compare final numbers against interim reports already on file.↵↵Step 6: Resolve unspent funds according to the grant agreement. Do not assume unspent restricted funds are available for operations. Restricted funds remain restricted until the funder releases them.↵↵Step 7: Archive the complete grant file for a minimum of three years from the date the final expenditure report is submitted. Some federal programs require five to seven years.↵↵The organizations that pass closeout without findings maintained documentation throughout — not retroactively.","#grantcloseout #grantcompliance #federalgrants #nonprofitfinance",grant-closeout-procedures.md,no
2026-05-27,7,FREE_RESOURCE,"A grant budget tracking template serves two purposes at once: internal spend-down monitoring and funder financial report preparation.↵↵The structure that works: one worksheet per active restricted grant, with each approved budget line as a separate row using the exact category names from the grant agreement — not internal chart of accounts names.↵↵Four columns matter most per line: Approved Budget (from the executed agreement), Modification (net changes from approved modifications), Revised Budget (the working number), and Cumulative Actuals to Date (from the accounting system after period close, not estimates).↵↵For federal awards, the template maps directly to SF-425 line items: Personnel, Fringe Benefits, Travel, Equipment, Supplies, Contractual, Other Direct Costs, Indirect Costs.↵↵The variance explanation column is not optional. For any budget line where actual spending is more than 15% above or below expected pace, a specific, dated explanation is required. ""Program activities delayed"" is not an explanation. ""Position vacant April–June; search underway; will modify budget if not filled by Q3"" is.↵↵Version the file at every month-end close. An auditor who wants to see what the budget-vs-actual looked like eight months into the award should be able to pull that snapshot without rebuilding it.↵↵The free grant budget tracking template is available at grantpipe.com/free — built to align with SF-425 and support the monthly close process.","#grantbudget #grantcompliance #nonprofitfinance #restrictedFunds",grant-budget-tracking-template.md,no
2026-05-27,8,HOW_TO,"A written cost transfer policy is required under 2 CFR 200.302(b)(7). Here is what it must cover and how to build one that survives audit.↵↵Step 1: Write the policy document. Define what constitutes a cost transfer (any journal entry moving a cost between grants or cost centers after original posting), the 90-day timeliness standard, required documentation for each transfer, and the approval hierarchy.↵↵Step 2: Build a standard cost transfer request form. Capture: transfer date, original posting date, amount, original award and account, receiving award and account, reason for original posting, description of benefit to receiving award, and approval signatures. Consistency creates the audit trail.↵↵Step 3: Maintain a central cost transfer log. Every transfer by date, amount, awards affected, and approval status. The log lets auditors test the population without reconstructing individual GL entries — and lets finance staff spot patterns that indicate a systemic cost allocation problem.↵↵Step 4: Apply the 90-day review at each submission. Transfers within 90 days use standard documentation. Transfers over 90 days require expanded justification explaining why the error was not caught sooner. Transfers after period end require prior written federal agency approval before posting.↵↵Step 5: For personnel transfers, attach time records before initiating the transfer. Under 2 CFR 200.430, the receiving award can bear the salary cost only if the employee actually worked on that award during the period being adjusted. Discovering mid-transfer that the time records do not support the reallocation wastes time and creates a problematic paper trail.↵↵Late cost transfers with generic justifications are consistently in the top ten single audit findings for HHS and DOJ grants. The documentation is the compliance — not the transfer itself.","#costTransfers #federalgrants #uniformguidance #grantcompliance",cost-transfer-policy-nonprofits.md,no
2026-05-27,9,LIST_POST,"Five capabilities that separate grant compliance software from grant tracking software:↵↵1. Restricted fund balance tracking. Not a running list of grants — a running balance per award, by approved budget category, updated as expenses post. A system that shows you award amounts and deadlines is a record-keeping tool.↵↵2. Federal financial reporting support. SF-425 preparation requires cumulative expenditures by category, reconciled against accounting records, submitted through agency-specific portals on a quarterly or semi-annual schedule. Most pre-award pipeline tools do not touch this.↵↵3. Subrecipient monitoring. 2 CFR 200.331 and 200.332 require documented pre-award risk assessment, ongoing monitoring, and single audit verification for subrecipients expending $1,000,000 or more in federal awards annually. This is a compliance obligation, not a relationship management feature.↵↵4. Time-and-effort documentation. Under 2 CFR 200.430, every employee whose salary charges to a federal award needs contemporaneous time records. Retroactive certifications from memory are a common audit finding. The software needs to support the documentation workflow, not just the payroll allocation entry.↵↵5. Audit file organization. A complete, audit-ready grant file contains the award documents, all amendments, all reports, all expenditure documentation, T&E records, and subrecipient files — organized so any auditor can follow the money from award to closeout without staff reconstruction.↵↵Foundant GrantHub Pro reached end-of-life January 31, 2026 and is no longer available. Organizations currently evaluating it should remove it from consideration.↵↵Which of these five is the most common gap in your current system?","#grantcompliancesoftware #federalgrants #grantmanagement #nonprofitfinance",best-grant-management-software-for-compliance.md,no
2026-05-27,10,HOW_TO,"FASB ASC 958 governs how every grant-funded U.S. nonprofit presents its financial statements. Here is what ASU 2016-14 requires and where finance teams most often get it wrong.↵↵Step 1: Classify net assets into exactly two classes. With-donor-restrictions (purpose, time, or perpetual) and without-donor-restrictions (everything the board controls, including board designations). Using the old three-class language — unrestricted, temporarily restricted, permanently restricted — in audited statements is an error.↵↵Step 2: Present four financial statements. Statement of Financial Position, Statement of Activities, Statement of Cash Flows, and Statement of Functional Expenses. The functional expense statement allocates costs across program services, management and general, and fundraising — required by ASU 2016-14 for all nonprofits.↵↵Step 3: Record net assets released from restrictions correctly. When a donor condition is satisfied, record ""net assets released from restrictions"" — a reclassification, not new revenue. Equal decrease in the restricted class and increase in the unrestricted class on the Statement of Activities.↵↵Step 4: Prepare the liquidity disclosure. Quantitative: financial assets available to meet general expenditures within one year, net of donor-restricted and unavailable amounts. Qualitative: how the organization manages liquidity, including credit lines, reserves, and seasonal variations.↵↵Step 5: Allocate functional expenses using actual time and space data, not arbitrary estimates. Auditors test functional allocation methodology. Grants that restrict funds to direct program costs require separating shared overhead accurately.↵↵The most common error: board-designated funds classified as donor-restricted. Boards can set aside reserves by resolution, but those designations live inside without-donor-restrictions — not in the restricted class.↵↵GrantPipe tracks restricted fund balances, releases from restrictions, and audit documentation by donor and restriction type — so the ASC 958 reporting is an output of normal operations, not a reconstruction. Try it free at grantpipe.com.","#FASBASC958 #nonprofitaccounting #restrictedFunds #nonprofitfinance",fasb-asc-958-nonprofit-reporting.md,yes
2026-05-28,1,STAT_BOMB,"45% of nonprofits say they spend too little on technology — and 77% cite budget as the reason. The budget is usually available. The argument isn't.↵↵The staff hours framing is what changes board votes. A development associate spending 15 hours per month on manual gift entry and grant reconciliation at a loaded rate of $28/hour costs $5,040 per year. A $200/month platform costs $2,400.↵↵That's not a technology purchase. That's a $2,640 net savings plus audit risk reduction.↵↵Boards reject software requests framed as feature lists. They approve requests framed as cost comparisons with specific numbers.↵↵The other number that moves boards: Salesforce NPSP's 3-year total cost of ownership runs $60,000–$150,000 at mid-sized nonprofits once implementation and ongoing admin are included. A purpose-built platform at $200/month is a $7,200 three-year investment.↵↵Present those two numbers side by side and the decision becomes arithmetic.↵↵If you're building this case for your board, GrantPipe has a one-page budget request format that structures the manual process cost, compliance risk argument, and TCO comparison in the format that passes most boards.",#nonprofitfinance #grantcompliance #nonprofitmanagement #boardgovernance,apps/site/src/content/guides/nonprofit-software-budget-justification.md,yes
2026-05-28,2,MYTH_BUSTER,"Massachusetts has approximately 37,000 registered public charities — and their audit threshold is $500,000 in gross support and revenue.↵↵That number is not a typo. The federal Single Audit threshold under 2 CFR 200.501 is $1 million. Massachusetts requires an independent audit at half that level. A mid-sized Massachusetts nonprofit at $600,000 in annual revenue needs a CPA audit even though it's well below the federal threshold.↵↵The fee schedule is tiered: $35 under $100K, $125 at $250K–$500K, $500 at $1M–$10M. Using the wrong tier triggers a deficiency notice.↵↵For calendar-year filers, the practical deadline is November 15 — not May 15. Most Massachusetts charities file under the six-month extension because the audit cycle doesn't complete before the base due date.↵↵The most common rejection reasons: missing audit or review, missing Form 990 attachment, incorrect fee, and missing signature. These are administrative failures, not substantive ones — all preventable with a pre-submission checklist.↵↵If your organization has Massachusetts registration, the Form PC compliance calendar should be set from January to capture the audit fieldwork window.",#massachusetts #nonprofitcompliance #stateregistration #formpc,apps/site/src/content/guides/massachusetts-form-pc-annual-report-guide.md,no
2026-05-28,3,WORKFLOW_STEP,"Under 2 CFR 200.308(e)(4), nonprofits can transfer funds among direct cost categories up to 10% of the total federal award budget without federal prior approval — as long as the change doesn't alter project scope.↵↵That 10% is calculated against the total award, not the category being changed. On a $500,000 award, that's $50,000 in flexibility. On a $200,000 award, it's $20,000.↵↵Misapplying this rule is one of the most common subaward compliance errors. Pass-through entities that approve subrecipient modifications without checking whether the change requires federal prior approval create compliance findings — approving a change your prime award prohibits is a finding. Requiring your subrecipient to seek approval you already hold authority to grant is a different finding.↵↵The sequence that avoids both: receive the modification request in writing, check the prime award terms, apply the 10% calculation with scope assessment, determine whether the change requires federal sign-off before you sign anything.↵↵Federal prior approval for modifications that exceed the threshold can take four to twelve weeks depending on the agency. Modifications submitted in the final 60 days of a subaward period create time pressure that makes compliance harder. Build modification timelines into the monitoring calendar from day one.",#subawards #grantcompliance #uniformguidance #federalgrants,apps/site/src/content/workflows/subaward-budget-modification.md,no
2026-05-28,4,TERM_EXPLAINED,"A no-cost extension gives you time. That's all it does.↵↵The award amount stays the same. The compliance obligations stay the same. The work still has to get done. What changes is when the authorized period ends — and that change propagates to every deadline keyed to the end date: the final SF-425 due date, the final programmatic report, and any subrecipient obligations tied to the prime award.↵↵Under 2 CFR 200.308, most federal agencies require NCE requests at least 30 calendar days before the period of performance end date. Many prefer 60 days. Submitting 10 days before the end date risks the review timeline exceeding the remaining grant period.↵↵The critical misunderstanding: costs incurred after the authorized end date — even after an NCE request has been submitted and is under review — are unallowable. The extension does not retroactively authorize spending in the gap. Approval must precede expenditure.↵↵One other distinction worth knowing: NIH and NSF grantees with expanded authorities can request NCEs without program officer approval in many cases. The request goes through the agency's electronic system and is administrative rather than discretionary — but it must still be submitted before the end date.↵↵The best time to recognize an extension will be needed is 60–90 days before the end date, not 10.",#grantmanagement #federalgrants #nce #nocostextension,apps/site/src/content/glossary/no-cost-extension.md,no
2026-05-28,5,TOOL_TEARDOWN,"QuickBooks Classes are a cost-tracking feature, not fund accounting.↵↵A Class in QuickBooks is a tag on a transaction. It lets you filter and subtotal expenses by program, department, or grant. What it cannot do is maintain a fund balance — the live number showing how much of a specific restricted award remains unspent.↵↵Fund accounting requires each restricted fund to carry its own ledger: what came in under the restriction, what was spent against it, and what remains. When a restricted grant arrives, a fund accounting system creates a liability. As qualifying expenses are incurred, the restricted balance decreases. At closeout, it should be zero or returned.↵↵The practical consequence: when a funder asks for a current restricted balance by grant, the QuickBooks answer is a manual calculation from a Class report — starting balance, plus additions, minus posted expenses. That calculation is a spreadsheet exercise, not a system output.↵↵A survey of nonprofit finance directors found that 68% of organizations using QuickBooks maintained at least one parallel spreadsheet for restricted fund tracking, averaging 8.5 hours per month in maintenance time.↵↵For organizations managing one or two private foundation grants with narrative reporting, the manual process is manageable. For organizations with federal grants, five or more active awards, or an auditor comment about fund accounting methodology — it's a liability.",#fundaccounting #nonprofitfinance #restrictedFunds #grantcompliance,apps/site/src/content/alternatives/quickbooks-alternative-restricted-grant-funds.md,no
2026-05-28,6,HOW_TO,"AmeriCorps grantees file two fiscal reports each quarter: the Program Expense Report through eGrants and the SF-425 Federal Financial Report. Both are due 30 days after each quarter closes. Missing either generates delinquency flags that affect future funding decisions.↵↵The classification error that appears in most AmeriCorps OIG audit findings: member living allowances coded as staff salaries.↵↵Living allowances are member support costs — stipends, not wages. They go in a separate general ledger account from payroll. Merging them with staff salaries inflates the apparent payroll base, distorts fringe benefit calculations, and inflates the administrative cost ratio against the 10% cap.↵↵The 10% administrative cost cap applies to the federal share only. Administrative costs include indirect costs, general management, accounting, and HR overhead. Program staff, member support costs, and training directly tied to program delivery are not administrative costs. Exceeding 10% produces disallowed costs that must be repaid.↵↵Match requirements for most AmeriCorps State and National grants are 24% non-federal of total program costs. Volunteer time counts as in-kind match when documented contemporaneously with date, activity, hours, and fair-market rate. Reconstructed match logs at year-end are a common audit finding.↵↵Set up the GL cost structure correctly at award start. The administrative cost ratio is much harder to correct in the final quarter than it is to manage throughout the project period.",#americorps #grantreporting #federalcompliance #nonprofitfinance,apps/site/src/content/guides/americorps-fiscal-reporting.md,no
2026-05-28,7,FREE_RESOURCE,"Personnel costs are typically the largest expenditure on a federal grant. They're also the most commonly questioned in audits.↵↵The risk isn't that employees worked on the wrong things. The risk is that the documentation to support what they worked on doesn't exist in the right form.↵↵Under 2 CFR 200.430, compensation for personal services charged to federal awards must be based on records that reflect actual activity, account for total compensated effort, and are certified by the employee or a supervisory official with first-hand knowledge.↵↵Key distinction: effort reporting documents the percentage of time devoted to an award relative to total compensated effort — not clock hours. An employee working 50 hours per week with 20 hours on a grant project certifies 40% effort to the grant, regardless of total hours logged.↵↵The four findings auditors flag most in effort reporting: certifications completed before the period they cover (invalid), 100% effort certified to one grant while the GL shows charges to multiple sources (inconsistent), certifications not reconciled to payroll draws (red flag), and certifications not present in the grant file at all.↵↵A free time and effort certification template covering 2 CFR 200.430 requirements, multi-source allocation methodology, and a pre-audit documentation checklist is available at grantpipe.com/free/time-and-effort-certification-template.",#grantcompliance #federalgrants #effortreporting #uniformguidance,apps/site/src/content/lead-magnets/time-and-effort-certification-template.md,no
2026-05-28,8,HOW_TO,"A grant report answers two questions: what did you do, and how did you spend the money?↵↵The financial section needs a budget-vs-actual table — approved budget by category, expenditures to date, remaining balance, and percentage spent. Beyond the numbers, funders expect a brief explanation of any significant variances. If travel is underspent because a site visit was postponed, say so. Funders expect variances; they want to understand why they occurred.↵↵Federal reports go through agency-specific systems: GrantSolutions, eGrants, or state portals. The financial component is often submitted separately through the Payment Management System. Foundation reports are more flexible in format but still have specific expectations — most foundations have their own templates available with the award letter.↵↵The most useful reusable structure: grant identification, two-sentence executive summary, activities and outputs by funded activity, outcome data table with targets and actuals, budget-vs-actual, variance explanations, next-period activities, certification signature. Keep it in a shared document and adapt the packaging for each funder's format — the content transfers.↵↵The median nonprofit spends 6–8 hours per grant per year on reporting. The organizations that spend less have built the reporting calendar twelve months out, with data collection tasks assigned to staff well in advance of each deadline. Reports assembled under deadline pressure introduce errors; reports prepared on a known schedule don't.↵↵What reporting workflow changes have made the biggest difference for your team?",#grantreporting #nonprofitfinance #grantmanagement #funderrelations,apps/site/src/content/guides/funder-reporting-templates.md,no
2026-05-28,9,LIST_POST,"Only 33.3% of nonprofits rate their CRM systems as effective — and the $500K–$10M budget range is where the mismatch is most common.↵↵Five things worth knowing about software selection at this org size:↵↵Salesforce NPSP implementation costs $30,000–$100,000 regardless of organization size. The license looks affordable; the implementation doesn't scale down.↵↵Blackbaud Raiser's Edge NXT at $5,000–$15,000+ per year represents 0.5–3% of a $500K–$1M budget — before the dedicated database administrator it requires to operate.↵↵At $500K–$3M, the core requirements are donor contact management, restricted fund tracking, board-ready reporting, and day-to-day administration. Enterprise platforms add major gift pipeline management and deep customization that require dedicated staff to use and maintain.↵↵A $1M organization with 60% government grant revenue has different compliance requirements than a $1M organization that's 90% individual donors. Funding mix matters more than budget size in software selection.↵↵The hidden cost isn't the subscription fee — it's duplicate entry, reporting lag, and the time spent explaining the same funding story to multiple systems when data doesn't connect.↵↵Before booking demos: define three non-negotiables — what your team must report every month, what restricted-fund visibility leadership expects, and which workflows break when one staff member is out.",#nonprofitcrm #grantmanagement #nonprofitsoftware #restrictedFunds,apps/site/src/content/listicles/best-nonprofit-software-500k-10m-budget.md,no
2026-05-28,10,HOW_TO,"The organizations that migrate from spreadsheets to grant management software on their own terms are the minority. Most move because something went wrong — a missed deadline, an audit finding, a closeout scramble that revealed the spreadsheet didn't contain what everyone thought it did.↵↵Four signals that the spreadsheet has stopped working: missed or near-missed reporting deadlines, audit findings that trace back to manual documentation gaps, a staff transition where institutional knowledge walked out, or a federal award with Single Audit requirements entering a portfolio that was previously all foundation grants.↵↵The migration timeline for 10–15 active grants in reasonable data shape is 4–8 weeks: 1–2 weeks for data inventory and cleaning, 1–2 weeks for system setup, a few days of training, and 3–6 weeks of parallel running before the spreadsheet is retired.↵↵The phase that extends timelines: data cleaning. Migrating dirty data produces a dirty system. Reconcile grant balances against the accounting system before migrating. Verify reporting dates against actual grant agreements, not assumed dates. Deactivate closed grants rather than migrating them as active.↵↵The parallel running period should be time-limited — 4–6 weeks maximum, with a firm cutover date communicated before it begins. Indefinite parallel running doubles workload and creates data divergence that doesn't resolve on its own.↵↵If you're evaluating whether a migration makes sense for your organization, GrantPipe's trial period is month-to-month with no implementation fee — you can run the parallel period against your existing spreadsheet system before committing.",#grantmanagement #nonprofitsoftware #spreadsheetmigration #grantcompliance,apps/site/src/content/guides/migrating-from-spreadsheets-to-grant-management.md,yes
2026-05-29,1,STAT_BOMB,"79% of nonprofits now run five or more systems beyond their main CRM — up from 62% just one year ago.↵↵That number comes from Omatic's 2025 Nonprofit Integration Report, surveying over 600 organizations.↵Each additional system costs more than its subscription price.↵Connecting two systems with middleware runs $1,200–$6,000/year per connection.↵A five-system stack with four integration points can spend $5,000–$24,000/year just keeping data flowing.↵Staff at those organizations spend 20–30% of their total work time on cross-system data entry — roughly one to one-and-a-half FTEs consumed by reconciliation rather than programs.↵54% of nonprofits identify incomplete or inaccurate data as a major obstacle (CCS Philanthropy Pulse 2025).↵↵The hidden cost of fragmentation almost never shows up in the tech budget. It shows up in payroll.↵↵GrantPipe was built for the consolidation decision — donor management and grant compliance in one platform, starting at $329/month. No middleware required.","#nonprofitfinance #grantcompliance #nonprofittech #softwaredecisions",apps/site/src/content/guides/nonprofit-integration-tax.md,yes
2026-05-29,2,MYTH_BUSTER,"'Free CRM' for nonprofits means three very different things, and conflating them leads to expensive mistakes.↵↵Category one: genuinely free software with no time limit and no credit card required. HubSpot's free tier is the only credible example in this category for nonprofits.↵Category two: free licenses with significant hidden costs. Salesforce's TechSoup program gives qualifying nonprofits 10 free licenses — but an unimplemented Salesforce instance is not a functional CRM. Getting it to a usable state costs $30,000–$100,000 in consulting.↵Category three: 30-day trials labeled 'free' in search results. Bloomerang's trial, Little Green Light's trial — these are time-limited evaluations, not free products.↵↵The second problem: none of these options cover grant compliance. HubSpot has no restricted fund tracking. Bloomerang has no grant lifecycle features at any pricing tier. Little Green Light has no compliance reporting.↵↵A free CRM solves the contact database problem. It does not solve the grant compliance problem — which is often the more expensive gap to leave open.↵↵What is your organization using for grant tracking alongside your CRM?","#nonprofitcrm #grantmanagement #nonprofitsoftware #grantsmanagement",apps/site/src/content/listicles/free-nonprofit-crm.md,no
2026-05-29,3,WORKFLOW_STEP,"The SEFA (Schedule of Expenditures of Federal Awards) determines how much of your Single Audit is testing versus procedural.↵↵A clean SEFA narrows audit scope and reduces findings. A messy one expands scope, raises cost, and produces findings that could have been avoided.↵↵The most common SEFA error: pass-through awards listed under the state or local agency instead of the prime federal agency. A state-administered CDBG award through HUD belongs under HUD on the SEFA, not under the state housing authority — regardless of who actually sent you the check.↵The second most common error: CFDA/ALN numbers that do not match the current grant agreement or SAM.gov. ALN replaced the CFDA term; both appear in practice but should resolve to the same number.↵The third: expenditure totals that do not reconcile to the Statement of Activities.↵↵GAO's April 2024 analysis (GAO-24-106173) identifies incomplete SEFA among the five most common Single Audit findings. $1.17 trillion in federal spending from 2017–2021 was linked to severe and persistent findings.↵↵Grant coding in the general ledger throughout the year is the single largest predictor of clean SEFA. Organizations with class-level coding in QuickBooks or fund tracking in a purpose-built system can assemble the SEFA from a single export. Organizations without it rebuild it annually from bank records.↵↵Deliver the SEFA draft to your auditor at least 30 days before fieldwork begins.","#singleaudit #sefa #federalgrants #nonprofitfinance",apps/site/src/content/workflows/prepare-sefa-for-single-audit.md,no
2026-05-29,4,TERM_EXPLAINED,"Grant compliance is not about avoiding doing anything wrong — it is about being able to prove you did everything right.↵↵The compliance obligation starts at award acceptance, not at report time. For federal awards, 2 CFR Part 200 (Uniform Guidance) is the primary framework. It governs three categories: cost principles (what is allowable, allocable, and reasonable under 2 CFR 200 Subpart E), administrative requirements (financial management systems, procurement, property), and audit requirements (the Single Audit threshold of $1,000,000 in federal expenditures per 2 CFR 200.501).↵↵For private foundation grants, the framework is simpler: the grant agreement governs. Most foundations require narrative and financial reports, restrictions on approved spending, and record retention. Foundations do not conduct single audits, but they share information among themselves.↵↵The most frequently cited federal compliance failures: inadequate time-and-effort documentation for personnel costs, missing expenditure documentation, failure to obtain prior approval for budget changes, and inadequate subrecipient monitoring.↵↵Compliance is a coordination problem across development, finance, and program staff — no single department owns the full obligation.↵↵What does your organization use to track the documentation layer across departments?","#grantcompliance #2cfr200 #uniformguidance #nonprofitoperations",apps/site/src/content/glossary/grant-compliance.md,no
2026-05-29,5,TOOL_TEARDOWN,"Givebutter is a fundraising platform. That is an honest description, not a criticism.↵↵It is well-designed for peer-to-peer campaigns, events, and individual donor fundraising — the free core tier is real, and the interface is straightforward for small teams.↵↵The constraint is visible when grants become a meaningful revenue source. A foundation that requires a quarterly budget-vs-actual report will receive something assembled manually in Excel, because Givebutter does not organize data for grant-level reporting. A first federal grant brings 2 CFR 200 compliance requirements that Givebutter has no tools to address.↵↵The operational pattern: a quarterly compliance report for one restricted grant takes two to four hours the first time — and does not get meaningfully faster with repetition, because the source data is not structured for grant reporting.↵↵Organizations that receive restricted grants need fund balance tracking, expense traceability, and funder-facing financial reports. These are not Givebutter features, and they will not become Givebutter features because they are not in the platform's design focus.↵↵The organizations that stay on Givebutter past this inflection point are not making a tool decision. They are paying a labor cost that compounds with every additional grant.","#givebutter #donormanagement #grantmanagement #nonprofitsoftware",apps/site/src/content/alternatives/givebutter-alternative-donor-crm-grant-workflows.md,no
2026-05-29,6,HOW_TO,"Restricted contribution tracking is a continuous practice, not an end-of-year cleanup exercise.↵↵The organizations that manage restricted funds cleanly do three things throughout the year that others do once at year-end.↵↵First, they capture the restriction at the moment of receipt. The accounting entry (debit cash, credit restricted contribution revenue) must be coded to a specific sub-account representing the particular restriction — not a generic 'with restrictions' bucket. Under ASC 958, unconditional contributions should be recognized when received, even for multi-year grants.↵↵Second, they code every related expenditure to the correct fund at the time the transaction is entered. For personnel costs, time sheets document hours by grant each pay period, and payroll is allocated based on actual time — not on budget percentages. An employee who was 50% on Grant A for nine months and 100% on Grant B for three months should have payroll coded accordingly, not averaged.↵↵Third, they monitor fund balances monthly. A restricted fund balance should never go negative. A negative balance means the organization has spent more from the restricted fund than it contains — either a data entry error or actual misuse of funds.↵↵At year-end, the sum of all restricted fund closing balances must equal the with-donor-restrictions net asset balance on the Statement of Financial Position. Any variance requires a documented explanation before the audit.","#restrictedFunds #nonprofitaccounting #grantsmanagement #nonprofitfinance",apps/site/src/content/guides/tracking-temporarily-restricted-contributions.md,no
2026-05-29,7,FREE_RESOURCE,"A no-cost extension request gets denied for predictable reasons.↵↵The most common: vague justification. 'We need more time to complete project activities' is not a justification — it is a restatement of the request. Program officers look for specific external circumstances that caused the delay and evidence that the remaining work can be completed within the proposed extension.↵↵Most agencies require the NCE request at least 30 days before the period of performance end date. Many prefer 60 days. A request submitted fewer than 10 days before period end will almost always be denied on timing alone.↵↵Strong justifications cite named circumstances: a key position that was vacant from Month X to Month Y, an external disruption that suspended program delivery, a required regulatory approval that arrived later than expected. Weak ones cite internal factors like staff busyness or underestimating project complexity.↵↵The request also needs a spend-down projection showing that sufficient funds remain and a work plan mapping remaining deliverables to the extension timeline. A significant remaining balance in a budget category with no corresponding activity in the extension plan will generate questions.↵↵GrantPipe's free No-Cost Extension Request Template includes all five sections — justification, remaining work plan, spend-down projection, impact statement, and a submission checklist broken down by federal agency (NIH, NSF, HHS, DOL, DOEd, HUD, and private foundations).","#grantmanagement #federalgrants #nonprofitfinance #grantscompliance",apps/site/src/content/lead-magnets/no-cost-extension-request-template.md,no
2026-05-29,8,HOW_TO,"The compliance obligation for a federal grant begins at award acceptance and does not end at the final report.↵↵Four things every grant compliance system must demonstrate at any point during the grant period:↵↵That restricted funds are being spent on approved activities. This is not something to reconstruct at report time — it must be visible continuously through real-time fund balance tracking.↵↵That costs are allowable and adequately documented. Under 2 CFR Part 200.403, a cost must be necessary and reasonable, allocable to the grant activity, and adequately documented. For personnel costs, that means contemporaneous time records for each pay period showing the grant allocation — not reconstructed estimates.↵↵That required reports were submitted on time. Missing a reporting deadline is a compliance finding independent of whether the underlying spending was compliant. Late federal reports can also delay drawdown from the Payment Management System.↵↵That records are retained for the required period. Federal grants require a minimum of three years from submission of the final expenditure report under 2 CFR 200.334. Some programs specify longer. Records must be organized for reconstruction by someone unfamiliar with the grant, years after closeout.↵↵Generic accounting software handles the general ledger. Grant compliance software handles the grant-level obligations that the ledger cannot produce — budget vs. actual by individual grant, funder-formatted reports, and documentation organized at the transaction level.↵↵What is your organization's current approach to the documentation layer?","#grantcompliance #2cfr200 #federalgrants #nonprofitoperations",apps/site/src/content/guides/grant-compliance-software-for-nonprofits.md,no
2026-05-29,9,LIST_POST,"Evaluating a nonprofit CRM: five tradeoffs worth writing down before the demo.↵↵Grant management coverage. Most CRMs — HubSpot, Bloomerang, Little Green Light — record a grant as a contribution entry. None of them manage post-award compliance: restricted fund tracking, funder-formatted reports, or budget-vs-actual by grant. Bloomerang starts at $125/month with no grant features at any tier. If grant income is operationally significant, this gap defines the evaluation.↵↵Pricing structure under growth. Bloomerang's pricing scales with constituent records — the cost increases as the database grows, which penalizes an organization for successful development. Little Green Light uses the same per-record model. Flat-rate pricing (HubSpot's paid tiers, GrantPipe at $329–$1,079/month) is more predictable.↵↵Implementation cost on nominally free options. Salesforce's TechSoup program provides 10 free licenses but not a functional CRM. Implementation, configuration, and training run $30,000–$100,000 before the system is usable. The license cost is zero; the total cost of deployment is not.↵↵What the free tier actually includes. HubSpot's free tier provides unlimited contacts with no time limit — the only genuinely free nonprofit CRM option. The free tier excludes advanced reporting, sequences, and most automation. Evaluate whether the free-tier capabilities match your actual daily workflow, not the capabilities you anticipate needing later.↵↵Reporting workflow fit. The right filter is not feature count. It is whether the system supports the handoff between development, finance, and executive reporting without requiring an additional spreadsheet layer. A platform that looks inexpensive in a comparison table can generate weekly cleanup work if staff need exports or manual reconciliations to produce a funder report.","#nonprofitcrm #nonprofitsoftware #grantsmanagement #donormanagement",apps/site/src/content/listicles/free-nonprofit-crm.md,no
2026-05-29,10,HOW_TO,"Food banks receiving USDA TEFAP funds report up through the state distributing agency (SDA), which files Form FNS-667 with USDA Food and Nutrition Service.↵↵The local food bank's job is not to file FNS-667 — it is to maintain the source records the SDA needs to file accurately, and to survive the monitoring visit that the SDA and single auditors conduct.↵↵Four records drive every TEFAP compliance determination: the commodity receipt log, the household distribution log, the subrecipient transfer log, and the loss and adjustment report. Every TEFAP finding in a single audit traces back to a gap in those four documents.↵↵The month-end reconciliation equation: beginning inventory + SDA receipts + other USDA receipts − distributions to households − transfers to subrecipient agencies − documented losses = ending inventory. State tolerance for unexplained variances is typically 1%, though state plans vary. A 12% variance with no documented cause is a finding and typically a repayment demand at the USDA-published per-pound valuation.↵↵TEFAP commodity value counts as federal award expenditure at the USDA-published per-pound valuation and counts toward the $1,000,000 single audit threshold under 2 CFR 200.501. A mid-sized food bank receiving commodity allocations may push over the threshold without receiving a single dollar of cash administrative funds.↵↵Regional food banks distributing to partner pantries are pass-through entities under 2 CFR 200.332. Inadequate records at a partner pantry generate a finding against the regional food bank.↵↵GrantPipe tracks restricted fund balances, grant reporting calendars, and audit-ready activity logs — built for food banks managing TEFAP alongside foundation and government grants. Start a free trial at grantpipe.com.","#TEFAP #foodbanks #federalgrants #singleaudit #grantcompliance",apps/site/src/content/guides/food-banks-usda-tefap-reporting-guide.md,yes
2026-05-30,1,STAT_BOMB,"The 2024 Uniform Guidance raised the federal de minimis indirect cost rate from 10% to 15% — but 42% of non-government funders still cap indirect reimbursement at 10% or below.↵That gap is not an accounting technicality. It is the mechanism behind the net grant problem.↵A $50,000 grant with actual overhead at 25-35% and funder reimbursement capped at 10% leaves the organization absorbing $7,500 to $12,500 in unfunded costs — every time, on every award.↵The MacArthur Foundation analyzed 130,000+ tax filings and found financially healthy nonprofits need a minimum 29% indirect cost rate to stay solvent.↵Current funder behavior pays roughly half that. The other half comes from unrestricted dollars that could have funded program delivery.↵36% of nonprofits ended FY2024 with operating deficits — the highest rate in a decade. The indirect cost gap is not the only cause, but it contributes to that number directly.↵What your finance team can control is the compliance labor cost on top of the indirect gap. GrantPipe automates restricted fund tracking and reporting so more of each award reaches the mission. See how at grantpipe.com.","#grantcompliance #nonprofitfinance #indirectcosts #federalgrants",apps/site/src/content/guides/net-grant-problem-compliance-costs.md,yes
2026-05-30,2,MYTH_BUSTER,"CharityEngine does not publish its pricing — any budget comparison requires completing a full sales cycle before you see a number.↵That two-to-four week delay is not a minor inconvenience. For nonprofits planning a fiscal year budget, it means committing staff time to a demo process before getting the one figure you need to decide whether to continue.↵All-in-one platforms carry a second cost that the headline price (once revealed) still doesn't show: you pay for feature depth across donor management, events, advocacy, and payment processing regardless of which functions your organization actually uses.↵For nonprofits whose primary complexity is grant compliance rather than event and advocacy operations, the math rarely works in their favor.↵CharityEngine's Enterprise tier includes compliance tools, but restricted fund tracking, expenditure reporting tied to individual grants, and compliance documentation for program officers are not primary platform capabilities.↵Organizations managing three or more active grants should ask one specific question during any demo: can the platform generate a report showing expenditures by restriction against each grant budget? The answer tells you immediately whether the compliance gap is real for your use case.↵Pricing transparency matters as much as feature lists. A platform you cannot budget without a sales call is a platform that controls your planning timeline.","#nonprofitcrm #grantmanagement #nonprofitfinance #grantcompliance",apps/site/src/content/pricing-breakdowns/charityengine-pricing.md,no
2026-05-30,3,WORKFLOW_STEP,"Under 2 CFR 200.430(i), employees working solely on a single federal award may certify time semi-annually. Employees split across multiple awards — or across an award and non-award duties — must certify more frequently.↵Most organizations over-apply semi-annual certification. An employee working 80% on one federal grant and 20% on administrative duties is not a single-award employee. Monthly certification is required for that person.↵Single Audit fieldwork tests this directly. Auditors look at employee classification, then at certification frequency. A mismatch is a finding.↵The most defensible system: certify monthly for everyone on federal awards, distribute within two weeks of period end, require return within one week of distribution.↵The certification itself must reflect an after-the-fact distribution of actual time — not a projection. A form that shows only the employee name and grant number without actual time percentages is not compliant.↵The reconciliation step that most organizations skip: compare certification percentages to what was posted to payroll for the same period. If an employee certified 50% on Grant A and payroll shows 55%, the posting is wrong and needs a correcting entry.↵Personnel cost findings are among the most frequent in federal single audits. Inadequate time documentation and misallocated charges appear in GAO reports every cycle.↵The system itself is not complicated. Running it every month, without exception, is where most teams struggle.","#grantcompliance #federalgrants #singleaudit #2CFR200",apps/site/src/content/workflows/time-and-effort-certification.md,no
2026-05-30,4,TERM_EXPLAINED,"UBTI — Unrelated Business Taxable Income — applies when a tax-exempt organization earns money from a commercial activity that fails all three of these tests: it is a trade or business, it is regularly carried on, and it is not substantially related to the exempt purpose.↵All three must apply. Failing any one of them means the income is not UBTI.↵The word ""substantially"" in the third test is where most analysis concentrates. The question is not whether the profits fund the mission. The question is whether the activity itself contributes importantly to accomplishing the exempt purpose.↵A nonprofit hospital's parking garage open to the general public: UBTI. A university bookstore selling required textbooks to enrolled students: program service revenue. The same bookstore selling branded merchandise to the general public: potentially UBTI on that portion.↵Since the Tax Cuts and Jobs Act of 2017, each unrelated business activity is treated as a separate silo under IRC Section 512(a)(6). Losses from one activity cannot offset income from another. The strategy of using a rental property loss to shelter a profitable parking lot is no longer available.↵The Form 990-T filing threshold is $1,000 in gross UBTI income. The tax rate is 21%, regardless of the organization's exempt status.↵More than 30,000 tax-exempt organizations file Form 990-T annually. The distinction between program service revenue and UBTI is one of the most consequential — and most frequently miscategorized — lines in nonprofit tax compliance.","#nonprofitfinance #UBTI #taxexempt #Form990T",apps/site/src/content/glossary/unrelated-business-taxable-income.md,no
2026-05-30,5,TOOL_TEARDOWN,"EveryAction (now Bonterra) was built for political campaigns and issue advocacy organizations. Its core capabilities — petition management, email to elected officials, volunteer mobilization at scale — are genuine and well-designed for that use case.↵That design is precisely the problem for most nonprofits evaluating it.↵G2 and Capterra reviewers report annual EveryAction costs for nonprofits ranging from $5,000 to $30,000+ depending on organization size and features. Implementation fees are standard and often significant.↵A workforce development nonprofit or a community health center does not need petition management. It needs donor records, restricted fund tracking, and grant expenditure reporting that a program officer can verify.↵EveryAction includes basic grant tracking — award records and deadline reminders. It does not include grant lifecycle management: no restricted fund allocation, no expenditure tracking against grant-specific budgets, no compliance report generation tied to funder requirements.↵The FASB ASC 958 model for tracking restricted versus unrestricted net assets is not a feature that advocacy platforms prioritize.↵When a platform is designed for advocacy and priced for that complexity, organizations that buy it for donor management and grant compliance pay for capabilities they will never use while still lacking the ones they need.↵The better question before entering any vendor process: does the platform's origin match your operational model?","#nonprofitcrm #grantmanagement #everyaction #nonprofitfinance",apps/site/src/content/alternatives/every-action-alternative.md,no
2026-05-30,6,HOW_TO,"Under 2 CFR 200.303, federal grantees must maintain effective internal controls over federal awards. ""Effective"" means written, operational, and demonstrable — not a reference to a general purchasing policy.↵Most nonprofits have a purchasing policy. Grant spending controls are a specific layer on top of it.↵The distinction: a purchasing policy governs how the organization buys things generally. Grant spending controls govern expenditures against specific restricted funds, within specific approved budgets, subject to specific funder requirements.↵Organizations that point to their purchasing policy when asked about grant spending controls are describing a gap, not a system.↵The authorization framework needs three defined levels: routine expenditures within approved categories, non-routine expenditures requiring finance or executive review, and items that require written funder prior approval before the expenditure is made.↵Segregation of duties under 2 CFR 200.303 requires distributing the initiation, authorization, recording, and reconciliation functions across different individuals. For small teams where full segregation is not achievable, compensating controls substitute — typically a second-level review documented in writing and actually performed.↵The test that matters most: before your auditor arrives, pull 10 recent grant expenditures and verify each one had a documented prior approval from the correct person under your authorization matrix. If any fail, that is a finding preview.","#grantcompliance #internalcontrols #federalgrants #2CFR200",apps/site/src/content/guides/how-to-set-up-grant-spending-controls-and-approvals.md,no
2026-05-30,7,FREE_RESOURCE,"A grant kickoff meeting done in 20 minutes without an agenda is not a kickoff. It is a formality that leaves the program lead, finance staff, and grants manager with different understandings of the same award.↵A useful kickoff covers seven specific items before any spending begins: award overview, approved budget walkthrough line by line, fund restrictions and prior approval requirements, the complete reporting schedule with named owners, roles and responsibilities for each compliance function, grant management system setup confirmation, and an open items log.↵The approved budget walkthrough is where most kickoffs fail. The finance director needs to know what each line covers and what documentation is required. The program lead needs to know what cannot be charged even if it seems reasonable. Running through the budget together, with both in the room, surfaces the interpretation gaps before they become misallocation findings.↵The reporting schedule section should produce a documented calendar: every report type, reporting period, due date, prep start date, who prepares, who reviews, and who submits. Not a verbal agreement — a table in the meeting record.↵The open items log matters because decisions made verbally in a kickoff meeting have a way of being remembered differently by different people six months later. Writing them down, assigning owners, and setting due dates converts a conversation into a compliance record.↵GrantPipe's free Grant Kickoff Meeting Template covers all seven agenda items with built-in worksheets and decision logs. grantpipe.com/free.","#grantmanagement #grantcompliance #nonprofitfinance #grants",apps/site/src/content/lead-magnets/grant-kickoff-meeting-template.md,no
2026-05-30,8,HOW_TO,"A $50,000 grant is not $50,000 for your mission. After compliance costs, it is closer to $40,000.↵The Nonprofit Finance Fund's ""net grant"" concept quantifies what grants managers already know: compliance labor eats a significant share of every award. The median nonprofit spends 6-8 hours per grant per year on reporting alone. Across a portfolio of 20 grants, that is 120-160 hours annually — before you count application prep, mid-term reports, and closeout documentation.↵That time is not free. An in-house grants manager costs $67,000-$87,000 annually. Outsourced compliance support runs $132-$159 per hour.↵The indirect cost gap makes it structural. GrantStation's 2024 survey of 2,306 organizations found 42% of non-government funders cap indirect reimbursement at 10% or below, while actual overhead runs 25-35%. Organizations absorb the 10-20 point gap from unrestricted revenue.↵Two things to audit inside your own portfolio: the hours your team spends on compliance per grant, and what you are actually recovering in indirect costs versus what you are spending.↵If reporting time averages more than 4 hours per grant per cycle, there is a process problem — not just a software problem. The first step is identifying which funders have unique format requirements versus which ones could share a common data pull. Standardizing what can be standardized before automating cuts more time than software alone.↵Software can then reduce that further. The structural indirect cost gap is a policy problem. The hours problem is solvable.","#grantcompliance #nonprofitfinance #indirectcosts #netgrant",apps/site/src/content/guides/net-grant-problem-compliance-costs.md,no
2026-05-30,9,LIST_POST,"Five nonprofit CRMs, rated on the factor that most reviews skip: grant compliance.↵Bloomerang: Strong donor retention dashboards and clean interface. No grant management. Organizations managing restricted grants maintain a separate system for compliance.↵DonorPerfect: Deep scheduled reporting, 93% customer retention, 13-year average client tenure. Grant tracking covers deadlines and fund records — not expenditure compliance documentation.↵Keela: AI-assisted donor insights, accessible pricing at $99-$299/month. No grant lifecycle management or restricted fund compliance.↵Little Green Light: $39-$90/month, minimal configuration, basic donor tracking. No grant management. Most growing organizations migrate off within a few years.↵GrantPipe: Full grant lifecycle management and restricted fund tracking included at every tier, $329-$1,079/month flat. Donor CRM and compliance in one system.↵The pattern in G2 and Capterra reviews is consistent: users rate platforms highly for donor management and then note in a single sentence that grant tracking is limited or absent. For organizations receiving restricted grants, that note at the end of a review describes an operational gap, not a minor feature limitation.↵The practical question to ask in any demo: can this platform generate a report showing expenditures by restriction against each grant budget? That one question eliminates most of the alternatives in this list faster than any feature checklist.↵28% of expected CRM users at nonprofits are not actively using their system. The leading reason: the platform did not fit the actual compliance workflow.","#nonprofitcrm #grantmanagement #nonprofitsoftware #grantcompliance",apps/site/src/content/listicles/nonprofit-crm-reviews.md,no
2026-05-30,10,HOW_TO,"Federal grant draws are compliance events, not routine cash transfers. Each one must be supported by actual expenditures in the accounting system, reconciled monthly, and documented with enough detail that an auditor can trace every dollar from the draw request to the underlying expense.↵The two payment methods — advance and reimbursement — carry different timing requirements. Under 2 CFR 200.305(b)(3), advance cash must be disbursed within 30 calendar days. Cash held beyond 30 days is potentially subject to interest calculation and remittance. Interest earned on federal cash above $500 per year must be returned to the federal government.↵The reconciliation that prevents cash management single audit findings: monthly, cumulative draws to date should equal cumulative expenditures recorded in the general ledger for that award. If draws exceed expenditures, the organization is holding federal cash it has not yet spent — a compliance issue under 2 CFR 200.305 that requires the excess to be returned or offset against the next draw.↵Most organizations discover these gaps at audit time. Gaps accumulate monthly and become much harder to trace and correct in bulk than they would have been at each month-end close.↵Each draw should have a documented log entry: award number, payment system request number, date submitted, period covered, federal share claimed, the expenditure report that supported the draw, and the system confirmation. This log is the source data for the Federal Cash Transactions section of the SF-425.↵GrantPipe tracks draw history per award, surfaces reconciliation gaps at month-end close, and generates the draw log automatically. See it at grantpipe.com.","#federalgrants #grantcompliance #cashmanagement #2CFR200",apps/site/src/content/guides/how-to-track-federal-grant-draws-and-reimbursements.md,yes
2026-05-31,1,STAT_BOMB,"Massachusetts's $500,000 audit threshold is lower than the federal $1,000,000 Single Audit threshold — and most nonprofits do not realize that gap until they get a deficiency notice.↵↵A mid-sized nonprofit at $600,000 in gross support and revenue needs a CPA audit for Form PC purposes even though it is nowhere near the federal trigger.↵↵The Massachusetts Attorney General's Public Charities Division administers Form PC under M.G.L. Chapter 12 Sections 8E through 8M.↵↵Fees run from $35 (under $100,000) to $2,000 (above $100 million) — using the wrong tier triggers a deficiency notice with a 30-60 day cure window.↵↵Calendar-year filers typically file under the six-month extension, putting the practical deadline at November 15 — which is also when the audit engagement needs to be finished.↵↵Most rejections come down to four things: missing audit, wrong fee, missing Form 990 attachment, and late filing without documented extension.↵↵GrantPipe tracks Form PC deadlines alongside federal SF-425 cadence and restricted-fund workflow in one operating record — the compliance calendar does not require a separate system.","#nonprofitcompliance #massachusettsnonprofit #grantcompliance #nonprofitfinance",apps/site/src/content/guides/massachusetts-form-pc-annual-report-guide.md,yes
2026-05-31,2,MYTH_BUSTER,"""Grant management software"" means two completely different things depending on which side of the transaction you are on.↵↵Submittable is an application intake and review platform — it exists for organizations that receive applications, score them, and award funds.↵↵GrantPipe is a donor and grant compliance platform — it exists for organizations that apply for grants and need to operate the awards they win.↵↵Most $500K-$10M nonprofits are applicant-side. They submit into other organizations' Submittable portals. They do not need to run Submittable themselves.↵↵What they need is a tool that connects donor records, restricted fund balances, SF-425 deadlines, and the Single Audit threshold raised to $1,000,000 under the October 2024 Uniform Guidance revision.↵↵The two products do not meaningfully compete. They sit on opposite sides of the grant transaction.↵↵If you have been comparing them, the useful question is: are you primarily receiving applications or managing the grants you win?","#grantmanagement #nonprofitsoftware #grantcompliance #nonprofitfinance",apps/site/src/content/comparisons/grantpipe-vs-submittable.md,no
2026-05-31,3,WORKFLOW_STEP,"A Single Audit finding is not a disaster. Responding to one without a Corrective Action Plan is.↵↵Under 2 CFR 200.511(c), every finding requires a written CAP that identifies five things: auditee position (agree or disagree), specific corrective action, responsible party, completion date, and the finding reference number.↵↵""We will strengthen our controls"" does not satisfy any of those five requirements.↵↵The CAP goes to the Federal Audit Clearinghouse with the Single Audit package — due the earlier of 30 days after the auditor's report or nine months after fiscal year end, per 2 CFR 200.512(a)(1).↵↵A finding in two consecutive audits is a repeat finding. That triggers specific conditions under 2 CFR 200.208: prior approval for draws, enhanced monitoring, possible high-risk designation.↵↵Break the repeat pattern before the second audit, not after.↵↵Every questioned cost decision — repay, dispute, or request allowance — should be communicated to the awarding agency alongside the CAP, not months later.","#singleaudit #grantcompliance #uniformguidance #nonprofitfinance",apps/site/src/content/workflows/respond-to-single-audit-finding.md,no
2026-05-31,4,TERM_EXPLAINED,"Every nonprofit expense has two labels. Most finance teams only track one.↵↵The natural label says what you bought: salaries, rent, supplies, depreciation.↵↵The functional label says why you spent it: program services, management and general, or fundraising.↵↵FASB ASC 958-205 requires nonprofits to present expenses by both classifications. Acceptable methods under ASC 958-720 include time studies, FTE allocations, square footage, and direct charging.↵↵The most common error: treating the Executive Director as 100% program. Most EDs perform a mix of program oversight, management, and fundraising. Allocating the full salary to programs inflates the program ratio and is a routine audit finding.↵↵Stale percentages are the second most common error — applying the same 70/20/10 split for five years without a review. ASC 958-720 requires methods that reflect current resource consumption.↵↵Roughly 20% of Form 990 amendments filed by public charities relate to reclassification between functional expense categories, per Urban Institute analysis.↵↵The methodology must be documented, consistently applied, and defensible under audit.","#nonprofitaccounting #fasbasc958 #functionalexpenses #nonprofitfinance",apps/site/src/content/glossary/functional-expense-allocation.md,no
2026-05-31,5,TOOL_TEARDOWN,"Fluxx does not publish pricing. Foundation disclosures and public 990s place contracts between $25,000 and $100,000 annually — and that is before implementation.↵↵The implementation fee typically runs $10,000 to $50,000 depending on configuration scope. Data migration is quoted separately. User seat increases push renewal cost up every year. Annual price escalation of 5-8% is standard.↵↵The biggest hidden cost is IT and administrator time. Fluxx is flexible — which means someone has to maintain the configuration. That ongoing cost does not appear in the sales quote.↵↵For the grantseeker tier at $20,000/year, the real first-year cost with implementation, migration, and a separate donor CRM (which Fluxx does not include) lands closer to $35,000 to $50,000.↵↵G2 reviewers describe implementations taking 3-6 months with dedicated internal IT support.↵↵The honest budget conversation starts with: what is the total annual cost of Fluxx plus a donor CRM plus the administrator time to maintain both?↵↵For a portfolio of 5-15 grants, that question rarely produces a number that the platform's capabilities can justify.","#nonprofitsoftware #grantmanagementsoftware #fluxx #nonprofitfinance",apps/site/src/content/pricing-breakdowns/fluxx-pricing.md,no
2026-05-31,6,HOW_TO,"The evidence that survives a Single Audit is not created in the weeks before the auditor arrives. It is created throughout the year.↵↵Time records completed every pay period rather than reconstructed quarterly. Invoices attached to expenditure entries at payment rather than filed separately. Subrecipient monitoring completed on schedule rather than assembled retroactively.↵↵For a financial statement audit, the request list includes: general ledger, bank reconciliations for each month, board minutes, major contracts and grant agreements, fixed asset schedules, and functional expense allocation methodology.↵↵A Single Audit adds: the Schedule of Expenditures of Federal Awards (SEFA), all federal award agreements, personnel time records by grant, procurement records for federally funded purchases, and subrecipient monitoring documentation.↵↵The SEFA preparation should start 60-90 days before fiscal year end — not at year end. Missing federal programs (often passthrough awards from state agencies) result in audit adjustments.↵↵The formal evidence binder organized by auditor request categories reduces fieldwork duration and demonstrates that records were maintained contemporaneously.↵↵Organizations that close audits quickly are not doing more work at audit time. They are doing less — because the work was already done.","#nonprofitaudit #singleaudit #grantcompliance #uniformguidance",apps/site/src/content/guides/nonprofit-audit-readiness.md,no
2026-05-31,7,FREE_RESOURCE,"CRM licensing is only 5-15% of total cost. The rest shows up in implementation, training, data migration, ongoing administration, and integrations.↵↵A self-implemented mid-market CRM with a consulting partner for implementation runs $15,000-$50,000 over three years for a typical mid-sized nonprofit.↵↵Salesforce NPSP with a consulting partner for the same organization: $50,000-$150,000 or more — implementation is $55,000+ alone, plus a fractional admin retainer running $24,000/year.↵↵The retraining problem is the cost category most frequently omitted from vendor proposals. Staff turnover means CRM training has a shelf life. When the Development Director who was trained on the system leaves, that institutional knowledge leaves with them.↵↵Integration maintenance is the third surprise: every connection between a CRM and an accounting system, email platform, or payment processor is a maintenance liability. APIs change. Middleware breaks. Costs add up.↵↵The Nonprofit CRM Cost Calculator at grantpipe.com/free/nonprofit-crm-cost-calculator models seven cost categories over a three-year horizon: licensing, implementation, migration, training, administration, integrations, and storage.↵↵Worth running before booking vendor demos — the real number is usually higher than the quoted number.","#nonprofitcrm #nonprofitsoftware #nonprofitfinance #donormanagement",apps/site/src/content/lead-magnets/nonprofit-crm-cost-calculator.md,no
2026-05-31,8,HOW_TO,"Pennsylvania's BCO-10 charitable registration has a deadline that most nonprofits get wrong: 315 days after fiscal year end, not the end of the calendar year.↵↵For a December 31 fiscal year end, that puts the renewal due date around November 11.↵↵Fees scale with gross annual contributions: $15 at the bottom tier (under $25,000), $250 at the top tier (above $1,000,000). Using the wrong tier is one of the five most common rejection reasons.↵↵The audit attachment threshold matches the top fee tier: audited financial statements are required above $1,000,000 in gross contributions. Reviewed statements apply at mid-tiers; compiled statements at lower tiers.↵↵A nonprofit that crosses $1,000,000 for the first time needs to engage a CPA early — an audit started the month before the 315-day deadline rarely finishes without rush billing.↵↵Pennsylvania accepts the Uniform Registration Statement (URS) in place of BCO-10, with a PA-specific supplement and fee. Organizations filing in multiple URS states use this to reduce duplicate data entry.↵↵The BCO-10 fee and audit thresholds can shift when the Department of State updates the schedule — verify against the current schedule before each filing, not the prior year.","#pennsylvanianonprofit #charitableregistration #nonprofitcompliance #stateregistration",apps/site/src/content/guides/pennsylvania-bco-10-charitable-registration-guide.md,no
2026-05-31,9,LIST_POST,"Five affordable donor management platforms, compared on what actually matters for mid-sized nonprofits:↵↵Little Green Light ($39-$90/month): lowest price, basic donor records and gifts. No grant management, no restricted fund tracking, limited analytics.↵↵Keela ($99-$299/month): best value for email marketing bundled with donor CRM. Grant lifecycle management is limited.↵↵Bloomerang ($125-$249/month): best donor retention analytics in this price range. Per-record pricing — a platform that costs $125/month at 1,000 contacts can cost $249/month at 15,000 contacts.↵↵DonorPerfect ($89-$200+/month): broad feature set through add-ons, long track record, dated interface. Add-on costs can push total price above listed range.↵↵GrantPipe ($329-$1,079/month): flat-rate pricing, combined donor management and grant compliance, no per-record increases.↵↵The more useful question than ""cheapest CRM"" is: what is the total cost of your current system, including staff time spent on grant compliance in spreadsheets, and the second system running alongside your CRM?↵↵Only 33.3% of nonprofits rate their CRM systems as effective, per the 2025 Fifty & Fifty Nonprofit Peer Report.","#nonprofitcrm #donormanagement #nonprofitsoftware #affordablenonprofit",apps/site/src/content/listicles/best-donor-management-software-affordable.md,no
2026-05-31,10,HOW_TO,"A grant compliance calendar that only tracks report due dates is a reporting calendar. Those are not the same thing.↵↵Report due dates are the output of compliance work. The compliance work that generates accurate data needs to be calendared separately.↵↵For a single federal grant with an annual period of performance, the compliance calendar has approximately 30-40 entries: 12 monthly drawdown reconciliations, 4 quarterly SF-425 submissions, time and effort certifications for personnel, budget-vs-actual reviews, and subrecipient monitoring if applicable.↵↵Every entry needs a named owner — not a role, a person. ""The SF-425 for the federal workforce development grant is due October 30, and Maria is responsible"" is an owned deadline. ""Finance"" is not.↵↵Preparation lead time matters as much as the deadline itself. Quarterly SF-425 reports need 10-14 business days of preparation. Set calendar reminders at the prep start date, not the submission deadline.↵↵At 15 active grants, monthly compliance tasks alone total 60-80 recurring calendar entries. At that scale, manual calendar maintenance becomes itself a compliance risk.↵↵GrantPipe builds the compliance task schedule from each grant's award terms — the calendar is a byproduct of the grant record, not a separate document to maintain.↵↵Start with the free Grant Reporting Calendar Template at grantpipe.com/free/grant-reporting-calendar-template to map your current compliance obligations before migrating to software.","#grantcompliance #grantmanagement #nonprofitfinance #uniformguidance",apps/site/src/content/guides/how-to-set-up-a-grant-compliance-calendar.md,yes
