Post title,Post link,Post type,Campaign name,Posted by,Created date,Campaign start date,Campaign end date,Audience,Impressions,Views,Offsite Views,Clicks,Click through rate (CTR),Likes,Comments,Reposts,Follows,Engagement rate,Content Type
"If your Development Director left tomorrow, who would know which grant reports are due in June?

Not in theory. In practice. Whose laptop has the funder portal logins. Whose inbox has the program officer's last email. Whose head holds the unwritten rule that this funder wants narrative before financials.

At a $500K to $10M nonprofit, the grant function often comes down to one person. Sometimes two. The deadline calendar lives where the work happens, which is wherever that one person works.

This is not a software problem first. It is a documentation problem. But software can make the documentation a side effect of the work instead of a separate task that never gets done.

Sunday is a good day to write down the next 90 days of grant deadlines, the funder, the report type, and the portal URL. One page. Shared drive. Done.

If the person who knows this is reading: the page is for the version of you that gets the flu in week two of June.",https://www.linkedin.com/feed/update/urn:li:activity:7461913475217534976,Organic,,Angel Campa,05/17/2026,,,All followers,110.0,,,0.0,0.0,0.0,0.0,0.0,,0.0,
"If you are an Executive Director heading into a Monday board meeting with a finance subcommittee question on restricted fund balances, the print-out you want is the Schedule of Activity by Net Asset Class.

Opening balance, additions, releases from restriction, ending balance. Per fund. One page.

Not the full GL. Not the YTD P&L. The schedule.",https://www.linkedin.com/feed/update/urn:li:activity:7461883259015024640,Organic,,Angel Campa,05/17/2026,,,All followers,448.0,,,1.0,0.0022321429569274187,0.0,0.0,0.0,,0.0022321429569274187,
"We decided early that grants and funds had to be separate database entities. Not the same thing with a flag.

A grant is an award. It has a funder, a period of performance, a budget, reporting deadlines, and a closeout date. It is a contract.

A fund is a bucket of restricted dollars. It can be funded by one grant, by multiple grants, by a private gift, or by a board designation. The restriction sits on the fund.

A single program (say, Youth STEM) can pull from a federal pass-through grant, a foundation grant, and a private donor's restricted gift. Three sources, one fund, one set of allowable costs to track.

If you model that as one table with a ""type"" column, you spend the rest of the product's life writing exceptions. We modeled it as two tables connected by an allocation table. Boring. Correct. Matches FASB ASC 958 and how Sage Intacct does it.

Most CRMs do not separate these because they did not start in fund accounting. That is fine for tracking gifts. It is not fine for closing a federal award.",https://www.linkedin.com/feed/update/urn:li:activity:7461853068305809408,Organic,,Angel Campa,05/17/2026,,,All followers,39.0,,,1.0,0.025641025975346565,0.0,0.0,0.0,,0.025641025975346565,
"Picture this: three different versions of the same grant budget at a Development office. One in QuickBooks, one in a Google Sheet, one in the donor CRM. None of them are wrong. They are all incomplete.

The QuickBooks version has the GL detail but no funder reporting categories.

The Sheet has the funder categories but the actuals are a month stale.

The CRM has the award amount and the contact but no spend data at all.

Three systems, one truth split into thirds. The hand-off between Development and Finance happens by copying numbers between tabs. Every quarter. By a person whose actual job is something else.

Single source of truth is not a slogan. It is the moment one number stops needing reconciliation.",https://www.linkedin.com/feed/update/urn:li:activity:7461830402459045888,Organic,,Angel Campa,05/17/2026,,,All followers,67.0,,,0.0,0.0,0.0,0.0,0.0,,0.0,
"Most ""audit prep"" advice tells you to start in August. That is too late.

The audit binder is not a document you assemble. It is a byproduct of how you ran the year. If your evidence trail only exists when an auditor asks for it, you do not have an evidence trail. You have a scramble.

Here is the inversion. The week-by-week version of audit prep is not 14 frantic weeks before fieldwork. It is 52 quiet weeks that produce a binder as a side effect.

What that looks like in practice:

Each award has a folder with the executed agreement, the approved budget, every amendment, and the board minutes that authorized it. That folder gets touched on day one and never restructured.

Each drawdown gets a memo. One paragraph. Date, amount, period covered, the GL accounts it ties to. Filed in the award folder when the cash hits.

Each personnel allocation gets a certification at the cadence the funder requires. Federal awards under 2 CFR 200.430 require after-the-fact certification that payroll charges reflect actual work. Frequency varies by agency and funding structure. Filed in the award folder, not in HR.

Each sub-recipient sends back a quarterly compliance attestation. Filed in the award folder. Read by someone, not just received.

When fieldwork starts, the binder is already built. The auditor's PBC list is a retrieval task, not a manufacturing task.

This is the difference between organizations that dread audit week and organizations that schedule it like a dental cleaning. The work was done in the months before. May and June are the right months to set it up for the next cycle.

Free download, no email required: https://lnkd.in/eQpfs6UY.

[image suggestion: a clean two-column comparison sketch, left column labeled ""August scramble"" with a chaotic stack of folders, right column labeled ""Year-round"" with a single tidy binder, no logos, archival ochre and emerald palette.]",https://www.linkedin.com/feed/update/urn:li:activity:7461815313488195584,Organic,,Angel Campa,05/17/2026,,,All followers,38.0,,,0.0,0.0,0.0,0.0,0.0,,0.0,
"Eight items. That is the full contents of the Auditor Evidence Checklist.

1. Award document and any amendments.
2. Approved budget at award date and current revised budget.
3. General ledger detail by award, period of performance to date.
4. Drawdown or reimbursement records with dates and amounts.
5. Procurement files for any single purchase over $10,000.
6. Time-and-effort certifications for personnel charged to the award.
7. Sub-recipient monitoring file (if applicable).
8. SF-425 or FFR submissions for every reporting period.

If any one of those eight is hard to assemble, that is the workflow problem to fix this summer. Not in October when the auditor schedules.

Free download, no email required: https://lnkd.in/erazPNp8.",https://www.linkedin.com/feed/update/urn:li:activity:7461800212156760064,Organic,,Angel Campa,05/17/2026,,,All followers,30.0,,,0.0,0.0,0.0,0.0,0.0,,0.0,
"ALN: Assistance Listing Number. The federal program identifier you used to call CFDA.

The number itself did not change when the name did in 2018. 14.218 is still CDBG Entitlement Grants. 93.243 is still SAMHSA's Projects for Assistance in Transition from Homelessness.

If your award letter says CFDA, the funder is using old paperwork. The number is still valid. Match it on assistancelistings.gov to confirm program details before you cite it in a board memo.",https://www.linkedin.com/feed/update/urn:li:activity:7461785112452706304,Organic,,Angel Campa,05/17/2026,,,All followers,9.0,,,0.0,0.0,0.0,0.0,0.0,,0.0,
"Quick check before Monday: do you know your organization's UEI expiration date?

SAM.gov registrations renew every 12 months. If yours lapses in the middle of a draw request, the federal payment system will reject the drawdown. Not delay it. Reject it.

The renewal window opens 60 days before expiration. Missing this surfaces at the worst time: when SAM.gov support is unavailable.

Two minutes on sam.gov this week. Search your entity, note the expiration date, set a calendar reminder for 60 days prior.

That is the whole task. It just has to happen.",https://www.linkedin.com/feed/update/urn:li:activity:7461770000211644417,Organic,,Angel Campa,05/17/2026,,,All followers,86.0,,,0.0,0.0,0.0,0.0,0.0,,0.0,
"Picture this: Sunday morning, eight days out from a Single Audit walk-in.

The Finance Director opens the binder. The first tab is the Schedule of Federal Awards. The second is the SF-425 history for the CDBG award. The third is empty.

That third tab is always where the week goes. Procurement files, board minutes that approved the budget, the timekeeping certifications nobody printed.

Build the empty tab first this week. Everything else is already in a folder somewhere.",https://www.linkedin.com/feed/update/urn:li:activity:7461747386118311936,Organic,,Angel Campa,05/17/2026,,,All followers,10.0,,,0.0,0.0,0.0,0.0,0.0,,0.0,
"A board packet that produces two different numbers from Development and Finance is the most expensive kind of weekend work. Two teams, two source systems, one Tuesday meeting. The fix is one record both teams read from, with the audit trail attached. That is the operating system idea.",https://www.linkedin.com/feed/update/urn:li:activity:7461573707287707648,Organic,,Angel Campa,05/17/2026,,,All followers,5.0,,,0.0,0.0,0.0,0.0,0.0,,0.0,
"Time-restricted contribution: the donor has tied the gift to a future period. You can spend it, but only after the period begins, or only across the period the donor named.

Purpose-restricted contribution: the donor has tied the gift to a specific program or activity. You can spend it any time, but only on the named purpose.

A multi-year pledge that says ""for our scholarship program over the next three years"" is both. Time and purpose. The release schedule has to satisfy both at once, and the audit trail has to show it.

This is where spreadsheets quietly fail. They release on one axis or the other. Rarely both.",https://www.linkedin.com/feed/update/urn:li:activity:7461551087750180864,Organic,,Angel Campa,05/16/2026,,,All followers,52.0,,,0.0,0.0,0.0,0.0,0.0,,0.0,
"Before: a quarterly board meeting where the grant pipeline slide is rebuilt from scratch every time, and the numbers do not match the finance slide.

After: the same number, pulled from the same place, by both teams. Boring slides. Calmer meetings.

Free download, no email required: https://lnkd.in/eVB5pgsX.",https://www.linkedin.com/feed/update/urn:li:activity:7461520889529053184,Organic,,Angel Campa,05/16/2026,,,All followers,7.0,,,0.0,0.0,0.0,0.0,0.0,,0.0,
"If you have inherited a grant tracker spreadsheet, the four-item weekend check below tells you what shape it is in.

One: the period of performance dates on every active award. Not the calendar year. The actual start and end on the agreement. About a third of teams have at least one wrong.

Two: the reporting cadence. Quarterly FFR, annual progress narrative, monthly drawdown request. Write them on a calendar. Real dates, not ""Q2.""

Three: which dollars are restricted and to what. Purpose, time, or both. Everything else is general operating, and your CFO needs the same picture you have.

Four: who the program officer is and when you last spoke. If it has been more than six months on an active grant, that is a phone call, not an email.

Spreadsheets are not the enemy. Untracked spreadsheets are.",https://www.linkedin.com/feed/update/urn:li:activity:7461490676753653761,Organic,,Angel Campa,05/16/2026,,,All followers,50.0,,,0.0,0.0,0.0,0.0,0.0,,0.0,
"For every Finance Director who has been told ""just configure the CRM for grant tracking.""

Donor CRMs are built around a person or a household. Grants are not people. A grant has a period of performance, a budget across cost categories, a reporting cadence, a fund allocation, and an audit trail. None of those map cleanly to contact records and opportunities.

You can force them in. Custom objects, picklists, formula fields. It works for a quarter. Then a funder asks for cumulative spend by category against budget across two fiscal years, and you spend a Saturday in a spreadsheet rebuilding the answer.

The CRM is not wrong. It was just never the right shape.",https://www.linkedin.com/feed/update/urn:li:activity:7461468014006337536,Organic,,Angel Campa,05/16/2026,,,All followers,69.0,,,0.0,0.0,0.0,0.0,0.0,,0.0,
"Five things that catch small nonprofits off guard on their first federal pass-through award.

1. The pass-through entity (the state or county) is your funder for compliance purposes, but the federal rules still apply. You owe 2 CFR 200 even though your check came from the state.

2. Your UEI on SAM.gov has to be active and matching the legal name on the subaward. Mismatch on a single character delays drawdowns.

3. Period of performance starts on the federal award date the prime received, not the date your subaward letter is signed. Pre-award costs are not automatically allowable just because they happened after you signed.

4. The 15% de minimis indirect rate is available if you have never had a negotiated rate. If you ever negotiated one, even for a closed grant, you cannot fall back to de minimis without re-negotiating.

5. FFATA reporting at $30,000 obligated lives with the prime, but the prime will ask you for the data. Have your DUNS-era history, board comp, and primary place of performance ready.

None of this is in the award letter. It is in the federal regulations the award letter incorporates by reference. Saturday is a fine day to read them.

[image suggestion: a flat, archival-style infographic of a federal pass-through funding flow, federal agency to state to nonprofit, with the five gotchas labeled at the third hop]",https://www.linkedin.com/feed/update/urn:li:activity:7461452938327093248,Organic,,Angel Campa,05/16/2026,,,All followers,179.0,,,2.0,0.011173184029757977,1.0,0.0,0.0,,0.016759777441620827,
"Conditional contribution: a gift that depends on a future event the donor specifies, like a matching threshold or a program milestone. Under FASB ASC 958-605, you do not recognize revenue until the condition is substantially met.

Unconditional contribution: a gift the donor has handed over with no measurable barrier. Recognize on receipt.

Most ""restricted vs unrestricted"" confusion is actually conditional vs unconditional confusion. Worth checking on a quiet Saturday.",https://www.linkedin.com/feed/update/urn:li:activity:7461437814220619778,Organic,,Angel Campa,05/16/2026,,,All followers,7.0,,,0.0,0.0,0.0,0.0,0.0,,0.0,
"$1,000,000.

That is the federal funding threshold above which a single audit kicks in under 2 CFR 200 Subpart F. Cross it in a fiscal year and you owe an independent audit covering all your federal awards, not just the one that pushed you over.

Teams tracking the $1M threshold often know the direct spend number. Fewer know that pass-through funds count toward it. State dollars that originated as federal pass-through count too, and that is where orgs get surprised mid-year.

Our 2 CFR 200 Audit Prep Checklist walks the threshold math, the auditor evidence list, and the timeline from ""we crossed the line"" to ""we have a clean opinion.""

Free download, no email required: https://lnkd.in/e7qxkKtR.",https://www.linkedin.com/feed/update/urn:li:activity:7461422722800205824,Organic,,Angel Campa,05/16/2026,,,All followers,139.0,,,0.0,0.0,0.0,0.0,0.0,,0.0,
"Audit fieldwork tends to expose the gap between QuickBooks journal entries and the program-side accruals nobody has posted yet. The fix is one place where program spend, fund release, and the audit trail live in the same row.

That is the bet GrantPipe is making.",https://www.linkedin.com/feed/update/urn:li:activity:7461407615974211584,Organic,,Angel Campa,05/16/2026,,,All followers,109.0,,,0.0,0.0,0.0,0.0,0.0,,0.0,
"Saturday morning question.

If a funder emailed you right now and asked what percentage of the Youth STEM grant had been spent, how long would it take you to answer with a number you trust?

That answer can take anywhere from an hour to a day.

Free download, no email required: https://lnkd.in/eTGQDGgS.",https://www.linkedin.com/feed/update/urn:li:activity:7461384986861015040,Organic,,Angel Campa,05/16/2026,,,All followers,5.0,,,0.0,0.0,0.0,0.0,0.0,,0.0,
"Deobligation: the federal awarding agency reducing or canceling unspent funds on your grant after a deadline you missed.

Common triggers: missed final FFR, late closeout package, unallowable costs found in audit.

The dollars do not come back. The relationship does not improve.

[image suggestion: a single ledger line struck through in red, with the word ""deobligated"" in small caps to the right. Stark, archival, no decoration.]",https://www.linkedin.com/feed/update/urn:li:activity:7461211319254392832,Organic,,Angel Campa,05/16/2026,,,All followers,42.0,,,0.0,0.0,0.0,0.0,0.0,,0.0,
"For the Executive Director walking into Q3 board prep with a federal pass-through award you are not entirely sure is on track:

The two questions to answer before you sit down with the binder.

First, what is the cumulative spend against the period-of-performance budget, by category, today? Not last month-end. Today.

Second, what is the next reporting deadline, who is preparing it, and what evidence is already attached?

If you cannot answer both in under five minutes, the binder is going to take longer than the meeting itself.

The fix is not a better binder. It is the source data living in one place, with the reporting cadence as a calendar, not a memory.",https://www.linkedin.com/feed/update/urn:li:activity:7461188682692243456,Organic,,Angel Campa,05/15/2026,,,All followers,80.0,,,0.0,0.0,0.0,0.0,0.0,,0.0,
"Four reports a board member will ask for in any given quarter, ranked by how often they ask:

1. ""How are we doing against budget this year?"" Operating budget, actual to date, variance by line. Every meeting.

2. ""What is the status of our biggest grants?"" The top five awards by dollar value, with period of performance dates, percent spent, and any compliance flags. Most meetings.

3. ""How is the donor pipeline looking?"" Major gift prospects by stage, year-over-year giving comparison, retention rate. Quarterly.

4. ""Where do our restricted funds stand?"" Net assets with donor restrictions, by purpose, with current balance and release schedule. Annually, plus any time a major restricted gift is anticipated.

If your monthly close cannot produce the first two without anyone ""rebuilding"" anything, you have a working system. If the third needs a special pull from the CRM, that is normal. If the fourth requires a finance-team Excel project, the system underneath is not built for the work.

[image suggestion: a clean four-row table, the report names on the left, the cadence column on the right, emerald header bar, archival ochre row separator. Spreadsheet-clean, no chrome.]",https://www.linkedin.com/feed/update/urn:li:activity:7461166022918774784,Organic,,Angel Campa,05/15/2026,,,All followers,24.0,,,0.0,0.0,0.0,0.0,0.0,,0.0,
"We built GrantPipe with eight modules instead of one big ""everything"" workspace, and the structure raises a fair question worth answering: why eight, why not three?

The short version: each module maps to a real workflow that has its own cadence and its own audience.

Donors run on a stewardship calendar. Grants run on funder deadlines. Funds run on FASB ASC 958 release schedules. Compliance runs on award terms. Reports run on board and audit cycles.

Squeezing those into a single ""fundraising"" or ""operations"" module means the dashboard is always wrong for whoever is looking at it. The Development Director wants pipeline. The Finance Director wants spend. The Executive Director wants the one-page roll-up. The auditor wants evidence.

Eight modules means each role lands on the screen that was built for them. The shared data underneath is the same. The view is not.

We are still tuning the boundaries. The eight may become seven or nine before the year is out. But the principle is staying: build the views around the work, not around an org chart.",https://www.linkedin.com/feed/update/urn:li:activity:7461150924837916674,Organic,,Angel Campa,05/15/2026,,,All followers,31.0,,,0.0,0.0,0.0,0.0,0.0,,0.0,
"Picture a scenario: a donor wires $50,000 with a letter that says ""for the Youth STEM program.""

That is a purpose-restricted contribution under FASB ASC 958. Net assets with donor restrictions. Released from restriction as the program incurs qualifying costs.

It is not ""designated."" It is not the board's call to redirect.

Get the language right on the contribution acknowledgment. The auditor will read it.",https://www.linkedin.com/feed/update/urn:li:activity:7461135824588443648,Organic,,Angel Campa,05/15/2026,,,All followers,53.0,,,0.0,0.0,0.0,0.0,0.0,,0.0,
"$1,000,000. That is the threshold of federal expenditures in a fiscal year that triggers a single audit under 2 CFR 200 Subpart F.

The threshold counts all federal funds spent in the year, including pass-through dollars from a state agency or another nonprofit. Many mid-sized orgs cross it without realizing because the pass-through portion does not feel federal day-to-day.

Three things that change once you cross:

Your audit scope expands. The single audit covers compliance testing on each major program, not just the financial statements.

Your timeline tightens. The single audit report is due to the Federal Audit Clearinghouse within 30 days of receiving the auditor's report or 9 months after the fiscal year end, whichever is earlier.

Your sub-recipient monitoring obligations grow. If you pass federal funds through to other organizations, you now have documented monitoring requirements on each.

If you are within 50K of the threshold this year, plan as if you will cross it. The audit firm pricing and the internal prep both deserve a head start.",https://www.linkedin.com/feed/update/urn:li:activity:7461120724016066560,Organic,,Angel Campa,05/15/2026,,,All followers,104.0,,,0.0,0.0,0.0,0.0,0.0,,0.0,
"If your federal award has a 30-day no-cost extension request window before the period of performance ends, when does that clock start?

It starts when the calendar says so. Not when you remember.

Add the date to the calendar the day the award is signed. Future you will not remember.",https://www.linkedin.com/feed/update/urn:li:activity:7461105637800943616,Organic,,Angel Campa,05/15/2026,,,All followers,4.0,,,0.0,0.0,0.0,0.0,0.0,,0.0,
"Before: the Development team tracks foundation grants in the donor CRM. Finance tracks the same grants in QuickBooks classes. The Executive Director gets a board report that pulls from both, hand-stitched, every quarter.

After: the grant is one record. The funder is one contact. The dollars hit one ledger with the right fund coding. The board report runs from the same data the SF-425 runs from.

The ""after"" is not a feature toggle. It is a decision about where the source of truth lives, made on day one of the system, and held the entire life of the grant.

Parallel-tracking pain comes from skipping that decision and letting two systems both feel partly authoritative. Pick one. Make the other downstream.",https://www.linkedin.com/feed/update/urn:li:activity:7461090526470078464,Organic,,Angel Campa,05/15/2026,,,All followers,51.0,,,0.0,0.0,0.0,0.0,0.0,,0.0,
"SAM.gov UEI registration expires every 12 months. The hard discovery tends to come the week the federal payment fails to clear.

A few things that help:

Set the renewal reminder 60 days out, not 30. Renewals can take longer than they should, and a lapsed UEI freezes drawdowns on every active federal award you hold.

Document who owns the renewal. The Entity Administrator role on SAM is a person, not a shared mailbox. When that person leaves, the org can lose access until it goes through identity verification again.

Save the active registration confirmation as a PDF and attach it to your federal award records. Auditors check it. Pass-through grantors sometimes ask too.

The system is not friendly. The deadlines are not generous. The cost of missing it is real cash flow, not a slap on the wrist.",https://www.linkedin.com/feed/update/urn:li:activity:7461075441387294720,Organic,,Angel Campa,05/15/2026,,,All followers,81.0,,,0.0,0.0,0.0,0.0,0.0,,0.0,
"For Development Directors who own the grant pipeline but inherit the reporting:

You can ask Finance to run the numbers. You cannot ask them to remember the deadlines.

The Auditor Evidence Checklist (free download, no email required) maps which document proves which compliance requirement, and where it should live before fieldwork.

https://lnkd.in/erazPNp8",https://www.linkedin.com/feed/update/urn:li:activity:7461060339414081536,Organic,,Angel Campa,05/15/2026,,,All followers,96.0,,,0.0,0.0,0.0,0.0,0.0,,0.0,
"Six items that belong in your audit binder before fieldwork starts. None of these are surprising. All of them get pulled together at the last minute anyway.

1. The signed award letter or contract for every active grant, with any amendments attached in date order.

2. The current period of performance dates, the indirect cost rate in effect (NICRA letter or de minimis 15% election), and the approved budget by category.

3. SF-425 / FFR submissions for the audit period, with the supporting general ledger detail tying each cash-drawn figure to the bank deposit.

4. Time-and-effort certifications for any staff allocated to federal awards, signed at least semi-annually, or after-the-fact certifications if you use a personnel activity reporting system.

5. Procurement file for any single purchase above the simplified acquisition threshold ($250K under current 2 CFR 200), with the three-quote documentation or sole-source justification.

6. Sub-recipient monitoring file: the risk assessment, the executed sub-award agreement, the most recent single audit report from the sub, and the documented review of their financial reports.

The work is not in pulling these together once. The work is in keeping them attached to the award record as they happen, so ""audit binder"" is a filter on a system, not a binder you assemble in May.

Free download, no email required: https://lnkd.in/e7qxkKtR

[image suggestion: a clean checklist on archival ochre paper, six rows visible, with simple emerald-green checkmarks. No hands, no decoration. Just the document.]",https://www.linkedin.com/feed/update/urn:li:activity:7461045227861012480,Organic,,Angel Campa,05/15/2026,,,All followers,43.0,,,0.0,0.0,0.0,0.0,0.0,,0.0,
"Pre-award costs: expenses you incur before the federal award's official start date that you want to charge to the grant.

The default rule under 2 CFR 200.458: not allowable.

The exception: 90 days before the start date, only with prior written approval from the awarding agency. Anything earlier needs explicit agency approval as well.

Where this bites mid-sized nonprofits: you got the verbal ""you're getting it"" call in March. Start date is April 1. You started hiring the program manager March 15. Those two weeks of payroll are not allowable unless you have the prior approval letter on file.

Get the letter. Save the letter. Attach it to the award record so the auditor finds it without asking.",https://www.linkedin.com/feed/update/urn:li:activity:7461033899859668992,Organic,,Angel Campa,05/15/2026,,,All followers,38.0,,,0.0,0.0,0.0,0.0,0.0,,0.0,
"Three places a grant can live simultaneously:

1. The donor CRM, where the funder is a contact and the award is a soft-credit row.
2. QuickBooks, where the dollars hit a class or a fund code.
3. A spreadsheet, where the actual reporting deadlines and budget categories sit.

None of these is wrong. They are each doing one job well.

The problem is that no one of them tells you where the grant stands. To answer ""how much of the Clinic Capacity award is left, and what is due next,"" someone has to stitch all three together.

That stitching is the work. It happens at month-end, at board prep, at audit time, at every report deadline. It is the tax you pay for not having the three things in one place.",https://www.linkedin.com/feed/update/urn:li:activity:7461022618167619585,Organic,,Angel Campa,05/15/2026,,,All followers,666.0,,,0.0,0.0,0.0,0.0,0.0,,0.0,
"Picture this: an auditor sits down at the conference table on a Tuesday morning. They ask for the time-and-effort certifications for the three staff members allocated to the federal pass-through award.

The Finance Director knows they exist. They were signed. They are in someone's email, or on the shared drive, or in the binder from 2024.

Forty minutes pass. The auditor asks if they can come back after lunch.

This is not a software problem. It is a filing problem. But software is where the fix lives now.

Time-and-effort certifications belong attached to the award record, dated, signed, and pulled in one click. Not because the auditor wants speed. Because the trust you build in the first hour shapes the rest of the week.",https://www.linkedin.com/feed/update/urn:li:activity:7461015028540932096,Organic,,Angel Campa,05/15/2026,,,All followers,77.0,,,0.0,0.0,0.0,0.0,0.0,,0.0,
"Quick check: when did you last reconcile your SF-425 cash drawn against your general ledger?

If the answer is ""at the next FFR deadline,"" that is the audit finding waiting to happen.

Reconcile monthly. The variance is always smaller than you expect when you catch it early.",https://www.linkedin.com/feed/update/urn:li:activity:7460999934910304257,Organic,,Angel Campa,05/15/2026,,,All followers,1631.0,,,1.0,0.0006131207919679582,0.0,0.0,0.0,,0.0006131207919679582,
"Board-designated is not restricted. Stop calling it that.

Board-designated funds can be undesignated by the same board that designated them. Donor-restricted funds cannot. The distinction shows up on every audited financial statement under FASB ASC 958, and conflating the two is how organizations end up overstating what they can actually free up.",https://www.linkedin.com/feed/update/urn:li:activity:7460848932898742274,Organic,,Angel Campa,05/15/2026,,,All followers,112.0,,,0.0,0.0,0.0,0.0,0.0,,0.0,
"Five things a federal program officer can ask for with no warning, that should not require a fire drill.

1. Current cumulative draw against the award, by budget category. Federal share only.

2. The last three months of payroll allocation across this award, with time and effort certifications attached.

3. A list of any cost transfers between budget categories during the period, with the supporting memo for each.

4. Sub-recipient invoices and the monitoring activity you performed before paying them.

5. The most recent SF-425 (FFR) you submitted, plus the reconciliation between it and the GL.

If any of these takes more than 30 minutes to assemble, the underlying record-keeping has drifted from what 2 CFR 200 expects. The call is a signal, not the problem.",https://www.linkedin.com/feed/update/urn:li:activity:7460826316519514112,Organic,,Angel Campa,05/14/2026,,,All followers,604.0,,,1.0,0.0016556291375309229,0.0,0.0,0.0,,0.0016556291375309229,
"Most Development Directors rebuild the board fundraising packet from scratch every quarter. Same charts, same categories, same questions, fresh exports each time.

We wrote down a version of that workflow and turned it into a Board Fundraising Toolkit.

What is in it:
- A board meeting fundraising packet template, designed so the same numbers feed every quarter without rebuilding
- A board prospect introduction worksheet for getting members to surface warm contacts
- A retention dashboard outline with the four metrics most boards care about
- A 90-day onboarding sequence for new board members on the development side

Free download, no email required: https://lnkd.in/eveQaikr.

[image suggestion: a tabletop overhead view of a printed board packet, a coffee, and a pen on a tan desk surface, no faces, no logos]",https://www.linkedin.com/feed/update/urn:li:activity:7460803633178202112,Organic,,Angel Campa,05/14/2026,,,All followers,56.0,,,0.0,0.0,0.0,0.0,0.0,,0.0,
"We decided early that grants and funds would be separate entities in our data model.

A grant is the award. The funder, the budget, the period of performance, the reporting cadence.

A fund is the bucket of restricted dollars on the balance sheet. The release schedule, the purpose constraint, the time constraint.

One grant can feed multiple funds. One fund can be fed by multiple grants. A many-to-many relationship via grant fund allocations.

This is not clever. It is how Sage Intacct and Blackbaud Financial Edge model it, because it is what FASB ASC 958 actually describes. Donor-restricted dollars are a constraint on net assets, not a property of a contract.

A lot of CRMs collapse the two into one record because it is easier to ship. Then the audit comes and the data shape will not bend.

We picked the harder shape because the easier shape is what the user works around for ten years.",https://www.linkedin.com/feed/update/urn:li:activity:7460788540491128833,Organic,,Angel Campa,05/14/2026,,,All followers,72.0,,,0.0,0.0,0.0,0.0,0.0,,0.0,
"21 pages. That is the length of the Donor Retention Playbook we just published.

Mid-year retention check, lapsed donor reactivation script, recurring giving upgrade ladder, and the four messages a $250 donor should get in their second year that they are probably not getting now.

Free download, no email required: https://lnkd.in/eKS6jSiP.",https://www.linkedin.com/feed/update/urn:li:activity:7460773435556827136,Organic,,Angel Campa,05/14/2026,,,All followers,8.0,,,0.0,0.0,0.0,0.0,0.0,,0.0,
"When a major foundation gift comes in, who updates the grant pipeline?

If the answer is ""Development logs the gift in the donor CRM, and someone on Finance manually opens a new grant record in a different system,"" you have already paid the integration tax twice. Once on entry, once on every reconciliation forever after.

The hand-off between Development and Finance is the most expensive seam in nonprofit operations. It is also the one hidden behind goodwill and Friday afternoons.

The test is simple. From the moment a grant is awarded, can both teams read the same numbers, the same restrictions, and the same reporting deadlines from the same record? If not, the seam is still there. The cost is just being absorbed by people, not invoiced.",https://www.linkedin.com/feed/update/urn:li:activity:7460758344224571393,Organic,,Angel Campa,05/14/2026,,,All followers,62.0,,,0.0,0.0,0.0,0.0,0.0,,0.0,
"Before: SAM.gov UEI registration expired three days before the drawdown request. Payment held. Program staff wait two weeks.

After: a renewal date on the calendar 60 days out, with the registered Entity Administrator on the reminder.

The fix is not software. The fix is treating SAM.gov registration as a recurring compliance task, not a one-time setup.",https://www.linkedin.com/feed/update/urn:li:activity:7460743251826741248,Organic,,Angel Campa,05/14/2026,,,All followers,11.0,,,0.0,0.0,0.0,0.0,0.0,,0.0,
"For the Grants Manager who is the only person in the org who reads the award letters carefully.

The period of performance dates rarely match a funder's reporting calendar. The budget categories on a federal award rarely match a chart of accounts. And the cost principles in Subpart E disallow expenses that look perfectly normal in a private-funder budget.

The problem is not your knowledge. The problem is that the knowledge lives in your head and a stack of PDFs in a shared drive.

When you take vacation, the Performance Progress Report deadline becomes a roulette wheel. When you leave, the institutional memory leaves with you.

A grant management system is not a substitute for your judgment. It is a place to put the judgment so the org can read it on the day you are not at your desk.",https://www.linkedin.com/feed/update/urn:li:activity:7460728142056296448,Organic,,Angel Campa,05/14/2026,,,All followers,113.0,,,1.0,0.008849557489156723,0.0,0.0,0.0,,0.008849557489156723,
"Integration tax: the recurring cost of keeping two systems pretending to be one.

It looks like a Zapier line item, a part-time consultant, a staff person who exports a CSV every Friday, and the recurring Slack thread asking why two numbers do not agree.

It compounds. Every new field on the donor CRM needs a matching field on the accounting side. Every change to the chart of accounts needs a sync rule. When something breaks, no one owns the fix because the bug crosses two products.

The case for one record per grant in one system is not aesthetic. It is the recovery of the hours your team currently spends translating between tools.

Worth measuring before the next renewal cycle: hours per month spent reconciling donor records to financial records. That number is the integration tax.",https://www.linkedin.com/feed/update/urn:li:activity:7460713037809795072,Organic,,Angel Campa,05/14/2026,,,All followers,76.0,,,0.0,0.0,0.0,0.0,0.0,,0.0,
"10%. That is the de minimis indirect cost rate any federal grantee can elect without negotiating a NICRA.

If you are running federal awards with no negotiated rate, you are probably leaving money in the direct-cost column that should be sitting in indirect. Check the award terms before the next drawdown.",https://www.linkedin.com/feed/update/urn:li:activity:7460697955818168321,Organic,,Angel Campa,05/14/2026,,,All followers,5.0,,,0.0,0.0,0.0,0.0,0.0,,0.0,
"Six things that should already be in your audit binder before May 31.

Single audit season starts earlier than teams often plan for. The $1M threshold catches orgs that cross it mid-year without realizing, and ""we will pull it together when they ask"" is how Q3 becomes a finding.

Here is what auditors typically ask for first under 2 CFR 200.

1. The schedule of expenditures of federal awards (SEFA), organized by ALN, pass-through entity, and direct vs sub-award. Tied to the GL.

2. A reconciliation between the SEFA total and the federal revenue line on your Statement of Activities. Auditors want the bridge.

3. Internal control narratives for grants management, cash receipts, disbursements, and payroll allocation. Especially at small orgs.

4. Time and effort certifications for staff charged across multiple federal awards. Must reflect actual after-the-fact activity, not the budget.

5. Sub-recipient monitoring: risk assessments, recent audit reports, and the monitoring activity you performed during the period.

6. Procurement records under 2 CFR 200.318. Method, conflict of interest disclosures, cost or price analysis where required.

If any of these live in someone's head or someone's inbox, that is where the audit finding will land.

Limited offer: 80% off your first year. First 300 customers.

[image suggestion: two-column checklist on tan paper, six items, ""where it lives"" right]",https://www.linkedin.com/feed/update/urn:li:activity:7460682847658393600,Organic,,Angel Campa,05/14/2026,,,All followers,58.0,,,0.0,0.0,0.0,0.0,0.0,,0.0,
"Three teams in a $4M nonprofit can produce three different answers to a single restricted-fund question. FASB ASC 958 is why those answers diverge: program spend, fund release, and donor recognition each follow different recognition rules.

Finance is reading net assets with donor restrictions, last reconciled at month-end. The ED is reading a working budget memo from two weeks ago. Development is reading the gift side, before any release from restriction has posted.

This is what FASB ASC 958 actually asks you to track. Restricted dollars sit on the balance sheet until they are released onto the activity statement, when the purpose is satisfied or the time restriction lapses.

If three teams see three numbers, they are seeing three stages of the same lifecycle. One source of truth means one ledger that everyone reads.",https://www.linkedin.com/feed/update/urn:li:activity:7460671511289573376,Organic,,Angel Campa,05/14/2026,,,All followers,63.0,,,1.0,0.01587301678955555,0.0,0.0,0.0,,0.01587301678955555,
"If a federal program officer called this morning and asked for your Q2 SF-425 numbers, how long until you could read them out?

Be honest. Are they in the accounting system, a working spreadsheet, or three places that do not match?

The FFR (Federal Financial Report, formerly SF-425) wants cash receipts, cash disbursements, federal share of expenditures, and obligations as of the report date. Cash basis, accrual basis, or both, depending on the award.

An org can rebuild it given a week. The actual job is being able to answer in 10 minutes, the day the call comes, with numbers your auditor will not flag in the fall.

That gap (between ""we can produce it"" and ""we can produce it on demand"") is where compliance risk hides.",https://www.linkedin.com/feed/update/urn:li:activity:7460660262921003008,Organic,,Angel Campa,05/14/2026,,,All followers,352.0,,,0.0,0.0,0.0,0.0,0.0,,0.0,
"For the Finance Director walking into audit week with three binders and a sinking feeling.

We wrote an Auditor Evidence Checklist. It walks through what auditors typically request for federally funded programs and where the evidence usually lives.

Inside:
- The exact docs auditors ask for under 2 CFR 200, organized by sample type
- A way to map each request to a folder, a person, and a deadline
- A short script for the moment an auditor asks for something you cannot find in 10 minutes
- A pre-meeting checklist so the opening conversation does not set the tone for the whole engagement

It is not a magic fix. It is a list that turns a panicked Monday into a quiet one.

Free download, no email required: https://lnkd.in/erazPNp8.",https://www.linkedin.com/feed/update/urn:li:activity:7460652638582419456,Organic,,Angel Campa,05/14/2026,,,All followers,154.0,,,0.0,0.0,0.0,0.0,0.0,,0.0,
"Your CRM is not the system of record for grants. It is one tool inside it.

Donor tools track relationships and gifts. Grants need budget detail, period of performance, drawdown timing, and an evidence trail.

Different shape of work. Different shape of system.",https://www.linkedin.com/feed/update/urn:li:activity:7460637539297607680,Organic,,Angel Campa,05/14/2026,,,All followers,25.0,,,0.0,0.0,0.0,0.0,0.0,,0.0,
"Deobligation: when a federal funder reduces the unspent portion of your award at closeout.

It happens when you under-spend, miss a deadline, or fail to document allowable costs. The unspent dollars go back to the agency. They do not roll forward.

Worth tracking quarterly, not at closeout.",https://www.linkedin.com/feed/update/urn:li:activity:7460487057015209984,Organic,,Angel Campa,05/14/2026,,,All followers,117.0,,,0.0,0.0,0.0,0.0,0.0,,0.0,
"If you are negotiating your first NICRA, read this before the call.

NICRA is the Negotiated Indirect Cost Rate Agreement. It is the percentage of direct costs you can charge to indirect under federal awards, negotiated with your cognizant agency.

A few things worth knowing before you start.

The 15% de minimis rate is available without negotiation if you have never had a NICRA. It applies to modified total direct costs. For many mid-sized orgs it lands close to what a negotiated rate would.

If you do negotiate, the cognizant agency is usually the federal awarder giving you the most direct funding. They will want a rate proposal, audited financials, and a cost allocation plan.

A higher rate is not the goal. A defensible rate you can document on every award is.",https://www.linkedin.com/feed/update/urn:li:activity:7460463911922876416,Organic,,Angel Campa,05/13/2026,,,All followers,54.0,,,0.0,0.0,0.0,0.0,0.0,,0.0,
"$1,000,000.

That is the federal expenditure threshold that triggers a Single Audit under 2 CFR 200 Subpart F.

If your federal expenditures in a fiscal year cross that line, you owe a Single Audit. A separate engagement, with its own report on internal controls, its own report on compliance, and its own Schedule of Expenditures of Federal Awards (SEFA).

The line is on expenditures, not awards. A $1.2M three-year award that spends $400K per year stays under each year. A $400K award plus a $400K pass-through plus $50K in smaller awards crosses it.

Orgs can cross by accident, in a year where a pass-through draws down faster than expected. Model the threshold before the fiscal year ends.

[image suggestion: simple chart showing federal expenditures stacked across multiple awards, with a horizontal line at $1M labeled ""Single Audit threshold""]",https://www.linkedin.com/feed/update/urn:li:activity:7460441252854136832,Organic,,Angel Campa,05/13/2026,,,All followers,207.0,,,0.0,0.0,0.0,0.0,0.0,,0.0,
"For every Finance Director who has been asked to ""just configure the CRM"" for grant compliance: this is for you.

The ask sounds reasonable. The CRM is already paid for. It has custom fields. It has reports. Why not?

Because grant compliance is not a custom field problem. It is a ledger problem. Restricted funds need release schedules. Awards need period-of-performance windows. Drawdowns need cash basis and accrual basis at the same time. FFR Box 12 needs an indirect cost rate that travels with the award.

You can put fields on the donor record for all of this. You will spend the next two years explaining to auditors why the labels do not match FASB categories.

The donor record is the wrong home for this. Not because the CRM is bad. Because the shape of the data is different.",https://www.linkedin.com/feed/update/urn:li:activity:7460426147298783233,Organic,,Angel Campa,05/13/2026,,,All followers,58.0,,,0.0,0.0,0.0,0.0,0.0,,0.0,
"When a CRM does not surface grant deadlines, somebody on the Development team is keeping a personal spreadsheet to fill the gap. That is the integration tax of running a donor CRM and a grant tracker side by side.

The CRM has the data. It just does not have the calendar. So the calendar gets rebuilt by hand.

Paid in hours, not dollars.",https://www.linkedin.com/feed/update/urn:li:activity:7460411053982781440,Organic,,Angel Campa,05/13/2026,,,All followers,81.0,,,0.0,0.0,0.0,0.0,0.0,,0.0,
"Five things to check before submitting a Grants.gov application.

1. SAM.gov registration is active and the UEI matches the application package exactly.

2. The Authorized Organization Representative is the person who will actually sign, not the grant writer.

3. The budget narrative justifies every line, including indirect. If you are using the 15% de minimis rate, name it.

4. The project narrative addresses every selection criterion in the NOFO, in the order the NOFO listed them.

5. You have submitted at least 24 hours before the deadline. Grants.gov queue times spike on the last day, and a ""received"" timestamp after the cutoff is not received.

None of these are about writing quality. They are about the package being technically valid. Most rejections at the screening stage are technical, not substantive.",https://www.linkedin.com/feed/update/urn:li:activity:7460395947966099456,Organic,,Angel Campa,05/13/2026,,,All followers,89.0,,,0.0,0.0,0.0,0.0,0.0,,0.0,
"Quick check: do you know which restricted funds are scheduled to release this quarter?

Not the total balance. The release schedule. The dates donors and grant makers tied their dollars to.

If the answer requires a meeting with Finance, the workflow is the question.",https://www.linkedin.com/feed/update/urn:li:activity:7460380856096964608,Organic,,Angel Campa,05/13/2026,,,All followers,210.0,,,0.0,0.0,0.0,0.0,0.0,,0.0,
"Before: ""I think we have about $42K left on the Clinic Capacity grant. Let me check with Finance and get back to you.""

After: ""$41,847 remaining. Released $8,200 last week against the equipment line. SF-425 is due in 14 days. Drawdown is set up for the 22nd.""

The difference is not the amount of work. It is where the answer lives. In the first version, the answer is reconstructed every time someone asks. In the second, the answer is a query. The work happens once, when the transaction is recorded, not every time a board member or program officer asks for a number.

Compliance work is mostly the cost of not having the answer ready. Once the answer is ready, the cost goes away.",https://www.linkedin.com/feed/update/urn:li:activity:7460365762277507072,Organic,,Angel Campa,05/13/2026,,,All followers,13.0,,,0.0,0.0,0.0,0.0,0.0,,0.0,
"If you have a federal pass-through award coming through a state agency this year, the Auditor Evidence Checklist is worth a look.

It walks through what a Single Audit reviewer typically asks for: award letter, budget narrative, drawdown log, time and effort certifications, sub-recipient monitoring documentation, and the FFR filings for each quarter of the period of performance.

It is structured the way an auditor builds their own workpaper, so you can see what they are looking for before they ask. That tends to shorten the back-and-forth during fieldwork.

Free download, no email required: https://lnkd.in/erazPNp8.",https://www.linkedin.com/feed/update/urn:li:activity:7460350666985840641,Organic,,Angel Campa,05/13/2026,,,All followers,79.0,,,0.0,0.0,0.0,0.0,0.0,,0.0,
"If your gala invite list lives in three different places, what is the actual list?

The board chair has one. The Development Director has another. The volunteer committee has a third. None of them are wrong. None of them are complete.

This is the same problem as grant tracking, just with chairs instead of dollars.",https://www.linkedin.com/feed/update/urn:li:activity:7460335560977547264,Organic,,Angel Campa,05/13/2026,,,All followers,4.0,,,0.0,0.0,0.0,0.0,0.0,,0.0,
"To Executive Directors who have lived through a failed Salesforce or Blackbaud implementation: this is for you.

You know the pattern. A vendor pitches a ""platform"". A consultant scopes implementation in the five-figure range and six months. The Development Director picks the configuration. Finance is not in the room. Six months later the donor data is in, the grant data is half in, and nobody can run a board report without exporting to Excel.

The reason this keeps happening is not the vendor. It is the shape. Donor CRMs are built for cultivation pipelines: stages, owners, asks, gift records. They do not have award letters, budget categories, restricted balances, drawdown schedules, FFR boxes, or 2 CFR 200 cost categories. The implementation team builds those as custom objects. Custom objects do not have audit trails by default. Audit trails get bolted on. Bolt-ons break.

The shape that works is donors and grants modeled as peers from day one. One activity log. One restricted-fund ledger. One report writer that pulls both. Built in, not configured in.

That is the bet GrantPipe is making. Starter from $165/mo billed annually. No setup fee. The trial runs on your real data so the test is the shape, not the demo.

Limited offer: 80% off your first year. First 300 customers.

[image suggestion: side-by-side diagram showing donor CRM with grant module bolted on vs unified ledger with donors and grants as peer entities]",https://www.linkedin.com/feed/update/urn:li:activity:7460320456835751938,Organic,,Angel Campa,05/13/2026,,,All followers,119.0,,,0.0,0.0,0.0,0.0,0.0,,0.0,
"Six things that trip up first-time federal grantees.

1. SAM.gov UEI registration takes longer than you think. Start 60 days before submission, not 7.

2. Pre-award costs are not allowable without prior written approval. The award letter has to say so.

3. The 15% de minimis indirect rate is not automatic. You elect it in the budget narrative.

4. Period of performance dates are not the calendar year. Read the award letter twice.

5. Drawdowns through PMS or ASAP have their own cadence. Build it into your close calendar.

6. The SF-425 (FFR) is quarterly for most awards. Box 12 needs your indirect cost detail.

None of this is hard once you have done it. All of it is expensive the first time.",https://www.linkedin.com/feed/update/urn:li:activity:7460309122777972736,Organic,,Angel Campa,05/13/2026,,,All followers,130.0,,,2.0,0.015384615398943424,0.0,0.0,0.0,,0.015384615398943424,
"Audit-ready is not a feature. It is a workflow.

The vendors who put ""audit-ready"" on the marketing page rarely define it. So here is a working definition.

Audit-ready means: every dollar of restricted spending has a date, an approver, a receipt, and a fund tag. The tag matches the grant award letter. The approver matches the policy. The receipt is in the same record as the journal entry.

If pulling that evidence for one transaction takes more than two minutes, you are not audit-ready. You are audit-recoverable. There is a difference.

The 2 CFR 200 retention rule is three years from the closeout report. That is three years of evidence you have to be able to retrieve on demand. Not regenerate. Retrieve.",https://www.linkedin.com/feed/update/urn:li:activity:7460297824572878848,Organic,,Angel Campa,05/13/2026,,,All followers,133.0,,,1.0,0.007518797181546688,0.0,0.0,0.0,,0.007518797181546688,
"3 systems. 1 grant. 0 reconciliations.

That is how grant pipeline often gets tracked at mid-sized nonprofits today. The donor CRM holds the funder relationship. QuickBooks holds the dollars. A Google Sheet holds the deadlines.

Hand-offs between Development and Finance are where seams open in mid-sized nonprofits. Numbers drift along the seam. Reports get rebuilt from scratch every month.

The fix is not another integration. It is one workspace where the funder, the award, the budget, the spend, and the report all live as one record. Development sees the relationship. Finance sees the ledger. Both see the same balance.

That is what GrantPipe is. Donors and grants in one system, with restricted-fund tracking that matches FASB ASC 958 instead of bolting on top of it.",https://www.linkedin.com/feed/update/urn:li:activity:7460290251131871232,Organic,,Angel Campa,05/13/2026,,,All followers,70.0,,,0.0,0.0,1.0,0.0,0.0,,0.014285714365541935,
"Picture this: an auditor walks in. They ask for the spend-down detail on the Federal pass-through grant.

The Finance Director opens a spreadsheet. The Development Director opens a different spreadsheet. They do not match.

This is the moment compliance software has to earn its place. Not with dashboards. With a single number that both people see.",https://www.linkedin.com/feed/update/urn:li:activity:7460275152765943808,Organic,,Angel Campa,05/13/2026,,,All followers,14.0,,,1.0,0.0714285746216774,0.0,0.0,0.0,,0.0714285746216774,
"If your annual report writing process starts with ""what did we accomplish this year"", you are starting too late.

It should start with the impact data you committed to in your grant agreements. That is the floor. Everything else is narrative on top.

The agreements already told you what to measure.",https://www.linkedin.com/feed/update/urn:li:activity:7460124159306752000,Organic,,Angel Campa,05/13/2026,,,All followers,86.0,,,1.0,0.011627906933426857,0.0,0.0,0.0,,0.011627906933426857,
"Every grant cycle generates four versions of the same question: program officer, auditor, board, funder CFO. Same data, four formats.

The program officer asks how the funds were used. The auditor asks where the supporting documents live. The board asks what we learned. The funder's CFO asks for a budget vs actual.

The work is not collecting the data. The work is reformatting the same data four ways, every quarter, for every active grant.

When people say ""grant management software"", what they usually need is one structured record that can produce all four views without rebuilding from scratch each time. Reporting is not a feature. It is the consequence of having the right data model.",https://www.linkedin.com/feed/update/urn:li:activity:7460101516037832705,Organic,,Angel Campa,05/12/2026,,,All followers,148.0,,,2.0,0.013513513840734959,0.0,0.0,0.0,,0.013513513840734959,
"Grant-funded nonprofit work often gets split across too many systems:

Donors in the CRM.
Grant deadlines in spreadsheets.
Restricted funds in accounting.
Evidence in shared drives.
Reports rebuilt every month.

GrantPipe brings donor records, grant pipelines, restricted funds, compliance deadlines, documents, and reports into one shared workspace.

The goal is simple: help development, finance, and leadership see what is funded, restricted, due, and reportable without rebuilding the story from scratch.

Start a one-month free trial. No credit card. No setup fee.",https://www.linkedin.com/feed/update/urn:li:activity:7460090838916771842,Organic,,Angel Campa,05/12/2026,,,All followers,36.0,,,1.0,0.02777777798473835,0.0,0.0,0.0,,0.02777777798473835,
"Grant-funded nonprofit work often gets split across too many systems:

Donors in the CRM.
Grant deadlines in spreadsheets.
Restricted funds in accounting.
Evidence in shared drives.
Reports rebuilt every month.

GrantPipe brings donor records, grant pipelines, restricted funds, compliance deadlines, documents, and reports into one shared workspace.

The goal is simple: help development, finance, and leadership see what is funded, restricted, due, and reportable without rebuilding the story from scratch.

Start a one-month free trial. No credit card. No setup fee.",https://www.linkedin.com/feed/update/urn:li:activity:7460090838916771842,Sponsored,"Boost Post Video Views May 12, 2026 at 11:51 PM",Angel Campa,05/12/2026,05/12/2026,05/25/2026,All followers,8006.0,4949.0,0.0,3.0,0.00037471894756890833,0.0,0.0,0.0,0.0,0.00037471894756890833,Video
"Grant-funded nonprofit work often gets split across too many systems:

Donors in the CRM.
Grant deadlines in spreadsheets.
Restricted funds in accounting.
Evidence in shared drives.
Reports rebuilt every month.

GrantPipe brings donor records, grant pipelines, restricted funds, compliance deadlines, documents, and reports into one shared workspace.

The goal is simple: help development, finance, and leadership see what is funded, restricted, due, and reportable without rebuilding the story from scratch.

Start a one-month free trial. No credit card. No setup fee.",https://www.linkedin.com/feed/update/urn:li:activity:7460090838916771842,Total,,Angel Campa,05/12/2026,,,All followers,8042.0,21.0,,4.0,0.0004973887116648257,0.0,0.0,0.0,0.0,0.0004973887116648257,Video
"Three reasons restricted-fund tracking breaks in donor CRMs:

One. Restrictions are properties of the gift, not the donor. A single donor can give a restricted gift this year and an unrestricted gift next. CRMs index on the donor first.

Two. Releases from restriction are events, not statuses. When the Youth STEM program spends $4,200 of a $50,000 restricted grant, that is a release event with a date, an amount, and a reference to the underlying expense. Most CRMs have no event model for this.

Three. The schedule of activity is a financial statement disclosure. It needs to roll up by net asset class, by restriction type, and by fund. CRMs report by donor, by campaign, by appeal. Different axes.

This is not a CRM critique. It is a fit observation. The CRM does what it was built to do. Restricted fund accounting is not on that list.

[image suggestion: a side-by-side diagram. Left column labeled ""CRM model: donor → gift → campaign"". Right column labeled ""Fund accounting model: gift → restriction → fund → release event"". Clean lines, no decoration.]",https://www.linkedin.com/feed/update/urn:li:activity:7460078861435809793,Organic,,Angel Campa,05/12/2026,,,All followers,65.0,,,2.0,0.03076923079788685,0.0,0.0,0.0,,0.03076923079788685,
"Four signs your donor CRM is not the right home for grant compliance:

1. You cannot store the period of performance start and end dates as required, validated fields. They live in a notes field or a custom text box.

2. The system has no concept of a reporting deadline that is not the same as a renewal date. Grants have both. Donor cycles usually do not.

3. Restricted fund balance is not a calculated value. It is a number someone types in.

4. There is no audit-only read role. The auditor either gets full access or gets a PDF export.

A donor CRM is built around the donor relationship. A grant is a contract with a reporting cadence, an evidence trail, and a closeout package. The two share a contact record. They do not share a workflow.

If you bought a CRM and bolted grants on, you are not wrong to have done it. You are just at the size where the bolt is the bottleneck.",https://www.linkedin.com/feed/update/urn:li:activity:7460063760683094016,Organic,,Angel Campa,05/12/2026,,,All followers,32.0,,,0.0,0.0,0.0,0.0,0.0,,0.0,
"To the Executive Director who is preparing for a board meeting next week:

The board does not need a dashboard. They need three numbers and one paragraph.

Cash on hand in months. Restricted vs unrestricted breakdown. Year-to-date variance against budget. Then a paragraph about what the variance means and what you are doing about it.

Everything else is appendix.",https://www.linkedin.com/feed/update/urn:li:activity:7460048669015228416,Organic,,Angel Campa,05/12/2026,,,All followers,138.0,,,0.0,0.0,0.0,0.0,0.0,,0.0,
"Reconciling a donor CRM to the general ledger can surface three patterns: payments booked to the wrong fund, pledges entered twice, restricted gifts coded as unrestricted.

None of these are unusual. All three surface only when someone compares the two systems row by row.

The quiet cost of running parallel systems is not the integration tax. It is the recurring two-week reconciliation that shows up before every audit, every board meeting, and every 990. The work that produces no new value, only confidence that the existing values are correct.

If you are doing that reconciliation more than once a year, the system count is too high.",https://www.linkedin.com/feed/update/urn:li:activity:7460033564416479233,Organic,,Angel Campa,05/12/2026,,,All followers,1061.0,,,0.0,0.0,0.0,0.0,0.0,,0.0,
"Question for federal grantees: do you know which of your awards require quarterly FFR (Federal Financial Report) submissions versus semi-annual?

It varies by agency and by program. HRSA defaults differ from SAMHSA, which differ from ED Title programs.

If the answer lives in someone's head, the answer is fragile.",https://www.linkedin.com/feed/update/urn:li:activity:7460018462581551104,Organic,,Angel Campa,05/12/2026,,,All followers,14.0,,,0.0,0.0,0.0,0.0,0.0,,0.0,
"DonorPerfect does not publish prices. All three tiers require a custom quote.

That is a practical problem before it is a philosophical one: you cannot start a board budget conversation until you have completed the vendor's sales process. Plan 2-4 weeks of back-and-forth before you have a number to take to a board meeting.

A few things to know before that call: QuickBooks integration is a Plus-tier feature. Core plan users reconcile manually or upgrade. Phone support is Plus and Pro only. Core is chat-only",https://www.linkedin.com/feed/update/urn:li:activity:7460008140881858574,Organic,,Angel Campa,05/12/2026,,,All followers,76.0,,,0.0,0.0,0.0,0.0,0.0,,0.0,
"Before: a Development Director enters a $50,000 multi-year pledge in the donor CRM as a single record. The Finance Director booked $25,000 this fiscal year and $25,000 next. The 990 prep team asks which version is right. Both answers are partially right.

After: the pledge lives once. It carries the donor, the restriction language, the schedule, and the conditional clauses. Finance and Development read the same record. The 990 prep team pulls a report instead of asking a question.

The shape of the data has to match the shape of the work. A pledge is not a transaction. It is a schedule of obligations a donor has made and a schedule of receivables an organization has accepted. Treating it as a row in a CRM is how you end up with three different correct answers.",https://www.linkedin.com/feed/update/urn:li:activity:7460003363930349569,Organic,,Angel Campa,05/12/2026,,,All followers,226.0,,,0.0,0.0,0.0,0.0,0.0,,0.0,
"GrantPipe is launching.

It’s a compliance-first operating system for grant-funded nonprofits: one workspace for donor records, grants, restricted funds, accounting context, compliance deadlines, and audit evidence.

The problem we’re focused on is simple: grant-funded teams should not have to rebuild the reporting story across spreadsheets, CRMs, shared drives, and accounting tools every time a board member, funder, or auditor asks for it.

GrantPipe keeps the operating trail connected from the beginning.

https://grantpipe.com

#NonprofitTech #GrantManagement #NonprofitOperations #Compliance #GrantFunding",https://www.linkedin.com/feed/update/urn:li:activity:7459998603034669056,Organic,,Angel Campa,05/12/2026,,,All followers,30.0,13.0,,1.0,0.03333333507180214,0.0,0.0,0.0,,0.03333333507180214,Video
"A free download for finance leads dealing with their first single audit:

The 2 CFR 200 Audit Prep Checklist. PDF, no email required.

It walks through the schedule of expenditures of federal awards (SEFA), the data collection form (SF-SAC), the reportable conditions distinction, and the auditee responsibilities under Subpart F. Plain English, with section references back to 2 CFR 200 so your CPA firm can verify each item.

Useful if you crossed the $1,000,000 threshold this year, or expect to next year.

Free download: https://lnkd.in/e9tafnK3",https://www.linkedin.com/feed/update/urn:li:activity:7459988260933492736,Organic,,Angel Campa,05/12/2026,,,All followers,313.0,,,0.0,0.0,0.0,0.0,0.0,,0.0,
"Grant budget carryover is not automatic. That is the part most organizations learn the hard way.

When a multi-year federal grant has unspent funds at the end of a budget period",https://www.linkedin.com/feed/update/urn:li:activity:7459987001648300032,Organic,,Angel Campa,05/12/2026,,,All followers,110.0,,,0.0,0.0,0.0,0.0,0.0,,0.0,
"Term of the day: deobligation.

When a federal awarding agency takes back funds you did not spend within the period of performance. The dollars are gone. The agency does not get to ""extend"" them after the fact in most cases.

Catching it early means asking for a no-cost extension before the end date. Not after.",https://www.linkedin.com/feed/update/urn:li:activity:7459973184558309376,Organic,,Angel Campa,05/12/2026,,,All followers,12.0,,,0.0,0.0,0.0,0.0,0.0,,0.0,
"Most organizations updated their in-kind journal entries after ASU 2020-07. Very few updated their financial statement footnotes.

ASU 2020-07",https://www.linkedin.com/feed/update/urn:li:activity:7459965862314233857,Organic,,Angel Campa,05/12/2026,,,All followers,6.0,,,0.0,0.0,0.0,0.0,0.0,,0.0,
"Six things that belong in your audit binder before fieldwork starts, in the order an auditor will ask for them:

1. Trial balance with prior-year comparison, signed by the CFO or Finance lead.
2. Schedule of net assets with donor restrictions, with a roll-forward of additions, releases, and ending balance per fund.
3. Grant agreements for every active award, including modifications and amendments. Originals, not summaries.
4. Schedule of expenditures of federal awards (SEFA) if you crossed the $1,000,000 single audit threshold. With ALN numbers, pass-through identifiers, and direct vs pass-through breakouts.
5. Board minutes for the audit period, with motions related to budget approval, restricted fund designations, and any related-party disclosures highlighted.
6. Bank reconciliations for every month, with the reconciler and reviewer initialed.

The binder is not the audit. It is the artifact that proves the audit can move quickly.

If item two takes more than a day to assemble, you do not have a reporting problem. You have a system-of-record problem.

[image suggestion: a flat-lay photograph of a tabbed audit binder with the six section labels visible, on a desk with a coffee cup. Warm light, no stock-photo people.]",https://www.linkedin.com/feed/update/urn:li:activity:7459958084539654144,Organic,,Angel Campa,05/12/2026,,,All followers,1663.0,,,3.0,0.0018039686838164926,0.0,0.0,0.0,,0.0018039686838164926,
"For every Finance Director who has been told ""just put the restricted fund tracking in QuickBooks classes"":

Classes work for two restricted funds. Maybe four. Past that, you are stitching reports together by hand every month, and the schedule of activity by net asset class is a manual rebuild.

FASB ASC 958 does not care about your software. It expects two clear categories on the statement of activities: net assets with donor restrictions, net assets without donor restrictions. Plus a roll-forward of releases.

Classes give you the dimensions. They do not give you the schedule. They do not link the donor or grant to the restriction language. They do not flag when a time-restriction expires.

If you are doing this in classes and a spreadsheet, the spreadsheet is the system. QuickBooks is the bookkeeper of the system. Worth naming honestly.",https://www.linkedin.com/feed/update/urn:li:activity:7459946735558176768,Organic,,Angel Campa,05/12/2026,,,All followers,59.0,,,0.0,0.0,0.0,0.0,0.0,,0.0,
"Givebutter is free — that is true for the platform. It is not true for the transaction.

At 2.9% + $0.30 per transaction",https://www.linkedin.com/feed/update/urn:li:activity:7459944723013865472,Organic,,Angel Campa,05/12/2026,,,All followers,5.0,,,0.0,0.0,0.0,0.0,0.0,,0.0,
"An auditor asking which donors funded a specific program last year forces a reconciliation between the donor CRM and the GL. If your org cannot answer it cleanly, it is often because donations and grant-funded program spend live in different systems.

The CRM tracks the relationship. The accounting system tracks the dollar. The grant lives in both and fully in neither. That gap is where audit prep weeks come from.

A unified system does not eliminate the work. It makes the question answerable in one place, by one person, on one screen.",https://www.linkedin.com/feed/update/urn:li:activity:7459935456583987201,Organic,,Angel Campa,05/12/2026,,,All followers,83.0,,,0.0,0.0,0.0,0.0,0.0,,0.0,
"SAM.gov UEI registration expires 12 months after activation. Not 13. Not ""around a year"". Twelve.

If your UEI lapses, drawdowns stop. New federal awards cannot be made to your org until you renew. The renewal can take a week or more if validation flags anything.

The fix is calendar-cheap. Put the expiration date on a shared calendar with a 60-day lead reminder. Assign it to a specific person, not a role.

Federal grants are not graded on intent. They are graded on documents that exist on a date.",https://www.linkedin.com/feed/update/urn:li:activity:7459927866680520705,Organic,,Angel Campa,05/12/2026,,,All followers,144.0,,,1.0,0.0069444444961845875,0.0,0.0,0.0,,0.0069444444961845875,
Federal grants require record retention for 3 years from the date you submit the final expenditure report — not from the award end date,https://www.linkedin.com/feed/update/urn:li:activity:7459923583713112064,Organic,,Angel Campa,05/12/2026,,,All followers,6.0,,,0.0,0.0,0.0,0.0,0.0,,0.0,
"Quick check: when was the last time someone on your team confirmed the period of performance dates on every active federal award?

Not the award amount. The dates. Start date, end date, allowable pre-award costs, allowable extensions.

That is usually where audit findings live.",https://www.linkedin.com/feed/update/urn:li:activity:7459912766997561344,Organic,,Angel Campa,05/12/2026,,,All followers,240.0,,,0.0,0.0,0.0,0.0,0.0,,0.0,
"California nonprofits registered with the Attorney General's Registry of Charities and Fundraisers file Form RRF-1 every year. For calendar-year filers, the deadline is May 15 — four months and fifteen days after fiscal year end.

Here is how to complete the filing without getting a deficiency notice.

Step 1: Confirm Registry status. Use the Registry Search tool to verify current standing and your CT file number before doing anything else. A lapsed or suspended registration changes the filing path.

Step 2: Calculate gross annual revenue accurately. This figure determines your fee tier and whether the $2 million audit threshold applies. Fees range from $0 for organizations under $25,000 to $1,200 for those above $500 million. The most common fee mistake is using the wrong revenue tier.

Step 3: Engage an auditor now if at or above $2 million. The Nonprofit Integrity Act of 2004 (Government Code Section 12586(e)) requires an audited financial statement prepared by an independent CPA. The audit must be complete before you file. For calendar-year filers already at this point in April, the window is short.

Step 4: Prepare RRF-1 and attach Form 990. The Registry requires the complete federal Form 990, 990-EZ, or 990-PF. Organizations filing the 990-N postcard must still provide California-level detail on the RRF-1 itself.

Step 5: Submit with the correct fee. File online through the Registry portal — online filing reduces deficiency notices caused by attachment errors and missing signatures. Mail submissions with a check payable to ""Department of Justice.""

Note: California's $2 million audit threshold is separate from the federal Single Audit threshold of $1 million in federal expenditures under 2 CFR 200.501. If your organization sits above both, you may face parallel audit obligations — often handled in a single engagement by the same CPA firm.

GrantPipe tracks state charitable registration renewals alongside federal grant reporting deadlines in one compliance calendar — so RRF-1, federal SF-425 cadence, and restricted fund workflow share the same operating record.",https://www.linkedin.com/feed/update/urn:li:activity:7459772588840345600,Organic,,Angel Campa,05/12/2026,,,All followers,39.0,,,0.0,0.0,0.0,0.0,0.0,,0.0,
"$1.2 million pledged over 5 years.

That is one unconditional multi-year pledge. Under FASB ASC 958, the full present value hits revenue in year one. The cash hits across five years. The board sees a ""great year"" once and four ""down years"" after.

The accounting is right. The narrative is the work.",https://www.linkedin.com/feed/update/urn:li:activity:7459761768962277378,Organic,,Angel Campa,05/12/2026,,,All followers,14.0,,,0.0,0.0,0.0,0.0,0.0,,0.0,
"Five nonprofit CRMs, one honest ranking for small and mid-sized organizations in 2026.

Little Green Light ($39-$90/month) is the most affordable entry point. Basic contact management, gift tracking, simple interface. No grant management, no analytics worth mentioning. The right choice if the budget is the binding constraint and grant complexity is minimal.

Keela ($99-$299/month) adds email marketing and fundraising tools. Modern interface, reasonable pricing, built-in communication features. Grant lifecycle management is limited — organizations with active restricted grants still end up in spreadsheets.

Bloomerang ($125-$249/month) leads on donor retention analytics. The retention dashboard is one of the better-designed features in this price range. Per-record pricing means costs grow as the database grows, and grant management is absent at every tier.

DonorPerfect ($89-$200+/month) has the longest track record in the segment. Broad integrations, flexible add-on structure. The interface shows its age, and add-on costs accumulate quickly. Functional and proven, but not keeping pace with newer competitors.

GrantPipe ($99-$499/month) combines donor CRM and grant compliance in one system. Flat monthly pricing regardless of record count. Compliance built into the operating path — restricted fund tracking, deadline management, compliance reporting — not a field type grafted onto donor records.

The right choice depends on one question: does your revenue include grants with restricted fund requirements? If yes, a pure donor CRM forces a second system. If no, Bloomerang is the most capable purpose-built option at a comparable price.",https://www.linkedin.com/feed/update/urn:li:activity:7459751449506361344,Organic,,Angel Campa,05/11/2026,,,All followers,33.0,,,0.0,0.0,0.0,0.0,0.0,,0.0,
"Six things in a federal grant closeout package, due 90 days after the period of performance ends.

1. Final FFR (SF-425), with the cumulative figures and the unobligated balance reported in Box 12.

2. Final Performance Progress Report. What the funder asked for at award, what you actually delivered, and where the variances are.

3. Final invoice or drawdown, reconciled to the GL down to the penny.

4. Equipment inventory if the award funded equipment over the federal threshold, with disposition instructions requested or applied.

5. Sub-recipient closeout confirmations if you passed dollars through.

6. Final indirect cost reconciliation if your NICRA is provisional.

Miss the 90-day window and the funder can deobligate. Deobligation does not just mean the dollars go away. It can show up in the next NOFO scoring.",https://www.linkedin.com/feed/update/urn:li:activity:7459739159151329280,Organic,,Angel Campa,05/11/2026,,,All followers,52.0,,,0.0,0.0,0.0,0.0,0.0,,0.0,
"Before: the Development Director closes the grant in the donor CRM. The Finance Director hears about it three weeks later when the cash hits.

After: the award is a single record. Development tracks the pipeline and the funder relationship. Finance tracks the budget, drawdowns, and reporting. Same record, two views, one audit trail.

The hand-off between Development and Finance is where grant compliance breaks down. Not because either team is bad at their job, but because the system makes them work from different copies of the same truth.

If your monthly close includes a reconciling memo that explains why the development pipeline and the GL do not agree, the memo is the smoke. The system architecture is the fire.

[image suggestion: side-by-side split panel of two screens, the left labeled ""Development view"" and the right ""Finance view,"" both showing the same grant record with different data emphasized]",https://www.linkedin.com/feed/update/urn:li:activity:7459716468801286144,Organic,,Angel Campa,05/11/2026,,,All followers,83.0,,,0.0,0.0,1.0,0.0,0.0,,0.012048192322254181,
"We made a deliberate choice about what grant compliance looks like in GrantPipe, and we picked the boring shape on purpose.

Federal rules under 2 CFR 200.430 say payroll charged to a federal award has to be supported by records that reflect actual work performed, certified after the fact, signed by someone with first-hand knowledge.

The temptation in software is to make it a real-time timer that pings the employee every hour. We considered it. We threw it out.

Why: nobody at a $4M nonprofit wants a stopwatch. What they need is evidence that shows up when the auditor asks. So we built a compliance calendar that surfaces grant deadlines next to each award record, an activity log that captures document evidence and restricted-fund spend-down as work happens, and an audit trail that is a byproduct of normal operation — not something assembled in a panic before fieldwork.

It is not exciting. It is the thing the auditor will ask for. We would rather get that part right than build a feature that looks impressive in a demo and gets turned off in week two.",https://www.linkedin.com/feed/update/urn:li:activity:7459701375057219584,Organic,,Angel Campa,05/11/2026,,,All followers,53.0,,,1.0,0.01886792480945587,0.0,0.0,0.0,,0.01886792480945587,
"Did you ask for prior approval before moving more than 10% of a federal budget line?

If you did not, the cost transfer is unallowable. Not ""frowned upon."" Disallowed. The auditor will claw it back, and the program officer will have a note in your file.

10% rebudgeting is the line. Above it, you write the email.",https://www.linkedin.com/feed/update/urn:li:activity:7459686270655623169,Organic,,Angel Campa,05/11/2026,,,All followers,1.0,,,0.0,0.0,0.0,0.0,0.0,,0.0,
"When a funder asks how a grant has been spent, the answer often requires reconciling the donor CRM and the GL. The variance is rarely zero, and it is rarely small.

We wrote a Donor-to-Grant Reconciliation Template for the moments before that email goes back to the funder. It walks through:

- Tying donor CRM gift records to GL revenue by fund
- Reconciling pledge schedules against booked receivables
- Splitting one funder gift across multiple program funds
- A sign-off block for both Development and Finance

It will not fix the system count problem. It will keep the next funder email from being a guess.

Free download, no email required: https://lnkd.in/eTGQDGgS.",https://www.linkedin.com/feed/update/urn:li:activity:7459671171727491073,Organic,,Angel Campa,05/11/2026,,,All followers,79.0,,,0.0,0.0,0.0,0.0,0.0,,0.0,
"NICRA: a Negotiated Indirect Cost Rate Agreement, in writing, with your federal cognizant agency. Sets the percentage you can charge to indirect.

15% de minimis: the default rate available under 2 CFR 200 if you do not have a NICRA and have never had one. Applies to modified total direct costs.

If you are leaving money on the table at 10%, NICRA is worth the work.",https://www.linkedin.com/feed/update/urn:li:activity:7459656077811339264,Organic,,Angel Campa,05/11/2026,,,All followers,186.0,,,0.0,0.0,0.0,0.0,0.0,,0.0,
"To the Executive Director who has been quoted five-figure implementation fees for a Salesforce NPSP implementation, plus annual license costs on top, plus a part-time admin to keep it running:

The license price is the smallest number on the invoice.

Real cost lines on a typical NPSP rollout for a $3M nonprofit:

- Implementation partner: tens of thousands in implementation fees
- Licenses: per-user license fees on top, plus add-ons
- Admin time: 10 to 15 hours a week, indefinitely
- Re-implementation in year 3 when the original consultant moves on

What you bought was a platform. What you needed was a product. Those are not the same thing.

If your team spends more time configuring the system than using it, the system is the project. The grants and the donors are the side quest.",https://www.linkedin.com/feed/update/urn:li:activity:7459640985262780417,Organic,,Angel Campa,05/11/2026,,,All followers,188.0,,,0.0,0.0,0.0,0.0,0.0,,0.0,
"12 weeks out from your audit. What should be done by week 10?

We put together an Audit Prep Week-by-Week Checklist that maps the work backward from fieldwork day one.

What is in it:

- Week 12: confirm scope, request the PBC list, schedule kickoff
- Week 10: reconcile every restricted fund balance to the GL
- Week 8: pull award documents, modifications, and ICR agreements into the binder
- Week 6: time and effort certifications for the audit period
- Week 4: sub-recipient monitoring evidence and match documentation
- Week 2: dry run of the audit confirmations and the management representation letter

Each week has the deliverable, the owner, and what counts as ""done.""

Free download, no email required: https://lnkd.in/eQpfs6UY.",https://www.linkedin.com/feed/update/urn:li:activity:7459625876939411456,Organic,,Angel Campa,05/11/2026,,,All followers,120.0,,,0.0,0.0,0.0,0.0,0.0,,0.0,
"Donor-restricted vs board-designated. Two different things.

Donor-restricted: a donor or funder tied the gift to a purpose or time. You cannot move it. FASB ASC 958 calls this ""with donor restrictions.""

Board-designated: your board chose to set money aside. Same board can move it back. Without donor restrictions, internally earmarked.

The audit cares about the difference. So should the board minutes.",https://www.linkedin.com/feed/update/urn:li:activity:7459610772755808256,Organic,,Angel Campa,05/11/2026,,,All followers,36.0,,,0.0,0.0,0.0,0.0,0.0,,0.0,
"Eight things that should be in your audit binder before fieldwork starts.

Not ""in a folder somewhere."" In the binder. Tabbed. Page-numbered. With a cover memo that points to where each item lives.

1. Award documents. The original notice, every modification, the budget on file, the approved indirect cost rate agreement.

2. The general ledger detail tied to each award, by month, with reconciling notes if a journal entry moved spending between funds.

3. Drawdown history. Date, amount, system reference number, and the period covered.

4. Time and effort records. For every employee charged to a federal award, a certification covering the audit period.

5. Procurement files for any purchase over the threshold. Three-quote evidence, sole-source memo if applicable, conflict of interest disclosure.

6. Sub-recipient monitoring file if you pass dollars through. Risk assessment, executed agreement, monitoring evidence, sub-recipient single audit.

7. Match documentation. Cash match has bank evidence. In-kind match has valuation memos.

8. Filed reports. SF-425 / FFR for every quarter, Performance Progress Report on the funder's cadence, and the audit findings response from last year.

If any of these live across QuickBooks, three Google Sheets, the donor CRM, and a shared drive, the binder is not the work product. The reconciliation is.

[image suggestion: a clean, tabbed binder spine with the eight section labels, shot at a desk under warm light]",https://www.linkedin.com/feed/update/urn:li:activity:7459595677812252672,Organic,,Angel Campa,05/11/2026,,,All followers,38.0,,,0.0,0.0,0.0,0.0,0.0,,0.0,
"If your SAM.gov UEI expires the week an award notice lands, drawdowns freeze. The renewal calendar is the highest-impact compliance task most Development offices forget.

SAM.gov registration is annual. It is free. It also takes 7 to 10 business days to process if anything trips the entity validation step, and longer if your bank info or notarized letter does not match.

Two rules that save grief:

1. Renew 60 days before expiration. Not 14.
2. The UEI lives at the entity level, not the grant level. One nonprofit, one UEI, even across 12 federal awards.

If your renewal date is ""I think sometime this summer,"" log into SAM.gov today and check. The award letter does not wait.",https://www.linkedin.com/feed/update/urn:li:activity:7459584349668102147,Organic,,Angel Campa,05/11/2026,,,All followers,2.0,,,0.0,0.0,0.0,0.0,0.0,,0.0,
"Your donor CRM was not built for grant compliance. That is fine. The problem is when people pretend it was.

Donor CRMs track gifts. They are good at it. They model a constituent, a gift record, an appeal, a campaign.

Grants need different fields. Period of performance start and end. Allowable cost categories. Indirect cost rate. Match commitment. Drawdown schedule. Sub-recipient flags. SF-425 due dates.

You can bolt custom fields onto a donor CRM until the form has 80 fields and nobody fills any of them. Or you can run grants in a tool shaped like grants and let the donor CRM be a donor CRM.",https://www.linkedin.com/feed/update/urn:li:activity:7459573045846999040,Organic,,Angel Campa,05/11/2026,,,All followers,60.0,,,0.0,0.0,0.0,0.0,0.0,,0.0,
"$1,000,000.

That is the federal expenditure threshold that triggers a Single Audit under 2 CFR 200 Subpart F. Not awarded. Expended. In a single fiscal year.

Two things people miss:

1. It aggregates across all federal awards, including pass-through dollars from a state agency or another nonprofit. The state CDBG sub-award counts.

2. It is expenditures, not drawdowns. If you accrued $400K of payroll on a federal grant in June but did not draw the cash until July, the June expense still counts in the year it hit your books.

If you are at $600K this fiscal year and a new HRSA award lands in August, plan now. The Single Audit takes 9 months and a firm with Yellow Book qualifications, not a generalist CPA.",https://www.linkedin.com/feed/update/urn:li:activity:7459565479024787456,Organic,,Angel Campa,05/11/2026,,,All followers,10.0,,,0.0,0.0,0.0,0.0,0.0,,0.0,
"How long do you keep grant records after closeout?

Federal answer: 3 years from the date you submit the final FFR. Longer if there is litigation, a claim, or an audit finding still open.

If your retention policy is ""until the file gets too big,"" the policy is the audit finding.",https://www.linkedin.com/feed/update/urn:li:activity:7459550376820830208,Organic,,Angel Campa,05/11/2026,,,All followers,23.0,,,0.0,0.0,0.0,0.0,0.0,,0.0,
"How to request a no-cost extension on a federal grant. Eight steps.

Step 1: Confirm your award allows an NCE. Review the Notice of Award. Some awards prohibit extensions or cap them at one extension of up to 12 months. Confirm before drafting the request.

Step 2: Confirm an NCE is the right tool. An NCE is for time, not money. If the real problem is insufficient funding, that is a budget supplement request — a different process with much lower approval odds. Be honest about which problem you have.

Step 3: Request at least 30 days before the period end date. Most agencies require 30–60 days minimum. If your grant ends September 30 and you request on September 15, a 30-day processing timeline means the approval arrives October 15 — after expiration. Costs incurred after the end date but before the extension is approved are unallowable.

Step 4: Contact your program officer before submitting. An informal conversation gives you early indication of approval likelihood and guidance on what justification the agency wants to see. Program officers often have preferences not documented in written guidance.

Step 5: Write a specific justification. Name external factors that caused the delay — personnel vacancy, regulatory approval delay, disrupted program delivery — and describe exactly what work remains. Vague justifications (""we need more time"") are routinely denied.

Step 6: Prepare a spend-down projection by budget category. Show what funds remain in each line and the expected expenditures during the extension. Unexplained balances in categories with no spending plan raise flags.

Step 7: Submit through the correct channel. HHS uses different portals than NIH eRA Commons, NSF Research.gov, or HUD's IDIS. Confirm the channel with your program officer.

Step 8: After approval, update your grant record immediately. The new period end date shifts the final SF-425 due date (120 days after period end under 2 CFR 200.344), the final programmatic report, and any compliance calendar items tied to the original end date. File the approval letter in the grant file as an amendment to the Notice of Award.

GrantPipe tracks NCE status and automatically updates compliance deadlines when extension dates change. grantpipe.com/signup",https://www.linkedin.com/feed/update/urn:li:activity:7459410201000067072,Organic,,Angel Campa,05/11/2026,,,All followers,122.0,,,0.0,0.0,0.0,0.0,0.0,,0.0,
"Five federal grant compliance tasks that most grant tracking software does not handle — and where the audit findings originate.

First: SEFA preparation. The Schedule of Expenditures of Federal Awards requires every federal program expended during the year to be listed by Assistance Listing Number (formerly CFDA number), with pass-through entity information for any sub-awards received. Most grant trackers record grant amounts and deadlines. They do not store ALN numbers or pass-through entity data in the structure the SEFA requires.

Second: time-and-effort certification. Under 2 CFR 200.430, salaries charged to federal awards must be supported by signed certifications from employees or supervisors confirming actual time distribution. Most general-purpose grant trackers have no certification workflow.

Third: NICRA indirect cost rate application. A Negotiated Indirect Cost Rate Agreement specifies the rate at which overhead can be charged to each federal award against a Modified Total Direct Costs base. Manual rate lookup across multiple concurrent awards produces both under-recovery and disallowances.

Fourth: SF-425 federal financial report data organization. SF-425s are due 30 days after each calendar quarter for most awards. The data must reconcile to the general ledger. Assembling this manually from accounting exports each quarter is where errors compound.

Fifth: budget-to-actual monitoring by object class. Federal awards are awarded against approved budget categories. Expenditures that cross category lines above defined thresholds require prior agency approval. Software that tracks total award balance but not category-level spend misses this control entirely.

The gap between a pipeline tracker and a federal compliance system shows up at audit time, not at setup.",https://www.linkedin.com/feed/update/urn:li:activity:7459389061686849537,Organic,,Angel Campa,05/10/2026,,,All followers,68.0,,,0.0,0.0,0.0,0.0,0.0,,0.0,
"AmpliFund's typical annual cost is $15,000–$60,000 based on public procurement records. GrantPipe is $99–$499 per month flat SaaS. These are not competing price points — they signal different target customers.

AmpliFund is an enterprise grant management platform built for state agencies, large universities, and recipients managing portfolios of 20 or more concurrent awards with dedicated grants offices. Its implementation timeline is typically 3–6 months, vendor-led. It does not include a donor CRM.

For a $2M nonprofit where the executive director, development director, and finance director are three people who also carry most of the operational work, the implementation lift and cost structure of an enterprise platform are misaligned with what the team can actually operate.

The 2024 OMB Uniform Guidance revision raised the single audit threshold to $1,000,000 in federal expenditures and raised the de minimis indirect cost rate from 10% to 15%. Those changes apply regardless of which platform an organization uses. The compliance obligations under 2 CFR Part 200 are the same for a $2M nonprofit and an enterprise recipient.

What differs is the delivery mechanism and operational cost of running it. A mid-sized nonprofit that cannot absorb a $15,000 minimum annual software contract and a 6-month implementation does not need enterprise depth — it needs the same federal compliance requirements handled in a system sized for its staff.

Scale determines fit. Feature lists do not.",https://www.linkedin.com/feed/update/urn:li:activity:7459346783089938433,Organic,,Angel Campa,05/10/2026,,,All followers,138.0,,,0.0,0.0,0.0,0.0,0.0,,0.0,
"A grant reporting deadline tracked only by due date is a deadline that will eventually be missed.

The fields that distinguish a reporting system that works from one that produces scrambles: named primary owner (a person, not a role), named backup owner, prep start date calculated from the report type, submission method and portal URL, and current status.

For a combined interim report — narrative plus financial in a single submission — the prep lead time is 12–15 business days before the due date. For a final financial SF-425, it is 20 business days. For a final combined report, 25 business days. These are not arbitrary buffers; they are the minimum time needed to pull financial data, write the narrative, obtain internal review, and submit through the correct portal.

A portfolio of 10 active grants with mixed quarterly and annual reporting typically generates 40–80 report deadlines per year. When prep periods overlap, months with 4 or more reports due should be flagged for capacity planning before the pressure arrives, not during it.

The Grant Reporting Deadlines Tracker at grantpipe.com covers every field in this system: grant register, deadline register with prep lead time guidelines, monthly review protocol, portal credential registry, and staff continuity documentation for when staff turn over.

Download it free at grantpipe.com.",https://www.linkedin.com/feed/update/urn:li:activity:7459325643726479360,Organic,,Angel Campa,05/10/2026,,,All followers,32.0,,,0.0,0.0,0.0,0.0,0.0,,0.0,
"A youth program managing 21st Century Community Learning Centers funds, an AmeriCorps grant, and two foundation grants is operating four separate compliance frameworks simultaneously.

21st CCLC compliance is not only financial — it requires participant attendance tracking, outcome reporting (teacher surveys, grade progression data), and demographic records submitted to both the federal Department of Education and the state education agency. The state layer varies significantly: some states require quarterly submissions, others semi-annual. The format and data requirements differ by state.

AmeriCorps compliance runs through Corporation for National and Community Service systems — a separate portal, separate member hour tracking, and prohibited activities compliance that has nothing to do with 21st CCLC documentation.

Foundation grants add a third reporting format and a third deadline calendar.

For a lean program team — often one director managing 15 part-time program staff — this is not a coordination problem that more effort solves. It is a systems problem. The complexity of tracking multiple federal compliance frameworks simultaneously exceeds what any individual can manage manually without documentation failures.

36% of nonprofits ended FY2024 with an operating deficit, the highest rate in a decade. Administrative overhead in multi-grant environments is part of that pressure.

Youth programs carrying federal grants need compliance infrastructure, not just a spreadsheet with color-coded deadlines.",https://www.linkedin.com/feed/update/urn:li:activity:7459304504455262208,Organic,,Angel Campa,05/10/2026,,,All followers,310.0,,,2.0,0.006451612804085016,1.0,0.0,0.0,,0.009677419438958168,
"HubSpot's free CRM is a functional contact management tool. It is not a grant compliance system — and the distinction matters the moment your organization receives a restricted grant.

HubSpot's architecture is built around contacts, companies, and deals — the standard B2B sales model. Some organizations repurpose the Deals pipeline to track grant prospects and deadlines. That is a workaround, not a solution.

Restricted fund compliance requires tracking how grant money is spent against approved grant budgets, comparing expenditures by budget category, and generating reports that show funders exactly how their funds were used. HubSpot has no grant budget field, no fund restriction flag, and no compliance report template at any pricing tier — including the 40% nonprofit discount tier.

HubSpot Professional starts at $800/month before the nonprofit discount ($480/month with it applied). At that price point, organizations receiving restricted grants typically maintain a separate spreadsheet for compliance anyway, which defeats the purpose of paying for a unified CRM.

The practical question is not whether a platform handles contact management. It is whether it handles the grant and compliance layer sitting beside it — or whether that layer still lives in a spreadsheet.

Before signing a CRM contract, document the three workflows that create the most reporting delay. Test whether the alternative handles them natively.",https://www.linkedin.com/feed/update/urn:li:activity:7459283365146492928,Organic,,Angel Campa,05/10/2026,,,All followers,55.0,,,0.0,0.0,1.0,0.0,0.0,,0.0181818176060915,
"Form 990 is a public document. That sentence changes how you should think about filing it.

Every officer, director, trustee, and key employee's compensation is disclosed by name in Part VII. The five highest-compensated employees earning over $100,000 are also listed. A mid-sized nonprofit with $350,000 in gross receipts and $600,000 in assets files the full Form 990 — gross receipts over $200,000 or assets over $500,000 triggers the full return.

The due date is the 15th day of the 5th month after fiscal year end — May 15 for calendar-year organizations. An automatic 6-month extension is available by filing Form 8868 before that date, extending to November 15. That extension is not a grace period; it is a formal mechanism that requires affirmative action before the due date.

The IRS revokes tax-exempt status of approximately 30,000 organizations per year for failure to file for three consecutive years under IRC Section 6033(j). Reinstatement requires a new application and may attract additional IRS scrutiny.

Grant funders, major donors, and watchdog organizations review 990s on ProPublica's Nonprofit Explorer — which has indexed more than 3 million filings — before engaging with an organization. Inaccurate restricted fund accounting flows directly into 990 inaccuracies on Parts VIII, IX, and Schedule D.

The 990 is both a compliance filing and a credibility document. Treat it like both.",https://www.linkedin.com/feed/update/urn:li:activity:7459262225875329025,Organic,,Angel Campa,05/10/2026,,,All followers,64.0,,,0.0,0.0,1.0,0.0,0.0,,0.015625,
"Under 2 CFR 200.430, employees on multiple federal awards cannot use semi-annual time certification — but most organizations apply it to them anyway.

Semi-annual certification is permitted only for employees working solely on a single federal award or cost objective. An employee working 80% on one federal award and 20% on administrative duties does not qualify. Monthly certification is required for that employee.

Auditors know this rule and test for it by looking at how employees are classified and whether the certification frequency matches the classification. It is one of the most reliable single-audit findings in the personnel cost category.

The correct process: pull a list of every employee with federal grant charges for the period, determine certification frequency based on whether they are single-award or multi-award, distribute certification forms within two weeks of month-end, collect and review for completeness, then reconcile certification percentages to posted payroll allocations.

That reconciliation step — comparing what employees certified against what payroll actually posted — is the control that makes the entire system credible. Filing certifications without reconciling provides no assurance.

Certifications requested 90 days after the period they cover are reconstructions from memory. Auditors can tell the difference.",https://www.linkedin.com/feed/update/urn:li:activity:7459241086616551424,Organic,,Angel Campa,05/10/2026,,,All followers,204.0,,,0.0,0.0,0.0,0.0,0.0,,0.0,
"Myth: ""Our CRM handles grants, so we're covered.""

Neon CRM's base platform covers donor management and fundraising. Restricted fund tracking, expenditure reporting tied to individual grants, and compliance documentation are not standard features — they require custom configuration or a separate tool.

This is not unique to Neon CRM. Most donor CRMs were not built for the post-award compliance layer. They track contacts, gifts, and pipelines. They do not track grant budget balances by award, generate SF-425 data, or flag when a budget line is about to be overrun.

The gap shows up during audit season and at grant closeout. Staff need documentation of how restricted funds were spent. A donor CRM without grant compliance functionality cannot produce that documentation without a manual reconstruction.

A mid-sized nonprofit managing both donor relationships and restricted grants needs to know what those two workflows require — and whether the same platform handles both or only one.

Requesting an itemized quote that covers your actual feature list — not just the base subscription — is the only accurate way to budget.",https://www.linkedin.com/feed/update/urn:li:activity:7459219947324579840,Organic,,Angel Campa,05/10/2026,,,All followers,50.0,,,0.0,0.0,1.0,3.0,0.0,,0.07999999821186066,
"$1.17 trillion in federal award spending from 2017–2021 was linked to audit findings that were both severe and persistent — roughly 17% of all federal award spending during that period.

That figure comes from a GAO April 2024 analysis (GAO-24-106173). It is not a story about fraud. It is a story about documentation failures, commingled restricted funds, and reporting systems that could not keep pace with the compliance obligations attached to the awards.

The most common finding across that span: unallowable or misallocated costs. Expenses charged without verifying grant terms, indirect costs applied inconsistently, budget modifications made without funder approval.

The second most common: cash management violations. Drawing funds too far in advance. Failing to remit interest above $500.

Mid-sized nonprofits are not immune to these findings. The $1,000,000 single audit threshold means many organizations below that number assume they are outside the compliance perimeter. They are not — award-specific reporting requirements apply regardless of size.

Most compliance failures are not negligence. They are the predictable result of managing multiple grants across fragmented systems that were never designed to produce audit-ready documentation.

GrantPipe organizes restricted fund tracking, SF-425 cadence, and compliance documentation in one record. Start a free trial at grantpipe.com.",https://www.linkedin.com/feed/update/urn:li:activity:7459198807994654720,Organic,,Angel Campa,05/10/2026,,,All followers,5.0,,,0.0,0.0,0.0,0.0,0.0,,0.0,
"When an auditor samples ten grant expenditures, the question is always the same: who approved this allocation, when, and what did it look like before the change?

The organization either produces that evidence or accepts a finding.

GrantPipe's activity log records every create, update, and delete across donors, grants, funds, and allocations with the acting user, a UTC timestamp, and a JSONB diff of before and after values. It is append-only — no user interface or API path to modify an entry.

The retention default meets 2 CFR 200.334, which requires financial records for three years after the final expenditure report is submitted, not the grant end date.

Soft delete preserves records for audit retrieval: a deleted record sets a deleted_at timestamp rather than removing the row. The log records who soft-deleted and when; the underlying record remains available.

GAO's 2024 High Risk Series identifies weak grantee documentation as a recurring finding in federal grant audits. AICPA SAS No. 145 requires auditors to evaluate change logging as part of IT general controls.

An auditor-ready CSV export filters by entity, date range, user, or grant and produces a report in minutes rather than a multi-day reconstruction project.

The evidence packet should exist before auditors arrive, not get assembled after they ask.

Start a free trial at app.grantpipe.com/signup.",https://www.linkedin.com/feed/update/urn:li:activity:7459047813071568897,Organic,,Angel Campa,05/10/2026,,,All followers,100.0,,,0.0,0.0,0.0,0.0,0.0,,0.0,
"Five questions that separate a grant compliance system from a grant tracking tool:

Where are restricted balances visible? Can the development director see the available balance remaining in each budget category for each active grant without opening a spreadsheet?

How is documentation attached to spending? Does every expenditure charged to a grant have a path that connects it to a source document — invoice, receipt, payroll record — in the system?

Who sees SF-425 due dates before they become urgent? Is the reporting deadline visible to finance before the week it is due, with the data already organized in the system?

Can finance and development explain the same grant status without translation? Or does finance see one version in the accounting system and development see another in the CRM?

What still depends on a spreadsheet owner after implementation? This question is the most revealing. In most platforms, the answer is still a lot.

Most nonprofit CRMs have added grant tracking in the last five years. Most of them track funder name, award amount, application deadline, and award status. None of those fields constitute a compliance system. The difference is what happens after the award is recorded.

Run these five questions against any platform before purchasing.",https://www.linkedin.com/feed/update/urn:li:activity:7459026673817190402,Organic,,Angel Campa,05/09/2026,,,All followers,31.0,,,0.0,0.0,0.0,0.0,0.0,,0.0,
"Salesforce Nonprofit Cloud's 3-year total cost of ownership for a mid-sized nonprofit runs $75,000 to $275,000. Blackbaud Raiser's Edge NXT starts at $5,000 to $15,000 per year on multi-year contracts with opaque pricing and common annual increases.

Neither platform ships with grant compliance built in.

Salesforce can be configured to track grants — the restricted fund tracking, compliance automation, and audit reporting layer adds another $10,000 to $30,000 in consultant fees on top of the $30,000 to $100,000 base implementation.

Blackbaud has no native grant lifecycle management. Compliance work still requires separate tools or manual processes regardless of what you pay annually.

For a 10-person team, Salesforce Nonprofit Cloud costs $19,800 per year in licensing alone before implementation. That is the math before a single grant compliance workflow has been configured.

The relevant question is not which enterprise platform is better. It is whether an organization with a $2M annual budget should be spending $75,000 to $275,000 over three years on software that still requires a consultant to manage grant restrictions.

Both platforms are built for large nonprofits with dedicated IT departments. The mid-market is a different calculation.",https://www.linkedin.com/feed/update/urn:li:activity:7458984395501162496,Organic,,Angel Campa,05/09/2026,,,All followers,51.0,,,0.0,0.0,2.0,0.0,0.0,,0.03921568766236305,
"The five document categories auditors request most often from grant files, in order of frequency:

Time-and-effort records for a sample of payroll periods for grant-funded employees. For employees splitting time across programs, monthly personnel activity reports accounting for 100% of compensated time are required — semi-annual certifications apply only to single-program employees.

Source documents for a sample of direct cost expenditures. Every non-personnel direct expenditure needs a receipt or invoice filed in the grant file, not just in accounts payable.

Competitive bidding or sole-source justification documentation for above-threshold procurement. For federal grants, the solicitation documents, bids received, evaluation records, and award rationale must be in the file.

Subrecipient risk assessments and sub-award agreements. Under 2 CFR 200.332(b), a pre-award risk assessment is required before the sub-award is made — not retroactively.

The general ledger reconciliation underlying the final SF-425. The reconciliation confirming that SF-425 figures match accounting records exactly.

The 3-year retention clock under 2 CFR 200.334 starts from the final expenditure report submission date — not the grant end date.

The full Grant File Audit Checklist (pre-award through closeout and record retention) is available free at grantpipe.com.",https://www.linkedin.com/feed/update/urn:li:activity:7458963255953174529,Organic,,Angel Campa,05/09/2026,,,All followers,55.0,,,0.0,0.0,1.0,0.0,0.0,,0.0181818176060915,
"A mid-sized veterans service organization may simultaneously manage VA SSVF grants, DOL Homeless Veterans Reintegration Program funding, and HUD-VASH service contracts — each with different compliance frameworks, performance metrics, and audit standards.

VA SSVF grants require veteran status verification before funds are expended on behalf of any participant. That means a DD-214 or equivalent documentation, income eligibility documentation, and housing status documentation in the case file before the first dollar is charged.

DOL veterans employment grants require something different: tracking job placements, wages at placement, and employment retention at the 2nd quarter and 4th quarter after placement. That is an ongoing data collection obligation that extends months beyond the service period.

When a case manager's time is split across VA-funded and DOL-funded activities, that cost must be allocated to the correct program — documented and defensible under two different compliance frameworks simultaneously.

The VA awarded approximately $490 million in SSVF grants to community organizations in FY2023. The documentation requirements that come with those awards are not incidental to the compliance process. They are the compliance process.

Organizations that cannot produce complete veteran eligibility files during a site visit face findings. The documentation must exist before the auditor asks.",https://www.linkedin.com/feed/update/urn:li:activity:7458942116652609537,Organic,,Angel Campa,05/09/2026,,,All followers,191.0,,,0.0,0.0,1.0,0.0,0.0,,0.005235602147877216,
"Little Green Light starts at $39/month for up to 2,500 records. For an all-volunteer organization tracking individual donations, it does what it says it does.

The limitation is not a bug. It is a design choice. Little Green Light is a donor database. There is no concept of restricted versus unrestricted funds. Every dollar is treated the same in the system.

The tipping point is the first restricted grant.

When that happens, LGL users start a spreadsheet for compliance tracking alongside the donor database. Now there are two systems that do not talk to each other. The spreadsheet owner becomes a single point of failure. Monthly reconciliation requires manual export and reconstruction.

Nearly half of nonprofits are considering switching CRMs in the next 12 months, according to the Omatic 2025 Nonprofit Integration Report (600+ respondents). Feature gaps and growth are the primary drivers, not cost.

The math: a nonprofit managing one restricted grant that requires four hours per month of manual compliance tracking is spending $200-$400 in staff time to work around a $39/month tool. The workaround costs more than the upgrade.

The question to ask before any platform decision: which workflows still depend on a spreadsheet owner after implementation?",https://www.linkedin.com/feed/update/urn:li:activity:7458920977322688512,Organic,,Angel Campa,05/09/2026,,,All followers,69.0,,,0.0,0.0,0.0,0.0,0.0,,0.0,
"""Management decision"" has a specific legal meaning in federal grant compliance that differs from ordinary usage.

Under 2 CFR 200.521, a management decision is the written determination issued by a federal awarding agency or pass-through entity in response to a finding from a single audit.

The federal agency has six months from the date the audit is accepted by the Federal Audit Clearinghouse to issue it.

The management decision either accepts the finding as written, modifies its scope, or in rare cases disputes it. For questioned costs, it determines whether those costs are allowable or must be repaid. For internal control or compliance findings, it establishes the required corrective actions and the timeline for completion.

Once issued, the corrective actions become tracked obligations. Status is reported in the Summary Schedule of Prior Audit Findings in every subsequent single audit until the finding is resolved. If the deadline passes and corrections are not complete, the finding may be characterized as a repeat finding in the next audit — treated as more serious than a new finding.

Organizations that disagree have appeal rights, but appeals must generally be filed within 60 to 90 days of receiving the management decision.

Most finance teams know what a finding is. Fewer know exactly what triggers the six-month clock.",https://www.linkedin.com/feed/update/urn:li:activity:7458899838030700544,Organic,,Angel Campa,05/09/2026,,,All followers,29.0,,,0.0,0.0,0.0,0.0,0.0,,0.0,
"A donor refund in January for a December gift does not just affect the payment processor. It affects the donor's prior-year charitable deduction.

The organization's obligation is specific: issue a correction letter stating the original gift date and amount, the refund date and amount, and the net contribution of zero for a full refund. The letter must note that the refund crossed a tax year so the donor knows to consult their tax advisor about any previously claimed deduction.

Under FASB ASC 958, refunding a restricted gift also requires eliminating the associated donor restriction from net assets. The restricted net asset cannot remain on the books once the cash is returned.

IRS Publication 1771 requires written acknowledgment for contributions of $250 or more. A revised acknowledgment for a refunded gift is not optional — it is what allows the donor to represent their giving accurately on their return.

The CRM update is equally non-negotiable. A refund that is processed in the payment system but not reflected in the donor database inflates LYBUNT and SYBUNT retention metrics, giving totals, and year-end summaries.

What refund procedures does your organization currently have in writing?",https://www.linkedin.com/feed/update/urn:li:activity:7458878698738515968,Organic,,Angel Campa,05/09/2026,,,All followers,37.0,,,0.0,0.0,0.0,0.0,0.0,,0.0,
"Myth: Foundant GLM and GrantHub are the same product for different users.

They are three separate products — GLM for grantmakers, SLM for scholarship administrators, and GrantHub for grantseekers — each with separate pricing and separate implementations.

If your organization is both a grantseeker and does some grantmaking, you are buying two subscriptions.

G2 and Capterra reviews place Foundant GLM implementations at 60 to 120 days, with a dedicated project manager required on both sides. Implementation fees run $2,500 to $10,000 on top of the annual subscription.

GrantHub is Foundant's grantseeker product. It tracks applications and deadlines. It does not track restricted fund spend-down, generate audit documentation, or manage donors.

The more important myth: Foundant is the only serious option for nonprofits managing grants. It is built for grantmakers. A grant-receiving nonprofit with a $500K to $10M budget is not the primary buyer that product was designed around.

Knowing the difference before starting a sales conversation saves a quarter of planning time.",https://www.linkedin.com/feed/update/urn:li:activity:7458857559404380160,Organic,,Angel Campa,05/09/2026,,,All followers,89.0,,,1.0,0.01123595517128706,0.0,0.0,0.0,,0.01123595517128706,
"A 30% excise tax applies to the shortfall when a private foundation misses its 5% minimum distribution — and a 100% corrective tax hits if the undistributed income is not distributed in the following year.

The calculation errors that trigger those penalties are almost always in the denominator, not the math.

The distributable amount is 5% of the average fair market value of non-charitable-use assets across the year. Organizations that use only the year-end balance understate it whenever assets grew during the year.

Monthly FMV averaged together is a defensible method under the regulations. Year-end balance only is not.

The form 990-PF reports all of this publicly — investment income, qualifying distributions, and the excise tax calculation. It is one of the more consequential annual filings in nonprofit tax compliance.

GrantPipe documents every grant decision, payment, and qualifying distribution in its activity log — the record auditors and IRS examiners ask for first. Learn more at grantpipe.com.",https://www.linkedin.com/feed/update/urn:li:activity:7458836420158255104,Organic,,Angel Campa,05/09/2026,,,All followers,6.0,,,0.0,0.0,0.0,0.0,0.0,,0.0,
"Data migration is cited as the top barrier to CRM adoption by 44% of nonprofits that have delayed a software switch — per the Idealware/NTEN State of Nonprofit Data report.

The bottleneck is almost never the platform's import capability. It is inconsistent source data: ""John and Jane Smith"" in one row, ""Smith, John"" in another, gift rows that reference donor records under different email addresses.

GrantPipe's CSV donor import runs validation against the entire file before a single record writes to the database. Every error — missing required fields, unparseable date values, duplicate email addresses, currency formatting mismatches — is surfaced by row and column in a downloadable error report. Fix the source file and re-upload. No partial database states to clean up.

De-duplication compares incoming records against existing donors and against each other. Probable matches are flagged for human review, not automatically merged. You choose whether to merge, skip, or create a new record for each pair.

Giving history imports in the same file or in a separate pass. Custom fields map at import time. For files above 50,000 rows, processing runs in background batches with progress tracking.

Most NPSP-to-GrantPipe migrations using the CSV path complete within one business day. A 5,000-donor file with clean source data typically takes under 30 minutes from export to completed import.

Start a trial at app.grantpipe.com/signup.",https://www.linkedin.com/feed/update/urn:li:activity:7458685425256345600,Organic,,Angel Campa,05/09/2026,,,All followers,19.0,,,0.0,0.0,0.0,0.0,0.0,,0.0,
"Five questions that separate self-serve donor management platforms from ones that sound self-serve until you try to run them:

Can a staff member change a field label or add a custom attribute without opening a support ticket or writing code? If the answer is no, routine configuration requires outside help within 12–18 months of deployment.

Can the organization migrate donor data from a spreadsheet or legacy CRM without hiring a migration specialist? Most CRM imports fail not because of the tool but because of inconsistent household formatting in the source file — look for a platform that surfaces those errors at preview time, before any record writes.

Does the platform produce a segmented donor retention report — major, mid-level, general — automatically, or does it require a manual export and calculation? Only 33.3% of nonprofits rate their CRM systems as effective, per the 2025 Fifty & Fifty Nonprofit Peer Report. Reporting is where the gap shows up most clearly.

Is grant compliance included, or does managing restricted funds require a second tool? For nonprofits where grants represent more than 25% of revenue, the second tool becomes a weekly reconciliation burden.

What is the first-year total cost, including migration, training, and any supplementary software — not just the subscription? A platform that costs $99/month but requires $30,000 in implementation is not a $99/month platform.",https://www.linkedin.com/feed/update/urn:li:activity:7458664285880258560,Organic,,Angel Campa,05/08/2026,,,All followers,33.0,,,0.0,0.0,0.0,0.0,0.0,,0.0,
"Salesforce's Power of Us program provides 10 free Enterprise Edition licenses to qualifying nonprofits. Those licenses are the beginning of the cost, not the summary of it.

A realistic first-year cost for a mid-sized nonprofit implementing Salesforce NPSP: implementation partner fees ($20,000–$60,000 depending on scope), AppExchange packages for grant management or financial integration ($2,000–$12,000/year), and admin support either internally or externally ($5,000–$20,000). Total first-year cost for organizations at the $500K–$10M budget range commonly lands between $50,000 and $200,000.

A 2024 NTEN survey found that 64% of nonprofits with budgets under $5M reported their Salesforce configuration was not meeting their needs — most commonly because they lacked in-house admin capacity to maintain and improve it.

NPSP includes grant records and deadline tracking. What it does not include is post-award compliance: budget vs. actual tracking against approved grant budgets, restricted fund balance monitoring, and funder-facing financial reports. Getting those capabilities requires purchasing a specialized AppExchange app or building custom functionality — both of which add cost and ongoing admin requirements.

Most mid-sized nonprofits discover this gap after go-live, when the first funder financial report is due.",https://www.linkedin.com/feed/update/urn:li:activity:7458622007300075520,Organic,,Angel Campa,05/08/2026,,,All followers,48.0,,,0.0,0.0,0.0,0.0,0.0,,0.0,
"Before issuing a sub-award, the first question to answer in writing is: is this organization a subrecipient or a contractor?

The 2 CFR 200.331 five-factor test determines the classification. Subrecipient indicators include: the entity determines who is eligible for the federal assistance, its performance is measured against federal program objectives, it has programmatic decision-making responsibility, it is accountable for federal compliance requirements, and it uses the funds to carry out its own program.

Contractor indicators are the opposite: the entity provides goods or services in normal business operations, serves many purchasers, operates in a competitive market, and is not subject to federal program compliance requirements.

The classification matters because the monitoring obligations in 2 CFR 200.332 — pre-award risk assessment, ongoing financial report review, documentation desk review for medium/high-risk organizations, site visits for high-risk subrecipients, and fac.gov single audit verification for organizations expending $1,000,000 or more in federal awards — apply to subrecipients, not contractors.

A free subrecipient monitoring checklist covering every step under 2 CFR 200.332 — pre-award risk assessment through file documentation requirements — is available at https://lnkd.in/eznJK6Za.",https://www.linkedin.com/feed/update/urn:li:activity:7458600868007931904,Organic,,Angel Campa,05/08/2026,,,All followers,204.0,,,0.0,0.0,0.0,0.0,0.0,,0.0,
"EPA awarded approximately $3.6 billion in environmental justice grants under the Inflation Reduction Act. Individual nonprofit grants ranged from $100,000 to $20 million.

Each of those awards comes with compliance requirements that go beyond standard nonprofit financial reporting.

EPA grants require environmental outcome metrics alongside financial data — community engagement counts, environmental improvements measured, program reach figures. There is no standard template for these in most nonprofit accounting systems. Tracking outcomes separately from financial records creates reconciliation work at every reporting period.

A significant portion of EPA funding reaches nonprofits through state environmental agencies as pass-through sub-awards. That structure means dual compliance: file reports with the state in the state's format, while maintaining documentation that meets federal audit standards if the award is reviewed at the federal level. Procurement rules, conflict-of-interest policies, and Title VI civil rights compliance requirements flow through from EPA to the sub-recipient.

USDA NRCS conservation grants — particularly through the Regional Conservation Partnership Program, which obligated over $4 billion in FY2023 — add project-phase complexity. Annual financial reports must document expenditures by phase, tied to approved budget line items and conservation plan milestones.

Most environmental nonprofits manage this compliance load with general-purpose tools that were not designed for it.",https://www.linkedin.com/feed/update/urn:li:activity:7458579728698920961,Organic,,Angel Campa,05/08/2026,,,All followers,242.0,,,0.0,0.0,1.0,0.0,0.0,,0.00413223123177886,
"Kindful was acquired by Bloomerang in June 2021. Since then, active product development has moved to the Bloomerang platform. Kindful receives maintenance support. It does not receive new features.

This matters in a specific way for nonprofits evaluating software in 2026: a platform on a frozen roadmap falls behind in ways that compound slowly. Security updates continue. Integrations with modern payment processors and accounting tools drift. New capabilities do not ship.

What Kindful handled reasonably well before the acquisition: donor contact management, giving history, household relationships, acknowledgment letters, and basic integrations with Stripe, PayPal, QuickBooks, and Mailchimp.

What Kindful never addressed: grant management beyond deadline tracking. Restricted fund accounting, expenditure reconciliation against specific grants, and compliance report generation were out of scope. Nonprofits managing more than two or three active grants were doing the compliance work in spreadsheets alongside the CRM.

Bloomerang's pricing for the equivalent tier runs $125–$249/month based on record count. That is the practical migration destination for existing Kindful customers.

The relevant evaluation question is not Kindful vs. Bloomerang. It is whether the replacement platform covers both donor management and grant compliance in one system, or whether you are moving the fragmentation to a different seam.",https://www.linkedin.com/feed/update/urn:li:activity:7458558589427736576,Organic,,Angel Campa,05/08/2026,,,All followers,93.0,,,0.0,0.0,0.0,0.0,1.0,,0.01075268816202879,
"The OMB Compliance Supplement is the document auditors use to decide what to test in your federal programs. Most nonprofit staff have never read it.

It is published annually by the Office of Management and Budget, organized by federal agency and CFDA/Assistance Listing number. For each significant federal program, it identifies which of 12 standard compliance requirements apply — Activities Allowed, Allowable Costs, Cash Management, Eligibility, Equipment, Matching, Period of Performance, Procurement, Program Income, Reporting, Subrecipient Monitoring, Special Tests and Provisions — and describes exactly what the auditor will examine.

Not all 12 requirements apply to every program. The Supplement designates each requirement as applicable (""A"") or not applicable (""N/A"") for each specific program. Auditors test the applicable ones.

For a nonprofit managing a HRSA health workforce grant under CFDA 93.884, reading the Supplement section for that program tells the organization precisely what documentation it needs to survive fieldwork — before the auditor arrives.

The Supplement is written for auditors, but its most practical use is audit preparation by the organizations being audited. Reading the sections covering your major programs is the most efficient pre-audit activity available.

It is updated annually. Check which version applies to your audit period.",https://www.linkedin.com/feed/update/urn:li:activity:7458537450144088064,Organic,,Angel Campa,05/08/2026,,,All followers,66.0,,,0.0,0.0,0.0,0.0,0.0,,0.0,
"The most common subaward budget modification error is not forgetting to file paperwork. It is approving a change before checking who actually has the authority to approve it.

Under 2 CFR 200.308(e)(4), pass-through entities can approve direct cost transfers across budget categories without federal prior approval — but only when the transfer does not exceed 10% of the total award budget and does not alter the project scope. That threshold is calculated against the total federal award, not the category being modified.

An organization with a $500,000 award can transfer up to $50,000 across categories on its own authority. Beyond that, a written request must go to the federal program officer before the subrecipient incurs costs under the new budget.

Approving first and seeking federal sign-off after is itself a compliance violation. Expenditures incurred under an unauthorized modification may be questioned or disallowed.

The second-most common error: treating a reallocation that funds an activity not in the original scope as a routine budget transfer. If the modified budget funds something new, federal prior approval is required regardless of the dollar amount.

Federal prior approval timelines vary by agency — HHS Grants Management often responds within 30 days; DOJ and HUD can take 60 to 90 days. Build those timelines into every subaward monitoring calendar from award day.",https://www.linkedin.com/feed/update/urn:li:activity:7458516310826639361,Organic,,Angel Campa,05/08/2026,,,All followers,62.0,,,0.0,0.0,0.0,0.0,0.0,,0.0,
"Myth: if a cost is in the grant budget, it is allowable on a federal award.

Under 2 CFR Part 200, every cost charged to a federal grant must pass three separate tests simultaneously. A cost can appear in the approved budget and still be disallowed.

Test 1 — Allowability: the cost must not be explicitly prohibited under 2 CFR 200.420–200.475. Alcoholic beverages (200.423), entertainment (200.438), lobbying (200.450), and fundraising costs (200.442) are never allowable — regardless of what appears in the budget.

Test 2 — Allocability: the grant must have actually benefited from the cost. Charging 100% of a shared cost to one grant when multiple programs benefited is a common allocability error, even when the total amount is small.

Test 3 — Reasonableness: would a prudent person pay this amount for this good or service in the ordinary course of business? Above-market contracted services, procurements without competitive quotes above the micro-purchase threshold, and equipment that exceeds program requirements can produce partial disallowances based on reasonableness alone.

Budget approval does not substitute for any of these three tests. Document each cost on its own merits at the time of the transaction.",https://www.linkedin.com/feed/update/urn:li:activity:7458495171735912448,Organic,,Angel Campa,05/08/2026,,,All followers,55.0,,,0.0,0.0,0.0,0.0,0.0,,0.0,
"The median nonprofit spends 30+ hours of cumulative staff time managing compliance for a single grant.

That figure comes from the Center for Effective Philanthropy Grantee Perception Reports. It covers reporting, documentation, mid-year reviews, audit prep, and the funder contact work that accompanies each cycle.

Six to eight hours goes to reporting alone, per grant, per year.

Most of that time is not spent on compliance work itself — it is spent reconstructing documentation that should have been current all along.

The organizations that pass audits cleanly do not spend less time on grants. They spend that time differently: a compliance calendar built on day one, restricted fund codes set up before spending begins, expenditure approvals recorded at the time of purchase.

When the documentation is current throughout the grant period, the audit prep is a file pull, not a fire drill.

GrantPipe keeps the compliance trail current throughout the grant period, so you are not rebuilding it before every reporting deadline. grantpipe.com",https://www.linkedin.com/feed/update/urn:li:activity:7458474032280174592,Organic,,Angel Campa,05/08/2026,,,All followers,16.0,,,0.0,0.0,0.0,0.0,0.0,,0.0,
"DAF giving now accounts for approximately 22% of all individual giving in the US, with Fidelity Charitable, Schwab Charitable, and Vanguard Charitable together distributing over $25 billion annually.

For most development teams, those gifts arrive with a note referencing the recommending donor's name — and then get recorded to the DAF sponsor. The recommending donor disappears from the CRM. Their giving history shows nothing. LYBUNT analysis excludes them. Stewardship stops.

Organizations that systematically steward DAF donors as individual donors report 30-40% higher DAF renewal rates in subsequent years, according to DAF Research Collaborative data from 2023.

Soft credit tracking is the mechanism that prevents that gap. The hard credit — the legally recognized donor of record, the entity whose gift appears in Form 990 Line 1 revenue — stays with the DAF sponsor. A soft credit links the attributed donor (the recommending donor) to the gift in their giving history without transferring revenue recognition or creating a duplicate acknowledgment.

The same logic applies to corporate matching gifts. Double the Donation estimates $4-7 billion in matching gift funds go unclaimed annually, partly because attribution tracking is inadequate and employees are never stewarded for their employer matches.

GrantPipe handles this with soft credit records: one gift, one hard credit, one or more soft credits, zero double-counting on the 990. Start a free trial at grantpipe.com.",https://www.linkedin.com/feed/update/urn:li:activity:7458323037403324416,Organic,,Angel Campa,05/08/2026,,,All followers,12.0,,,0.0,0.0,0.0,0.0,0.0,,0.0,
"Five things to confirm before committing to a grant management platform — from a development director's daily workflow, not a feature checklist.

One: does it track restricted fund balances by budget category, not just total award amount? Knowing you have $47,000 remaining in a $200,000 award matters less than knowing how that balance breaks down across personnel, direct costs, and indirect.

Two: does it alert before reporting deadlines, not after? Calendaring SF-425 submissions and programmatic reports at award setup should be the system's job, not yours.

Three: does report generation pull from live transaction data or require manual formatting? If the funder-ready report requires an export, a spreadsheet step, and reformatting, the system is producing raw material, not a report.

Four: does it connect to your donor records, or does grant management require a separate system? Development directors managing both donors and grants who maintain parallel systems rebuild the same organizational story in two places every month.

Five: does it give finance the same visibility it gives development? Grant compliance is a shared function. A tool only the development team can use leaves finance reconciling from exports.

Only 33.3% of nonprofits rate their CRM systems as effective, per the Fifty & Fifty 2025 Nonprofit Peer Report. The gap between effective and merely present is usually one of the five issues above.",https://www.linkedin.com/feed/update/urn:li:activity:7458301898077409281,Organic,,Angel Campa,05/07/2026,,,All followers,44.0,,,0.0,0.0,0.0,0.0,0.0,,0.0,
"""Grant management software"" describes two different products solving opposite problems, and buyers confuse them constantly.

Submittable is an applicant intake and review platform built for organizations that receive applications — foundations, corporate giving programs, scholarship administrators, regranting intermediaries. The product strength is form building, reviewer assignment, configurable scoring, and application pipeline management.

Most $500K-$10M nonprofits do not receive applications. They apply for grants. They are applicant-side, not grantmaker-side.

An applicant-side development director's problem is not intake workflow. It is: what is the restricted balance on grant #4, which SF-425 is due next quarter, what did the organization report to this funder last year, and how does this grant portfolio map against the donor relationships the major gift officer is managing.

Submittable pricing is quote-based and annually contracted — typically $5,000-$20,000 or more based on nonprofit procurement disclosures. It is a reasonable spend for a grantmaker running open calls. For a grant-receiving nonprofit, the product does not address the operating problem.

The October 2024 Uniform Guidance revision raised the single audit threshold to $1,000,000. That is more organizations managing compliance-intensive federal awards without necessarily knowing which software category addresses post-award obligations.

Buying the wrong category of tool is an expensive mistake that takes months to recognize.",https://www.linkedin.com/feed/update/urn:li:activity:7458259619438751744,Organic,,Angel Campa,05/07/2026,,,All followers,68.0,,,0.0,0.0,1.0,0.0,0.0,,0.014705882407724857,
"The SF-425 Federal Financial Report is not complicated. It becomes complicated when the person completing it is working from incomplete data.

The most common errors are predictable. Line 10f — federal share of expenditures — is entered for the current period only, not cumulatively from award inception. Indirect costs are omitted or calculated on the wrong base. Line 10j is left blank when program income was earned during the period. The FAIN is copied from a prior-year award instead of the current notice of award.

Every one of those errors is preventable with the right preparation.

The SF-425 Reporting Checklist from GrantPipe goes through each field line by line: what the field captures, where to get the data, and the most common mistakes. The pre-submission reconciliation section covers how to verify that Line 10f matches the grant-specific expenditure report pulled from the accounting system, confirm indirect costs were calculated at the approved NICRA or de minimis rate, and check that all figures are cumulative — not just the reporting period.

Download it from grantpipe.com. It is free.",https://www.linkedin.com/feed/update/urn:li:activity:7458238480330940417,Organic,,Angel Campa,05/07/2026,,,All followers,5.0,,,0.0,0.0,0.0,0.0,0.0,,0.0,
"After-school nonprofits managing 21st Century Community Learning Centers grants face a quarterly reporting requirement that no standard donor CRM or general-purpose accounting system was built to handle.

The 21st CCLC program distributed approximately $1.3 billion in federal grants in fiscal year 2023, serving more than 1.7 million students at 6,600 centers operated primarily by nonprofits.

Quarterly attendance reporting requires documentation by school, grade level, and program type — data that lives in a student enrollment database, not a financial system. Annual academic outcome reporting requires teacher survey data, grade progression rates, and test score linkage coordinated with partner schools.

Title I pass-through funds add a second compliance layer. The funding chain runs from the U.S. Department of Education to the state to the local school district to the nonprofit. Each tier adds conditions: allowable use restrictions, district review and approval requirements, reimbursement billing rather than advance payments, and state monitoring visits.

Then there are split grant cycles. School-year programs often run on an academic calendar while summer programs run under a calendar-year or state fiscal-year grant. When those cycles do not align with the organization's fiscal year, every funder report requires manually reconstructing expenditures for a period that crosses fiscal year boundaries.

These are structural compliance challenges, not administrative problems a spreadsheet solves.",https://www.linkedin.com/feed/update/urn:li:activity:7458217340900524032,Organic,,Angel Campa,05/07/2026,,,All followers,270.0,,,1.0,0.003703703638166189,0.0,0.0,0.0,,0.003703703638166189,
"Instrumentl's entry plan starts at $299/month on annual billing. That is the Discover tier: grant discovery, funder research profiles, deadline tracking, and a starter pipeline for up to 3 users.

Proposal collaboration, CRM integrations, and AI-assisted drafting require the Pre-Award tier at $499/month. Spend tracking, accounting integrations, and budget-versus-actual reporting require Full Lifecycle at $999/month.

That pricing structure matters because the product strength lives in prospecting and pre-award execution. If the real bottleneck is finding and qualifying opportunities, the Discover or Pre-Award tier is a reasonable evaluation.

The category it does not cover, even on Full Lifecycle, is donor CRM. There is no recommending-donor record, no restricted-fund operating workflow, and no unified view of donor relationships alongside active grant awards.

For teams evaluating Instrumentl, the honest question is: what is the actual problem we are trying to solve? If it is grant discovery and funder research, Instrumentl directly addresses that. If it is managing the reporting, restricted balances, and compliance cadence after awards are won, the product's strength is upstream of the problem.

Most nonprofits need both. The budget conversation should reflect that this is one tool in a larger stack.",https://www.linkedin.com/feed/update/urn:li:activity:7458196201553866752,Organic,,Angel Campa,05/07/2026,,,All followers,53.0,,,0.0,0.0,0.0,0.0,0.0,,0.0,
"Post-award grant management is not the glamorous half of the grants function. Pre-award — prospecting, writing, submitting — has a clear narrative arc. Post-award is the operational discipline that runs quietly in the background for months or years.

It is also where most compliance failures happen.

Proposals are reviewed before any money moves. The funder evaluates the budget and work plan before making the award. Post-award management happens without that external review layer. Expenditures are approved internally. Documentation is maintained — or not — by staff with many other priorities.

The four phases are setup (entering the award, establishing restricted fund tracking, calendaring all obligations), active management (expenditure approvals, time records, drawdown reconciliation, interim reports), reporting (producing funder-required reports from accumulated data), and closeout (stopping expenditures, reconciling all transactions, submitting final reports, archiving the file).

Setup quality in the first two weeks of an award predicts compliance quality for the entire grant period.

Organizations with strong post-award systems have documented workflows that connect development, program, and finance staff. The typical audit finding is not a fraudulent application. It is a documentation gap that accumulated gradually — time records not collected, budget modifications without required prior approval.

What does your organization's post-award setup process actually look like in week one?",https://www.linkedin.com/feed/update/urn:li:activity:7458175062332891136,Organic,,Angel Campa,05/07/2026,,,All followers,38.0,,,0.0,0.0,0.0,0.0,0.0,,0.0,
"A post-closeout cost transfer on a federal grant requires written authorization from the awarding agency before any journal entry is booked.

That is the step most organizations get wrong: they discover the misposting, assess it, and move the cost — then ask permission. That sequence creates a second compliance problem on top of the original one.

Under 2 CFR 200.344, grantees have 120 calendar days after the period of performance ends to liquidate obligations and submit final reports. A transfer discovered after that window closes is in different territory.

The correct sequence: document the specific cost and why it needs to transfer, confirm whether the 120-day window is still open, notify the federal program officer and grants management specialist in writing, submit a formal prior approval request package with original expenditure documentation, wait for written authorization (typically 30 to 90 days depending on the agency), then book the entry.

If the transfer changes figures on the final SF-425, an amended FFR must be submitted.

Program officers are helpful. Verbal concurrence from a program officer is not written authorization from a grants management specialist. The distinction matters.

Strong monthly reconciliation is the real answer: it catches mispostings while awards are still open.",https://www.linkedin.com/feed/update/urn:li:activity:7458153923011481600,Organic,,Angel Campa,05/07/2026,,,All followers,34.0,,,0.0,0.0,0.0,0.0,0.0,,0.0,
"Myth: a nonprofit on cash-basis books can report to federal agencies the same way it reports internally.

Reality: federal grant reporting is accrual-only, under 2 CFR 200.302(b)(3).

The SF-425 Federal Financial Report is the clearest proof. Block 10e captures accrued expenditures — costs incurred but not yet paid. Block 10g captures unliquidated obligations. A cash-basis organization that enters only cash disbursements on Block 10e is underreporting federal expenditures, even if the books look correct internally.

Under FASB ASC 958, audited nonprofit financial statements must also be on accrual. Form 990 preparation follows the same standard.

The practical fix for a cash-basis organization: at each reporting date, identify unpaid vendor invoices, calculate any pay-period proration for accrued wages, isolate grant receivables not yet submitted for reimbursement, and document the cash-to-accrual reconciliation in a worksheet retained with the FFR.

Missing reconciliation worksheets are one of the more reliable indicators of accounting control weaknesses in single audits.

Cash books and federal reporting can coexist. The bridge is documented, repeatable, and auditable.",https://www.linkedin.com/feed/update/urn:li:activity:7458132783719333888,Organic,,Angel Campa,05/07/2026,,,All followers,119.0,,,1.0,0.008403361774981022,0.0,0.0,0.0,,0.008403361774981022,
"Salesforce licensing is only 5-15% of what a nonprofit actually spends on the platform.

The 3-year total cost of ownership for a mid-sized nonprofit — 20 to 50 staff, 15 to 25 users — runs between $75,000 and $275,000.

The real cost drivers are not licenses. They are the implementation consultant ($25,000-$50,000), the ongoing admin retainer ($18,000-$60,000 per year), AppExchange apps ($2,000-$10,000/year), and integration connectors.

According to G2's nonprofit CRM ROI analysis from 2025, the average nonprofit CRM takes 16.95 months to show measurable ROI — longer than the typical 11.5-month contract length.

More than one-third of nonprofit CRM users waited 13 or more months before seeing ROI. And 60-70% of implementations exceed their initial budgets.

GrantPipe runs $99-$499/month with no implementation fees, no required consultants, and donor management plus grant compliance in one place. The 3-year difference is not marginal.

What does your organization's CRM actually cost, all in?",https://www.linkedin.com/feed/update/urn:li:activity:7458111644393635840,Organic,,Angel Campa,05/07/2026,,,All followers,42.0,,,0.0,0.0,0.0,0.0,0.0,,0.0,
"The AFP Fundraising Effectiveness Project reports overall donor retention at approximately 43 percent sector-wide. New-donor retention runs around 20 to 25 percent. The gap between those two numbers is where most development programs leak.

LYBUNT and SYBUNT lists — Last Year But Unfortunately Not This, and Some Year But Unfortunately Not This — are how development teams operationalize the retention problem. They name the specific donors who are at risk, not the aggregate rate.

The difficulty is not generating the lists. It is generating them accurately: with a consistent fiscal year definition, with recurring gifts rolled up to annualized figures, with suppression applied at export for do-not-solicit and deceased flags, and with the numbers matching whatever the board report said last quarter.

Retention rates are easy to get wrong in three specific ways. First, inconsistent fiscal year definitions across reports. Second, recurring gifts counted inconsistently — some periods treat monthly donors as one donor, others count each payment. Third, snapshot reporting mismatches, where the development director's query returns a different number than the board report because one pulls from a nightly refresh and one queries live records.

GrantPipe computes retention cohorts on live gift history using AFP methodology — overall retention, new-donor retention, repeat-donor retention, and monthly-donor retention — with a single canonical fiscal year definition. Lapse risk scores recompute nightly using each donor's own cadence. LYBUNT and SYBUNT lists apply suppression at export, not after.

Nonprofit Tech for Good found that 51 percent of small nonprofits did not have a written retention strategy despite using a donor CRM. The tool is not the gap. The metrics are. Start a trial at grantpipe.com/signup.",https://www.linkedin.com/feed/update/urn:li:activity:7457960649667719168,Organic,,Angel Campa,05/07/2026,,,All followers,51.0,,,0.0,0.0,0.0,0.0,0.0,,0.0,
"10 nonprofit CRMs evaluated for grant management. Most of the list disqualifies itself in one sentence.


Bloomerang: no grant management. Strong donor retention analytics, but if you win a $500,000 restricted grant, Bloomerang cannot track where those dollars go.


Neon CRM: basic grant record-keeping. No post-award compliance, no restricted fund tracking. Works for organizations where grants are under 20 percent of revenue.


Keela: basic grant tracking — status and deadlines. Federal grant recipients will find this insufficient for compliance documentation.


DonorPerfect: custom fields configurable for grant tracking. No compliance automation. Every tracking decision depends on staff discipline.


Virtuous: no grant management module. Built for scaling individual donor relationships through automation.


Instrumentl: grant discovery and pre-award pipeline management. No donor CRM, no post-award compliance. Typically paired with a second system, which recreates the reconciliation problem.


Foundant GrantHub: application tracking and funder research. Post-award compliance features are basic.


Blackbaud Raiser's Edge NXT: grant management via add-on modules requiring configuration. $5,000 to $15,000-plus annually, quote-based.


Salesforce NPSP: configurable for full grant compliance if you spend $30,000 to $100,000 in implementation and maintain a dedicated admin or ongoing consultant.


The pattern: donor CRMs and grant management are separate product categories that most platforms have not unified. For nonprofits managing three or more active restricted grants, that separation creates a recurring reconciliation cost.


What is the compliance documentation workflow at your organization when a funder requests an expenditure report?


#nonprofitcrm #grantmanagement #restrictedFunds #nonprofitfinance #grantsoftware",https://www.linkedin.com/feed/update/urn:li:activity:7457939510216146944,Organic,,Angel Campa,05/06/2026,,,All followers,164.0,,,0.0,0.0,0.0,0.0,0.0,,0.0,
"Keela and Little Green Light occupy the same tier of the nonprofit CRM market and solve different versions of the same problem. The decision is simpler than most comparison posts make it.


Little Green Light: $45 to $119 per month, flat-rate pricing regardless of contact count, solid donor management, dated interface, zero grant management at any tier. The absence is complete — no status tracking, no funder records, no deadline alerts.


Keela: $99 to $299 per month, pricing scales with contact volume, modern interface, built-in email marketing, a basic grant tracking module that covers status and deadlines. The grant module is a genuine differentiator — but covering status and deadlines is not covering compliance. There is no restricted fund expenditure tracking, no audit trail tied to specific grants, no compliance report.


Only 33.3 percent of nonprofits rate their CRM systems as effective, according to the Fifty & Fifty 2025 Nonprofit Peer Report. The most common failure mode is not the CRM they chose — it is that every grant-related workflow lives outside the system they chose.


Both platforms leave that gap unaddressed. If your organization manages three or more active grants with restricted use provisions, the total cost of the CRM plus the separate compliance workaround typically exceeds $2,000 per year in either direction before you count staff hours.


The practical question for an executive director evaluating these two: is grant compliance a current operational accountability, or a future one? The answer usually determines the right tier.


#nonprofitcrm #keela #littlegreenlight #grantmanagement #nonprofitoperations",https://www.linkedin.com/feed/update/urn:li:activity:7457897231564627968,Organic,,Angel Campa,05/06/2026,,,All followers,26.0,,,0.0,0.0,0.0,0.0,0.0,,0.0,
"CRM migrations fail at the field mapping step or the data quality step — not the software step.

The field mapping problem is structural: every data element in the source system needs a documented destination in the target, a defined transformation if formats differ, and a validation rule that confirms the migration succeeded. Skip that step and the errors surface after go-live, when fixing them disrupts live operations.

The data quality problem is older than the migration. Most source systems contain years of accumulated quality problems — duplicate contacts, blank required fields, inconsistent fund designation naming, phone numbers in five formats — that transfer directly into the new system if not addressed first.

The pre-migration data audit should take two to three weeks. Target zero duplicate contacts by primary identifier. Run a report of records where required fields are blank in the target system. Establish a merge rule for duplicates before you start. Decide which records to migrate (active donor records, five to seven years of giving history, active grants) versus exclude (closed grants older than five years, test records, deprecated fields with no current use).

Post-migration validation requires record count reconciliation, a random sample of 20 donor giving histories, and financial validation confirming total giving history in the target matches the source for the same period.

A free CRM migration data map template — with field-level mapping tables, transformation documentation, and validation checklists — is available at grantpipe.com. No form required.",https://www.linkedin.com/feed/update/urn:li:activity:7457876092301918209,Organic,,Angel Campa,05/06/2026,,,All followers,14.0,,,0.0,0.0,0.0,0.0,0.0,,0.0,
"USDA Rural Development administers over $20 billion in loans, loan guarantees, and grants annually across three mission areas — and each program has its own authorizing statute, compliance requirements, and eligible activity definitions.

A nonprofit managing Community Facilities grants, Rural Business Development Grants, and REAP energy grants simultaneously is not managing one compliance framework. It is managing three, on top of standard 2 CFR 200 Uniform Guidance.

The geographic eligibility problem compounds this: all USDA Rural Development programs require that funded activities benefit rural areas, defined by population thresholds that vary by program. Communities near urban boundaries can lose eligibility between decennial census updates. Rural area eligibility is not a one-time determination — it is an ongoing documentation obligation.

EDA Public Works grants add a multi-year tracking requirement on top: job creation and private investment outcomes must be documented at specific intervals, typically five years after project completion. A grant that closed five years ago still has reporting obligations.

Rural development nonprofits often face this compliance burden with two or three administrative staff covering multi-county service areas. The documentation requirements were written for program densities that do not reflect rural operational reality.

What compliance infrastructure does your rural development organization have in place for geographic eligibility documentation across multi-county programs?",https://www.linkedin.com/feed/update/urn:li:activity:7457854953026617344,Organic,,Angel Campa,05/06/2026,,,All followers,44.0,,,1.0,0.022727273404598236,0.0,0.0,0.0,,0.022727273404598236,
"DonorPerfect has a 93 percent customer retention rate and an average customer tenure of 13 years. Those numbers are real. They also explain why the pricing and feature gaps do not get fixed faster.

The grant tracking gap is specific: DonorPerfect covers deadline alerts, fund designations, and grant status fields. It does not track actual expenditures against a grant budget line by line, flag over-expenditure on restricted funds, or produce audit-ready reports showing funders how their money was spent.

Organizations receiving federal grants or multi-year restricted foundation grants typically handle compliance documentation outside DonorPerfect — in a spreadsheet, a separate grants management system, or with an accountant managing fund restrictions manually in the accounting software. That is the standard workaround. It works until an audit.

The pricing structure compounds the issue: DonorPerfect has three named tiers (Core, Plus, Pro) but does not publish dollar amounts. Phone support is Plus and Pro only; Core is limited to chat. A renewal conversation without a public price anchor gives all negotiating leverage to the vendor's side.

Nearly half of nonprofits are considering switching CRMs in the next 12 months, up from just 10 percent the year prior, according to the Omatic 2025 Nonprofit Integration Report. The driver cited is feature gaps and growth — not cost.

The question worth asking before renewal: what does DonorPerfect plus your separate compliance system cost annually, combined?",https://www.linkedin.com/feed/update/urn:li:activity:7457833813717630976,Organic,,Angel Campa,05/06/2026,,,All followers,33.0,,,0.0,0.0,0.0,0.0,0.0,,0.0,
"The SF-425 Federal Financial Report is not a routine form. It is a compliance obligation submitted under the False Claims Act, and one specific error accounts for most of the findings it generates.

Line 10f — Federal Share of Expenditures — must show cumulative expenditures for the entire period of performance, from day one of the award through the last day of the reporting period. Not just the current quarter. Cumulative.

If your grant started October 1 and you are submitting the March 31 quarterly report, line 10f must show total expenditures from October through March. An agency receiving reports that appear to show expenditures declining or fluctuating rather than steadily accumulating will flag the discrepancy.

The final SF-425 is due no later than 120 calendar days after the period-of-performance end date. Some agencies specify shorter deadlines in the notice of award. The final report must reconcile exactly to your general ledger — a discrepancy is a compliance finding in the financial reporting area of a single audit and prevents award closeout.

Line 10g (unliquidated obligations) should be zero on the final report: all obligations should be liquidated before submission.

Line 10j (program income) requires reporting and accounting for any gross income earned directly as a result of federally funded activities, per the method specified in the award.

A wrong number on the SF-425 is not a clerical error in a program monitor's view. It is a finding.",https://www.linkedin.com/feed/update/urn:li:activity:7457812670222790656,Organic,,Angel Campa,05/06/2026,,,All followers,42.0,,,0.0,0.0,0.0,0.0,0.0,,0.0,
"Booking a pledge write-off as bad debt expense is one of the most common accounting errors in nonprofit finance — and under FASB ASC 958, it is wrong.

The correct entry debits the allowance for uncollectible pledges and credits the pledge receivable. The write-off reduces the contra-asset and eliminates the receivable. It does not create a new expense on the Statement of Activities.

This matters because most accounting staff coming from for-profit environments do exactly the opposite. The for-profit instinct is a debit to bad debt expense — which is not the correct account under ASC 958-605.

The complication is the allowance itself. If the organization set the allowance to zero when the pledge was recorded, the write-off has nowhere to absorb: it becomes a direct charge to contribution revenue, reducing the current period's reported contributions.

Multi-year pledges add a second entry that gets missed: the unamortized present-value discount attributable to the written-off portion must also be eliminated per ASC 958-605-30-6. Leaving the discount in place after the receivable is gone overstates the discount contra-asset.

Auditors testing pledge receivables will sample write-offs and look for: the original pledge documentation, payment history, collection effort evidence, the collectibility assessment memo, and approval at the threshold specified in your policy.

What dollar threshold triggers board approval at your organization for a write-off decision?

#fasbasc958 #nonprofitaccounting #pledgemanagement #auditreadiness",https://www.linkedin.com/feed/update/urn:li:activity:7457791535162601472,Organic,,Angel Campa,05/06/2026,,,All followers,70.0,,,0.0,0.0,0.0,0.0,0.0,,0.0,
"eCivis is not a nonprofit CRM — it is a government grants administration platform, and the distinction matters before you sign a contract.

Public procurement records show eCivis contracts at $20,000 to $60,000 per year for state and local government agencies, with implementation fees often quoted at $10,000 or more. That pricing reflects the buyer it was designed for.

The product's core workflows reflect government grant administration: subrecipient monitoring, pass-through fund management, federal opportunity prospecting. Those are legitimate capabilities — for a county grants office.

For a mid-sized nonprofit managing a diversified funding mix of federal grants, foundation awards, and individual donors, eCivis addresses one slice of the problem at enterprise cost and leaves donor CRM entirely unaddressed.

Customer reviews and procurement records describe 90 to 180 day rollouts with dedicated IT and project management. Most nonprofits with $500K to $10M in annual budget do not have that capacity available.

The practical test: if you are a nonprofit (not a government agency) and you need both grant compliance and donor relationship management, you are buying a tool designed for a different buyer type. Evaluate alternatives before the sales call.",https://www.linkedin.com/feed/update/urn:li:activity:7457770395979546624,Organic,,Angel Campa,05/06/2026,,,All followers,93.0,,,0.0,0.0,0.0,0.0,0.0,,0.0,
"1,400 Section 330 grantees served 31.5 million patients in 2023 — each one subject to 19 program requirements, an annual UDS report due February 15, and an Operational Site Visit that tests all three compliance systems simultaneously.

91 percent of health center patients had incomes at or below 200 percent of the federal poverty guidelines in UDS 2023 — the same population the sliding fee discount program is legally required to cover under Compliance Manual Chapter 9.

FTCA deeming, credentialing files, board composition, and UDS data quality are not independent checklists. They are cross-referenced against each other during every OSV.

Missing documentation at any of the 19 requirements generates a condition requiring corrective action within a defined timeframe.

UDS data quality is particularly unforgiving: HRSA cross-references reported clinical quality measures against sampled patient records. A measure that cannot be substantiated at the site visit is a finding — regardless of what the February 15 submission said.

GrantPipe tracks restricted funds by HRSA funding stream and grant reporting calendars keyed to UDS deadlines. If your health center is managing Section 330 compliance across disconnected spreadsheets, the risk is structural, not operational. Start a trial at grantpipe.com/signup.",https://www.linkedin.com/feed/update/urn:li:activity:7457749256582594560,Organic,,Angel Campa,05/06/2026,,,All followers,90.0,,,0.0,0.0,1.0,0.0,0.0,,0.011111111380159855,
"Funder reports are late almost never because the deadline was missed. They are late because assembly takes longer than the reporting window.

The financial figures live in the accounting system. The programmatic outputs live in a document the program director wrote last month. The funder's template is a PDF the grants manager is hand-filling. Someone needs to reconcile them before anything goes out.

2 CFR 200.328 requires federal grantees to submit performance reports at intervals set by the awarding agency — typically quarterly or annually. The Council on Foundations reports that approximately 75% of grantmakers require grantee reports at least annually, with quarterly common for larger awards. That is a sustained reporting cadence that does not compress during busy seasons.

GrantPipe's funder reporting templates hold the exact format each funder expects, pull financial figures from the restricted fund ledger and programmatic data from custom fields, substitute variables like award ID and reporting period, and render to PDF or funder-portal-ready CSV on a scheduled date.

SF-425, Grants.gov standard formats, and common community foundation templates ship by default. Custom templates are a one-time setup per funder, versioned so format changes do not corrupt historical records.

The narrative sections remain human-written — because those are the part that should be. The numbers and structure are automatic.

The reporting package rebuilt from scratch for every cycle is the problem. Templates render it once and repeat it reliably. Try GrantPipe free at app.grantpipe.com/signup.

#grantreporting #nonprofitcompliance #grantmanagement #funderreporting",https://www.linkedin.com/feed/update/urn:li:activity:7457598261621637122,Organic,,Angel Campa,05/06/2026,,,All followers,4.0,,,0.0,0.0,0.0,0.0,0.0,,0.0,
"Five signs your nonprofit's restricted fund tracking is creating audit risk:

QuickBooks class tracking is the system of record for restricted funds. Class tracking is a reporting filter, not fund accounting. It cannot prevent a transaction from being miscoded to a fund that has been fully expended, and it cannot generate a statement of financial position for a single fund.

Finance staff spend 8–15 hours per month on shadow spreadsheet maintenance. That is the median for teams managing 5–10 active grants. At a loaded staff cost of $30–$50 per hour, that is $240–$750 per month in hidden labor costs — before any audit findings.

Restricted fund balances in the spreadsheet do not reconcile to the general ledger at month-end. This is the failure mode auditors see most often: two sources of truth that diverge over time and cannot be traced.

Funder reports require pulling data from three systems and reformatting in a template that may have changed since the last report cycle. GAO consistently cites late and missing grantee financial reports as a recurring compliance deficiency; the cause is almost always assembly time, not missing information.

No one can explain who changed what in the restricted fund records. The spreadsheet has no audit trail. Anyone with file access can modify restricted fund balances without a log entry.

Each of these is a management letter comment waiting to happen. Several together are a qualified opinion risk.

#nonprofitaccounting #restrictedFunds #fundaccounting #grantcompliance",https://www.linkedin.com/feed/update/urn:li:activity:7457577122371592192,Organic,,Angel Campa,05/05/2026,,,All followers,75.0,,,0.0,0.0,0.0,0.0,0.0,,0.0,
"Single audit preparation takes months, not the two weeks before fieldwork most organizations actually use.

The federal expenditure threshold is now $1,000,000 — updated effective for fiscal years ending September 30, 2025 or later. Organizations near that threshold should verify which applies based on their fiscal year end date.

Working backward from fiscal year end:

Day 90: Produce a draft SEFA reconciled and accurate before the year closes. Verify Assistance Listing numbers for every award. Identify sub-awards received from pass-through entities. Estimate whether any programs will cross the Type A major program threshold (the larger of $1,000,000 or 3% of total federal expenditures).

Day 60: Confirm time-and-effort records are complete and contemporaneous for all grant-funded personnel. Records dated more than 30 days after the period they cover should be flagged.

Day 45: Confirm subrecipient monitoring records are complete. Verify single audit status for subrecipients with $1,000,000 or more in federal expenditures.

Day 30: Run budget-to-actual reports for each active federal award. Identify any costs that may be questioned before they become audit findings.

Day 14: Compile the documentation auditors will request.

The full 90-day timeline is available as a free PDF at grantpipe.com — including the complete task list for each milestone.

#singleaudit #grantcompliance #nonprofitfinance #auditreadiness",https://www.linkedin.com/feed/update/urn:li:activity:7457513700292370432,Organic,,Angel Campa,05/05/2026,,,All followers,32.0,,,0.0,0.0,0.0,0.0,0.0,,0.0,
"WIOA requires tracking employment outcomes at the 2nd and 4th quarter after program exit.


For an organization serving 200 participants per year, that means 400 active follow-up contacts at any given point, each at a different stage of the outcome measurement window.


A participant who exits in January must be tracked in April (2nd quarter) and again in October (4th quarter). These are the metrics that determine whether the organization meets state-negotiated performance targets under WIOA Section 116 — and whether it faces sanctions.


The six primary performance indicators for adult and dislocated worker programs include employment rate at 2nd quarter after exit, employment rate at 4th quarter after exit, and median earnings at 2nd quarter after exit. All measured from the date of program exit.


Organizations that track participants in spreadsheets lose participants to follow-up at higher rates. When auditors and state monitors see low employment rates, they examine whether the rates reflect actual outcomes or tracking failures.


The cost allocation layer adds complexity. A career counselor serving Adult, Dislocated Worker, and Youth programs under WIOA must have time records that support the allocation across all three. Estimated proportions without documentation create findings.


WIOA funds approximately $2.7 billion annually for adult, dislocated worker, and youth employment programs. The data infrastructure requirements are proportional to that accountability.


#WIOA #workforcedevelopment #grantcompliance #federalgrants",https://www.linkedin.com/feed/update/urn:li:activity:7457492565144104960,Organic,,Angel Campa,05/05/2026,,,All followers,28.0,,,0.0,0.0,0.0,0.0,0.0,,0.0,
"Classy is a fundraising platform. GoFundMe acquired it in 2022 for $484 million.


That acquisition context matters for nonprofits making long-term platform decisions. GoFundMe's core business is consumer-to-cause giving on a fee-on-donations model. Classy is being integrated into that strategy.


What Classy does well: peer-to-peer campaigns, Classy Live event ticketing, recurring campaign tools. Genuinely strong for organizations where events and community fundraising are the primary revenue channel.


What Classy does not include: donor relationship management beyond campaign records, grant tracking, restricted fund allocation, or compliance reporting. Organizations using Classy for their full donor program typically run a separate CRM alongside it.


Classy's pricing is not transparent. Mid-sized nonprofits consistently report paying $3,000–$12,000 per year based on G2 and Capterra reviews, plus platform fees on donations that commonly run 2–5% on lower tiers. Both a platform fee and a payment processing fee apply on each transaction.


For nonprofits whose revenue comes primarily from individual major gifts, recurring donors, and grants — rather than event campaigns — the cost calculus changes significantly.


The peer-to-peer tooling is mature. If that is the primary need, Classy is worth a genuine evaluation. If it is not, the gap between what Classy costs and what it covers becomes the real problem.


#nonprofitfundraising #donormanagement #peertopeerfundraising #nonprofittools",https://www.linkedin.com/feed/update/urn:li:activity:7457471425839439872,Organic,,Angel Campa,05/05/2026,,,All followers,65.0,,,0.0,0.0,0.0,0.0,0.0,,0.0,
"Matching funds: the term nonprofits misunderstand most often.


Under 2 CFR 200.306, match contributions must be non-federal, verifiable from your records, necessary and reasonable for the project, allowable under applicable cost principles, and included in the approved budget. All five requirements apply simultaneously.


The most common audit finding: using another federal grant as match. A HUD CDBG grant cannot match a HOME grant. An AmeriCorps award cannot match an HHS program. The prohibition is strict, with narrow statutory exceptions that most nonprofits do not qualify for.


The second most common problem: in-kind match that was not documented contemporaneously. Volunteer hours estimated at year-end based on memory do not satisfy the requirement. Volunteer hours logged weekly, with position descriptions and market rate comparisons, do.


A 1:1 match on a $500,000 federal award means the grantee must contribute $500,000 in non-federal resources — cash, in-kind, or a combination. Falling short is a compliance violation reportable in a Single Audit and can result in a proportional reduction of the federal award.


One more trap: voluntary committed match. If you pledged match beyond the minimum in your application to improve competitiveness, that commitment is legally binding once it appears in the award agreement. An auditor will test it.


#matchingfunds #grantcompliance #federalgrants #uniformguidance",https://www.linkedin.com/feed/update/urn:li:activity:7457450286559801344,Organic,,Angel Campa,05/05/2026,,,All followers,305.0,,,2.0,0.006557377055287361,2.0,4.0,0.0,,0.026229508221149445,
"A Single Audit finding is not a disaster. A weak Corrective Action Plan response is.


Under 2 CFR 200.511(c), every finding requires a written CAP with five required elements: the finding reference number, the auditee's position (agree or disagree), the specific corrective action, the name and title of the responsible party, and the target completion date.


""Management will strengthen its procurement controls"" does not meet that standard. It will invite awarding-agency follow-up and likely result in additional reporting requirements.


A strong CAP reads like a project plan: ""The CFO will update the procurement policy by May 31, circulate it to all staff with a signed attestation, and provide completed attestations to the audit committee at the June meeting.""


Completion dates should be aggressive but achievable — typically 30 to 180 days. Missed CAP deadlines are themselves a finding risk in the following audit.


Repeat findings in two or more consecutive audits trigger specific conditions under 2 CFR 200.208: prior approval for draws, enhanced monitoring, or high-risk designation. Breaking that pattern often requires more structural change than the first response suggested.


Disagreeing with a finding is legitimate. Unsupported disagreement damages credibility with both the auditor and the awarding agency.


#singleaudit #grantcompliance #federalgrants #nonprofitfinance",https://www.linkedin.com/feed/update/urn:li:activity:7457429147255119872,Organic,,Angel Campa,05/05/2026,,,All followers,50.0,,,0.0,0.0,1.0,0.0,0.0,,0.019999999552965164,
"""We manage grants in spreadsheets and it works fine.""


It works fine for 1–2 simple foundation grants with annual reporting. The failure is usually invisible until it is not.


The most common breakdown: a compliance review or audit reveals that expenditure documentation is incomplete because the spreadsheet was not maintained consistently by whoever owned it last.


The second most common: restricted funds that got commingled with general revenue because spreadsheets cannot prevent it — they can only record it after the fact.


Under 2 CFR 200, federal grants require audit trails that spreadsheets cannot reliably provide. No record of who changed what. No automated check that restricted funds are being spent within approved budget categories. No deadline alert for the funder report that is due in 11 days.


The practical threshold: if you manage 3 or more grants, or any grant with restricted fund requirements, the time spent on manual tracking and reconciliation likely exceeds the cost of dedicated software.


Only 33.3% of nonprofits rate their CRM systems as effective, per the Fifty & Fifty 2025 Nonprofit Peer Report. Most are managing around a tool that does not fit, not with one that does.


#grantcompliance #nonprofitoperations #grantmanagement #restrictedFunds",https://www.linkedin.com/feed/update/urn:li:activity:7457408007992332288,Organic,,Angel Campa,05/05/2026,,,All followers,23.0,,,0.0,0.0,0.0,0.0,0.0,,0.0,
"Salesforce licensing is 5–15% of what mid-sized nonprofits actually pay to run it.


The rest lands in implementation ($25,000–$50,000), ongoing admin retainers ($18,000–$60,000/year), AppExchange apps ($2,000–$10,000/year), and integration connectors that cost $4,000–$8,000 to set up and $1,500–$4,000/year to keep running.


Three-year total cost of ownership for a nonprofit with 20–50 staff: $75,000–$275,000. Moderate estimate: $150,000–$180,000.


The average nonprofit CRM takes 16.95 months to show ROI — longer than the typical 11.5-month contract. Which means most organizations are locked into renewals before they know whether the platform works for them.


60–70% of implementations exceed their initial budgets.


This is the math behind why so many nonprofits feel stuck with enterprise platforms they cannot fully use. The entry price was affordable. The total cost was not.


GrantPipe starts at $199/month. Donor CRM and grant compliance. No implementation fees, no required consultants. If the full TCO math is useful to your board, try the comparison at grantpipe.com.


#nonprofitfinance #crm #grantmanagement #nonprofitleadership",https://www.linkedin.com/feed/update/urn:li:activity:7457386868716969984,Organic,,Angel Campa,05/05/2026,,,All followers,44.0,,,0.0,0.0,0.0,0.0,0.0,,0.0,
"Foundations cite inconsistent reporting compliance as the most common non-programmatic reason for declining grant renewals, according to a 2023 Candid funder survey.


The Federal Audit Clearinghouse data shows approximately 60% of Single Audit submissions arrive after the 30-day submission window. Late reporting is the top corrective action trigger in HHS Office of Inspector General findings. Development staff at mid-sized nonprofits spend an estimated 15–20% of their time on grant compliance administration, including deadline tracking, per NTEN benchmarking.


A grant deadline missed because it lived in an Outlook calendar that was not updated when a grant was amended is a compliance finding. A report submitted late because the finance contact did not know the drawdown window was closing is a compliance finding.


GrantPipe's grant calendar consolidates application deadlines, reporting deadlines, drawdown windows, and compliance milestones for every active grant into one view. Alerts fire at 30, 14, 7, and 1 day before each deadline by default — configurable per deadline, per funder. When a grant record is updated, the calendar updates. Reporting schedules generate automatically on award, calculated from the grant record rather than manually entered into a shared calendar someone must remember to check.


A single missed grant report can cost more than a year of software. See how the calendar works at app.grantpipe.com/signup.


#grantcompliance #grantmanagement #nonprofitfinance #deadlinetracking #grants",https://www.linkedin.com/feed/update/urn:li:activity:7457235873722482688,Organic,,Angel Campa,05/05/2026,,,All followers,47.0,,,0.0,0.0,0.0,0.0,0.0,,0.0,
"Development directors at $2M–$10M nonprofits typically carry 40 to 120 major donor prospects in active moves management alongside 8 to 25 active grants at any given time.


The Fundraising Effectiveness Project has reported sector-wide donor retention between 40 and 45 percent every year for over a decade. The cause is rarely appeal quality. It is the failure to follow up the second gift, track the lapsed-donor list, or notice when a multi-year pledge is 90 days overdue. These are operational failures — ones that fragmented tooling makes routine.


Most development directors run four systems that do not talk to each other: a donor CRM for gift history, a spreadsheet for the grant pipeline, QuickBooks for restricted fund balances, and a slide deck for the board that requires manually joining all three. Reconciling across those systems to build a board packet consumes 4 to 8 hours per cycle. If the CFO's numbers and the development report disagree, the development director explains it at a board meeting.


The job that needs doing is not complicated: moves management, grant pipeline, restricted fund visibility, and board-ready reporting from one source of truth.


What does a typical board packet preparation look like at your organization — and where does the reconciliation time go?


#developmentdirectors #fundraising #nonprofitoperations #grantmanagement",https://www.linkedin.com/feed/update/urn:li:activity:7457214734493286401,Organic,,Angel Campa,05/04/2026,,,All followers,279.0,,,2.0,0.00716845877468586,0.0,0.0,0.0,,0.00716845877468586,
"Keela ($99–$299/month) and Bloomerang ($125–$249/month) compete directly in the mid-market nonprofit CRM space. Both are cloud-native. Both position as simpler alternatives to Salesforce and Blackbaud.


Keela's differentiator is a modern interface and marketing automation included at base pricing. Bloomerang's differentiator is a donor retention analytics dashboard that tracks retention rates, identifies at-risk donors, and surfaces giving frequency patterns. Per the Fifty & Fifty 2025 Nonprofit Peer Report, only 33.3% of nonprofits rate their CRM as effective — 20.1% find them outright ineffective.


The shared gap between Keela and Bloomerang: neither provides grant lifecycle management or restricted fund compliance tracking. Keela has basic grant recording — deadline tracking, not compliance. Bloomerang has minimal grant features. Organizations that receive restricted foundation or government grants still need a separate system for grant compliance regardless of which of these two they choose.


Choosing between them based on donor management features is a coherent evaluation for fundraising-primary organizations. Adding the grant compliance layer changes the comparison entirely — because neither platform eliminates the need for a separate compliance workflow.


#nonprofitcrm #grantmanagement #keela #bloomerang #nonprofittechnology",https://www.linkedin.com/feed/update/urn:li:activity:7457172455896469504,Organic,,Angel Campa,05/04/2026,,,All followers,86.0,,,0.0,0.0,0.0,0.0,0.0,,0.0,
"Grant compliance failures happen after the award, not during the application.


The obligations begin the moment the grant agreement is signed. Spending restrictions, reporting cadences, documentation standards, and time tracking requirements are all active before the first dollar is spent. Most mid-sized nonprofits discover the scope of those obligations when the first report is due, not when the award letter arrives.


The Nonprofit Grant Compliance Checklist covers the post-award sequence: reading the award letter before any spending begins, setting up restricted fund tracking in the accounting system, calendaring every reporting deadline immediately, implementing time documentation for grant-funded staff, and running budget-vs-actual comparisons monthly. It also covers the warning signs that the current system is approaching its limits — spreadsheets typically break at three to five active grants with different fiscal years and staff splitting time across programs.


The threshold at which a dedicated system replaces the spreadsheet is around $500,000 in grant revenue or three active grants managed simultaneously.


The checklist is free at https://lnkd.in/euBzhnbc.


#grantcompliance #nonprofitfinance #postwardcompliance #grantmanagement",https://www.linkedin.com/feed/update/urn:li:activity:7457151316650442753,Organic,,Angel Campa,05/04/2026,,,All followers,59.0,,,0.0,0.0,0.0,0.0,0.0,,0.0,
"VAWA grantees cannot maintain grant files that link identifiable survivor information to service records accessible to outside reviewers.


That requirement is not a suggestion from a program officer. The confidentiality provisions of the Violence Against Women Act are statutory — they prohibit shelters from disclosing personally identifying survivor information without informed, written, reasonably time-limited consent. Critically, confidentiality extends into the grant record itself.


This creates a specific data architecture requirement for domestic violence shelters: program tracking systems must report aggregate service data to funders without exposing individual case records. VOCA performance reporting requires aggregate counts of victims served by crime type, services provided by category, and demographic data. OVW semiannual progress reports through GMS require similar aggregate documentation. Neither accepts individual survivor records.


Most shelters operate with VAWA, VOCA, and FVPSA grants simultaneously. Each has different period of performance dates, different allowable cost categories, and different reporting timelines. VOCA funds are typically capped at 10% for administrative costs. Time for a shelter director whose salary is split across VAWA, VOCA, and operating funds must be documented separately for each funding source.


Using a single case management database for both service delivery and grant compliance tracking creates the linkage that the VAWA confidentiality provisions prohibit. The compliance architecture and the service delivery architecture must be designed separately from the start.


#domesticviolence #vawa #victimservices #grantcompliance #nonprofitcompliance",https://www.linkedin.com/feed/update/urn:li:activity:7457130177303867392,Organic,,Angel Campa,05/04/2026,,,All followers,101.0,,,0.0,0.0,1.0,0.0,0.0,,0.009900989942252636,
"Network for Good was acquired by Bonterra in 2022, alongside EveryAction, CommunityForce, and Social Solutions.


Before the acquisition, pricing was published in tiers. After the acquisition, pricing moved to a custom contract model requiring a demo. Reviews written before 2022 describe a different product structure than what current prospects encounter in a sales conversation.


What the platform does: fundraising pages, peer-to-peer campaigns, donor email tools. What it has never done: grant prospect tracking, restricted fund management, grant budget-versus-expenditure tracking, or compliance report generation. These were not features removed at acquisition — they were never part of the product.


Transaction fees may apply on processed donations in addition to the subscription cost. The specific fee structure is part of the negotiated contract, not disclosed publicly.


For nonprofits whose primary activity is campaign-based fundraising with no grant compliance requirements, the product is coherent. For organizations receiving restricted foundation or government grants, grant compliance still lives elsewhere — usually in a spreadsheet.


The evaluation question is not whether the platform works for fundraising. It is whether your organization's workflow requires a system that handles restricted grant compliance alongside donor management, or two separate systems with manual reconciliation between them.


#nonprofitcrm #grantmanagement #fundraising #nonprofittechnology",https://www.linkedin.com/feed/update/urn:li:activity:7457109037990735872,Organic,,Angel Campa,05/04/2026,,,All followers,128.0,,,1.0,0.0078125,1.0,0.0,0.0,,0.015625,
"Net assets without donor restrictions is not the same as cash available.


Under FASB ASC 958-210-45, every nonprofit's net assets fall into one of two classes: with-donor-restrictions or without-donor-restrictions. The without-restrictions class includes unrestricted contributions, program service revenue, government contract revenue, investment returns on unrestricted funds, and board-designated amounts. It is the default — funds land here unless a donor has imposed explicit conditions.


The term replaced ""unrestricted net assets"" through FASB ASU 2016-14, effective for fiscal years beginning after December 15, 2017. The substance is identical; only the label changed. Using ""unrestricted net assets"" in an audited financial statement is now an error.


Board designations are the classification that creates the most confusion. A board that votes to designate $250,000 as an operating reserve has created an internal allocation — not a donor restriction. The board can rescind it by resolution at any time. That $250,000 remains within net assets without donor restrictions, disclosed in the footnotes, not moved to a separate net asset class.


FASB ASU 2016-14 added a required liquidity and availability footnote precisely because a $2 million without-restrictions balance may consist largely of fixed assets, vehicles, and long-term receivables. The footnote surfaces what is genuinely accessible within 12 months. High unrestricted net assets without the liquidity footnote tells auditors and board members almost nothing.


#nonprofitaccounting #fasbasc958 #restrictedFunds #nonprofitfinance",https://www.linkedin.com/feed/update/urn:li:activity:7457087898719318016,Organic,,Angel Campa,05/04/2026,,,All followers,24.0,,,0.0,0.0,0.0,0.0,0.0,,0.0,
"Program income Step 3 under 2 CFR 200.307: establish the tracking ledger before any income-generating activity begins.


Program income is gross income earned by the grantee that is directly generated by activities supported by the federal award. Patient fees at a federally-funded clinic. Admission to a grant-funded training program. Rental of a federally-funded facility. The revenue is federal money earned under the award's authority — not unrestricted income, not a donation.


The ledger tracks the award number, income source description, date earned, amount, and cumulative total by period. Each of those fields is there because the Federal Financial Report SF-425 asks for cumulative program income earned and expended on Lines 10 and 10a — and auditors testing Single Audit compliance cross-reference those lines against the accounting records.


Program income deposited into the general operating account without a separate tracking mechanism becomes unrecoverable within 30 days. The accrual basis applies: record when earned, not when collected. A patient visit on September 30 generates program income on September 30 regardless of when the insurance payment arrives.


Under 2 CFR 200.307(e)(1), deductive treatment is the default when the award is silent on disposition. Plan the election at award time — changing it mid-award requires written federal agency prior approval.


#programincome #federalgrants #grantcompliance #2cfr200 #uniformguidance",https://www.linkedin.com/feed/update/urn:li:activity:7457066759389446144,Organic,,Angel Campa,05/04/2026,,,All followers,25.0,,,0.0,0.0,0.0,0.0,0.0,,0.0,
"Myth: entering the grant award amount in your system means the award is set up.


What most organizations actually enter: a grant name, a dollar total, and a due date. That is not a grant setup — it is a note.


A complete grant record has the project period start and end dates from the Notice of Award (not the application), the approved budget broken down by category, the restriction type, every reporting deadline for the full performance period, and the program officer contact. It also needs the accounting system grant code that links expenditures to this award in the GL.


The most common error in setup is using the application budget instead of the approved budget. Funders modify budgets at award time. An application that asked for $50,000 in personnel may be awarded with $42,000 in personnel and the remainder cut entirely. If the system holds the application budget, every budget-vs-actual report for the life of the award is wrong.


The hour invested in a complete setup at week one eliminates a recurring compliance debt that compounds across every expenditure, every report, and every audit.


#grantmanagement #grantcompliance #nonprofitfinance #postwardcompliance",https://www.linkedin.com/feed/update/urn:li:activity:7457045620101586944,Organic,,Angel Campa,05/04/2026,,,All followers,36.0,,,0.0,0.0,0.0,0.0,0.0,,0.0,
"The 2024 OMB revision raised the Single Audit threshold to $1,000,000 — effective for fiscal years ending September 30, 2025 or later.


That change matters for how organizations track federal expenditure totals, not just whether they file. The threshold applies across all federal awards combined, not per grant. An organization holding three federal awards totaling $980,000 is below the line. At $1,000,001, a licensed independent auditor must complete and submit the Single Audit package to the Federal Audit Clearinghouse within 9 months of fiscal year end.


The same revision raised the de minimis indirect cost rate from 10% to 15% under 2 CFR 200.414 — a meaningful shift for organizations that have never negotiated a rate with a cognizant federal agency.


Organizations near the threshold should track cumulative federal expenditures by award, not just by program budget. Crossing the threshold mid-year triggers the Single Audit obligation for the entire fiscal year, not just the portion spent after crossing.


GrantPipe surfaces cumulative federal expenditure totals across all active awards so compliance staff see the threshold approach before the obligation lands.


#grantcompliance #uniformguidance #federalgrants #singleaudit #nonprofitfinance",https://www.linkedin.com/feed/update/urn:li:activity:7457024480872341504,Organic,,Angel Campa,05/04/2026,,,All followers,53.0,,,0.0,0.0,0.0,0.0,0.0,,0.0,
"NTEN's 2024 Security Survey found 46% of nonprofits reported a data breach or unauthorized access incident in the past three years. Improper access controls were the leading contributing factor.


Salesforce NPSP implementations average $15,000-$50,000 in consulting fees just for permission and security model configuration. The platforms are flexible, but configuring them correctly requires expertise most nonprofit operations staff do not have.


The result: organizations leave default permissions in place because locking it down requires a consultant.


GrantPipe uses three roles — Admin, Editor, Viewer — that cover every legitimate access pattern for nonprofit operations. Role assignment is two fields and takes effect immediately. No support ticket, no setup project.


Board members get Viewer access for dashboards. Program staff get Editor access to update grant milestones. The audit trail logs every create, edit, and delete by user and timestamp.


Staff turnover at nonprofits runs 20-30% annually. Simpler permission systems handle the recurring deprovisioning work more reliably.


#nonprofitcrm #permissions #datasecurity #grantpipe",https://www.linkedin.com/feed/update/urn:li:activity:7456873485957636096,Organic,,Angel Campa,05/04/2026,,,All followers,40.0,,,0.0,0.0,2.0,2.0,0.0,,0.10000000149011612,
"A grants manager at a mid-sized nonprofit typically owns 10 to 40 active awards across HHS, USDA, DOJ, state pass-throughs, and private foundations.


The Center for Effective Philanthropy found reporting alone consumes 6 to 8 hours per grant per year. Cumulative compliance effort reaches 30+ hours per grant over its life.


A grants manager running on spreadsheets realistically handles 15 to 25 active awards before the reconciliation work breaks. Purpose-built compliance software roughly doubles that capacity.


GAO's April 2024 analysis (GAO-24-106173) linked 17% of federal award spending from 2017-2021 to severe, persistent Single Audit findings — almost always traceable to fragmented record-keeping rather than intentional misuse.


Question for grants managers reading this: what is the portfolio size where your current setup stops scaling, and what breaks first — the reporting calendar, the drawdown reconciliation, or the audit binder?


#grantsmanager #nonprofitfinance #singleaudit #compliance",https://www.linkedin.com/feed/update/urn:li:activity:7456852346606850048,Organic,,Angel Campa,05/03/2026,,,All followers,70.0,,,1.0,0.014285714365541935,0.0,0.0,0.0,,0.014285714365541935,
"Blackbaud vs Bloomerang is a comparison between two operating assumptions, not two products.


Blackbaud assumes the organization can support more software depth, more services, and longer implementation. Pricing runs $5,000-$15,000+/year with $10,000-$50,000+ implementation fees and a 3-6 month rollout.


Bloomerang assumes a leaner team that wants donor workflows working quickly. Pricing is $125-$249/month with no implementation fee and a 1-2 week setup.


The shared limitation: both are strongest on donor and fundraising operations. Neither covers post-award grant compliance and restricted fund tracking cleanly out of the box.


For a grant-active nonprofit, the migration question is whether the next system reduces operating burden after launch — or whether donors live in one system and grant reporting still lives in another.


The reporting walkthrough in the demo reveals that gap faster than any feature comparison.


#blackbaud #bloomerang #nonprofitcrm #grantcompliance",https://www.linkedin.com/feed/update/urn:li:activity:7456810068014018561,Organic,,Angel Campa,05/03/2026,,,All followers,78.0,,,0.0,0.0,0.0,0.0,0.0,,0.0,
"Most development directors at mid-sized nonprofits manage 10-30 active grants. Each grant has its own reporting schedule, format, and renewal timeline. That is 60-100 deadline events per year for an 8-funder portfolio.


Missed deadlines do not happen because someone forgot. They happen because the grants manager remembered with three days to go and could not assemble narrative, financial reconciliation, and ED approval in time.


Lead time rules that work for a team of 1-3 people: 3 weeks for an interim narrative report, 2 weeks for an interim financial report, 4 weeks for a final narrative, 6 weeks for a new application, 4 weeks before grant end for a no-cost extension.


Request financial data from the bookkeeper at least 10 business days before any financial report is due. That accounts for workload, coding questions, and one round of corrections.


GrantPipe published a free Grant Reporting Calendar Template covering the full lifecycle, lead time rules, and a RACI for each report.


#grantreporting #deadlines #nonprofitmanagement #freetemplate",https://www.linkedin.com/feed/update/urn:li:activity:7456788928692592640,Organic,,Angel Campa,05/03/2026,,,All followers,45.0,,,0.0,0.0,0.0,0.0,0.0,,0.0,
"A mid-sized homeless shelter manages 8-12 simultaneous funding streams: HUD ESG, HUD Continuum of Care, CDBG sub-allocations, state housing authority grants, county homelessness funds, United Way, and three or four foundation awards.


Each has distinct allowable expense categories. ESG alone has five activity buckets — street outreach, shelter operations, rapid re-housing, prevention, and HMIS.


When a case manager's salary touches multiple grants, the time must be allocated contemporaneously. Month-end reconstructions from memory create the documentation gaps that auditors flag.


HUD's Continuum of Care Program awarded approximately $3.16 billion in FY2023 to more than 7,000 projects. ESG distributed $375 million. The compliance load is real.


Commingling federal ESG with state housing funds is an audit finding that can trigger repayment demands and loss of future HUD funding. The reconciliation needs to be continuous, not deadline-driven.


#homelessshelters #hudgrants #esg #grantcompliance",https://www.linkedin.com/feed/update/urn:li:activity:7456767789425684481,Organic,,Angel Campa,05/03/2026,,,All followers,67.0,,,0.0,0.0,0.0,0.0,0.0,,0.0,
"Neon CRM handles donors, members, and event registration in one platform — a fit for organizations running fundraising galas, membership drives, and giving days simultaneously.


What it does not include: grant lifecycle management or restricted fund compliance. Organizations receiving federal or foundation grants with restricted funds typically run a second system or spreadsheet alongside Neon to cover the gap.


Pricing is custom. Every quote requires a demo first, and the modular NeonOne add-ons (Fundraise, Giving Days, Websites) push total cost higher than the base CRM line item suggests.


The Omatic 2025 Nonprofit Integration Report found nearly half of nonprofits are considering a CRM switch in the next 12 months — driven by feature gaps and growth, not cost.


If the compliance burden is restricted grants rather than membership renewal, a unified donor-plus-grant platform avoids the second-system problem entirely.


#nonprofitcrm #neoncrm #grantmanagement #restrictedfunds",https://www.linkedin.com/feed/update/urn:li:activity:7456746650108272641,Organic,,Angel Campa,05/03/2026,,,All followers,22.0,,,0.0,0.0,0.0,0.0,0.0,,0.0,
"The de minimis indirect cost rate is 15% of MTDC, raised from 10% by the 2024 Uniform Guidance revision under 2 CFR 200.414(f).


Eligible nonprofits — those that have never received a federally negotiated indirect cost rate — can claim it on federal awards without going through NICRA negotiation.


Two facts that get organizations into trouble.


First, the base is Modified Total Direct Costs, not total direct costs. MTDC excludes equipment, capital expenditures, participant support, and sub-award amounts above $50,000 per subcontract. Applying 15% to the full budget is a recurring audit finding.


Second, once a NICRA is executed, there is no return to de minimis — even after the NICRA period closes.


Urban Institute analysis of Form 990 data found roughly 25% of eligible nonprofits claim no indirect cost recovery at all. That is real money left unrecovered.


#indirectcosts #deminimis #grantcompliance #2cfr200",https://www.linkedin.com/feed/update/urn:li:activity:7456725510811762688,Organic,,Angel Campa,05/03/2026,,,All followers,120.0,,,0.0,0.0,0.0,0.0,0.0,,0.0,
"The SF-SAC has two certifications, and missing either one keeps the submission in draft.


Step seven of the Single Audit Data Collection Form workflow at fac.gov: the auditee certifies the submission is accurate and complete, then the auditor separately certifies the audit findings.


Neither party can submit unilaterally. A form sitting at one signature is not filed, even if every field is complete and the reporting package uploaded cleanly.


Deadline pressure compounds this. The SF-SAC is due 30 days after the auditor's report or 9 months after fiscal year-end, whichever is earlier. Late filings affect low-risk auditee status under 2 CFR 200.520 in subsequent years.


Confirm both certifications cleared before treating an SF-SAC as submitted. Download the FAC confirmation PDF and retain it in the audit binder.


#singleaudit #sfsac #grantcompliance #federalaudit",https://www.linkedin.com/feed/update/urn:li:activity:7456704371922345984,Organic,,Angel Campa,05/03/2026,,,All followers,36.0,,,0.0,0.0,0.0,0.0,0.0,,0.0,
"Myth: eCivis is the obvious choice once a nonprofit grows past spreadsheets.


Reality: eCivis was built for state and local government agencies managing federal pass-throughs at scale. Nonprofits are a secondary market, and pricing reflects that.


G2 and Capterra reviewers report annual costs of $25,000 to $75,000+ for nonprofit-tier deployments. Implementation fees add another $10,000 to $30,000 in year one. Data migration and integration with Sage Intacct or QuickBooks layer on top.


For a nonprofit processing $3M with 10-15 active federal awards, year-one totals land between $47,000 and $90,000.


The fit makes sense above $10M in federal expenditures with multiple subrecipients. Below that, the cost structure buys enterprise-scale software for mid-market needs.


#grantmanagement #ecivis #nonprofitsoftware #pricing",https://www.linkedin.com/feed/update/urn:li:activity:7456683228016406528,Organic,,Angel Campa,05/03/2026,,,All followers,58.0,,,0.0,0.0,0.0,0.0,0.0,,0.0,
"A $50,000 grant with $10,000 in compliance overhead is a $40,000 net grant.


The Nonprofit Finance Fund coined ""net grant"" to quantify what most grants managers already know: compliance costs eat roughly 20% of every award.


The median nonprofit spends 6-8 hours per grant per year on reporting alone, with cumulative effort reaching 30+ hours over a grant's life.


Outsourced compliance consultants charge $132-$159/hour. For a small nonprofit, 10-20 hours of monthly help runs $18,000-$36,000 a year — sums that rival individual awards.


42% of non-government funders cap indirect costs at 10% or less while actual overhead runs 25-35%. That gap is why 36% of nonprofits ended FY2024 in deficit.


GrantPipe automates the reporting workflows that consume those hours so more of each grant reaches the mission.


#grantcompliance #nonprofitfinance #netgrant #indirectcosts",https://www.linkedin.com/feed/update/urn:li:activity:7456662093010907136,Organic,,Angel Campa,05/03/2026,,,All followers,31.0,,,0.0,0.0,0.0,0.0,0.0,,0.0,
"Approximately 30% of nonprofits with revenues over $1M operate more than one related legal entity per IRS Statistics of Income data.


The single-database problem: running a 501(c)(3), a 501(c)(4), and a related private foundation in one CRM workspace forces all entity data into a shared environment with manual tags as the only separation. A staff member with access to charity data can see advocacy data because they share a workspace. Compliance calendars merge into one list.


The legal separation exists for regulatory reasons. The data separation should match.


Multi-entity consolidation in GrantPipe gives each legal entity an isolated workspace with its own donor records, grant portfolio, restricted fund ledgers, and compliance calendar. Roles are assigned independently per entity — a user can be Editor on the 501(c)(3) and have no access to the 501(c)(4).


Rollup reporting spans authorized entities with intercompany elimination. When the foundation grants to the operating charity, that transaction appears as revenue and expense in separate workspaces and is netted in the consolidated view, matching FASB ASC 958-810 treatment.


Multi-entity nonprofit structures incur an estimated 40% higher compliance administration cost than single-entity peers per the Nonprofit Finance Fund 2024 State of the Sector. The tooling should reduce that gap, not widen it.


#multientity #nonprofitfinance #fasb #consolidation",https://www.linkedin.com/feed/update/urn:li:activity:7456511098016493568,Organic,,Angel Campa,05/03/2026,,,All followers,40.0,,,0.0,0.0,0.0,0.0,0.0,,0.0,
"A question for executive directors at $500K-$10M nonprofits: how long does board prep currently take, and how many systems does the staff touch to assemble the packet?

The pattern is consistent. Revenue year-to-date comes from QuickBooks. Pipeline status comes from a CRM or a spreadsheet. Retention metrics come from a different report. Restricted fund balances come from QuickBooks classes if they exist or a spreadsheet if they do not. Compliance deadlines live in Outlook or one staff member's head.

When each number reconciles differently, assembling a packet that holds up under board scrutiny takes a full week. The ED often does it personally because no one else has context across every system.

Mid-sized nonprofits spend an average of 20 to 30 percent of staff time on compliance data entry across at least 12 different reporting systems per the Center for an Urban Future January 2023 research.

Organizations that compress board prep from a week to an afternoon do it the same way: one system holding donor, grant, restricted fund, and compliance data, with reports generated from live data rather than assembled the night before.

What did board prep look like at your organization last quarter — full week or full afternoon?",https://www.linkedin.com/feed/update/urn:li:activity:7456489958762180608,Organic,,Angel Campa,05/02/2026,,,All followers,159.0,,,0.0,0.0,0.0,0.0,0.0,,0.0,
"Bloomerang starts at $125/month. Little Green Light starts at $39/month. Neither manages grants.


Little Green Light is the budget choice for small nonprofits that need a basic donor database — contacts, gifts, pledges, and basic reports. Setup runs 1-3 days. Reporting depth is shallow.


Bloomerang is the mid-tier upgrade. The retention dashboard surfaces at-risk donors, which most nonprofit CRMs ignore entirely. Pricing scales with record count to $249/month. Setup runs 1-2 weeks.


Only 33.3% of nonprofits rate their CRM as effective per the 2025 Fifty & Fifty Nonprofit Peer Report. 46.5% call it neutral. 20.1% call it ineffective.


The shared limitation: neither platform tracks restricted fund expenditures against grant budgets, produces audit-ready compliance reports, or handles the post-award grant lifecycle. Organizations receiving grants run grant management in spreadsheets alongside the CRM and reconcile manually each month.


Choose Little Green Light if budget dominates and the work is donor-only. Choose Bloomerang if retention analytics drive strategy. Choose neither if grants represent more than 20% of revenue — the spreadsheet workaround compounds quickly.


#nonprofitcrm #bloomerang #littlegreenlight #grantmanagement",https://www.linkedin.com/feed/update/urn:li:activity:7456447680135872512,Organic,,Angel Campa,05/02/2026,,,All followers,35.0,,,0.0,0.0,0.0,0.0,0.0,,0.0,
"A loaded hourly rate calculation: annual salary divided by 2,080 hours, multiplied by 1.30 for benefits and payroll tax. A $60,000 finance coordinator costs the organization roughly $37.50 per hour.


If that coordinator spends 10 hours a week on grant reconciliation, funder report assembly, and audit prep, the annual cost is about $19,500. Add the development director's hours, the finance director's audit-prep weekends, and the program staff time on coordination, and the true compliance cost is rarely under $40,000 annually for a $2M-budget nonprofit.


Most finance directors report only the dedicated compliance hours. They miss the funder calls explaining discrepancies, the weekend before audit fieldwork, and the hours answering the development director's questions about fund balances.


GrantPipe published a free Grant Software ROI Calculator that walks through current compliance cost, risk-adjusted error cost, software investment, and a board-ready three-year net benefit summary.


Numbers, not vibes — that is how this decision should be made.


#grantcompliance #nonprofitfinance #softwareroi #boardreporting",https://www.linkedin.com/feed/update/urn:li:activity:7456426540801626112,Organic,,Angel Campa,05/02/2026,,,All followers,87.0,,,1.0,0.01149425283074379,1.0,0.0,0.0,,0.02298850566148758,
"The National Endowment for the Arts awarded $147 million in fiscal year 2023. State arts agencies collectively distribute around $500 million annually through state appropriations and NEA grants-to-states.


Arts organizations face a compliance challenge that most nonprofit categories do not: they generate earned revenue. Ticket sales, tuition, facility rentals, and merchandise mix with grant revenue in the operating budget, creating restricted fund separation problems that general-purpose accounting tools handle poorly.


NEA Art Works grants require a final performance report capturing total attendance, demographic data on audiences and artists served, educational programming hours, and geographic reach — separate from the financial report.


State arts agency grants run on each state's fiscal calendar. An organization with a calendar fiscal year, an NEA direct grant on January-December, and a state grant on July-June is managing three different fiscal periods at year-end.


The result: attendance data sits in a program system, financial data sits in accounting software, and connecting them at year-end is a manual exercise that introduces errors and consumes staff time.


36% of nonprofits ended FY2024 with an operating deficit. Arts organizations cannot afford reporting overhead that does not produce funder-ready output.


#artsadmin #neagrants #grantcompliance #culturalnonprofits",https://www.linkedin.com/feed/update/urn:li:activity:7456405401534705664,Organic,,Angel Campa,05/02/2026,,,All followers,61.0,,,0.0,0.0,1.0,0.0,0.0,,0.016393441706895828,
"Donorbox at $300,000/year in donations costs $5,250 in platform fees alone. At $400,000/year it costs $7,000.


The free tier is genuinely free — no monthly subscription. The 1.75% platform fee is deducted from each donation. Donorbox Pro at $199/month waives the fee on the first $1,000/month of donations.


What Donorbox does well: embeddable donation forms deploy in hours, recurring gift management with a donor-facing portal for payment updates, and zero setup friction for organizations without a software budget.


What it does not do at any tier: full donor CRM with moves management, major gift officer assignment, restricted fund tracking, or grant lifecycle management. Donorbox Pro adds basic CRM features, but they remain shallow relative to purpose-built CRMs.


Donorbox has processed over $2 billion across 50,000+ nonprofits. The product is good at what it does. The problem is total cost of ownership shifts as donation volume grows past roughly $200,000 annually, where the fee model starts crossing the cost of a dedicated CRM with grant compliance built in.


The break-even calculation is rarely run until the organization is already past it.


#donorbox #nonprofitcrm #fundraising #donormanagement",https://www.linkedin.com/feed/update/urn:li:activity:7456384262251061249,Organic,,Angel Campa,05/02/2026,,,All followers,34.0,,,0.0,0.0,1.0,1.0,0.0,,0.05882352963089943,
"Schedule A is the Form 990 attachment where 501(c)(3) organizations prove they qualify as a public charity under IRC Section 509(a).


The most common path is Section 509(a)(1) combined with Section 170(b)(1)(A)(vi): at least 33.33% of total support over a rolling five-year window must come from public sources.


The 2% cap is where concentrated donor bases get hurt. Contributions from any single source that exceed 2% of total five-year support are capped at the 2% level in the public support numerator. Excess counts in the denominator only.


Program service revenue and investment income count in the denominator (total support) but not in the numerator (public support).


Fail both the one-third test and the 10% facts-and-circumstances test for two consecutive years and the IRS reclassifies the organization as a private foundation by operation of law — triggering the 1.39% excise tax under IRC Section 4940, the 5% minimum distribution requirement, and Form 990-PF filing.


About 100,000 private foundations file Form 990-PF annually compared to 1.5 million public charities. The math behind that ratio runs through Schedule A.


#form990 #publiccharity #scheduleA #nonprofitfinance",https://www.linkedin.com/feed/update/urn:li:activity:7456363122992451585,Organic,,Angel Campa,05/02/2026,,,All followers,19.0,,,0.0,0.0,0.0,0.0,0.0,,0.0,
"Address loan and loan guarantee programs separately on the SEFA.


Federal loans get specialized SEFA treatment under 2 CFR 200.502. The outstanding balance at year-end plus new loans received during the year is typically reportable, not just current-year cash receipts.


This applies to PPP loans, SBA programs, USDA rural development loans, and similar federal lending. Organizations treating these as cash transactions on the SEFA understate program expenditures.


The reportable figure has three components in most cases: prior-year outstanding loan balance carried forward, new principal disbursed during the fiscal year, and any forgiven amounts recognized in the current period.


Consult 2 CFR 200.502 and the auditor before finalizing the schedule. Loan reporting rules vary by program type, and the OMB Compliance Supplement clarifies treatment for the largest federal lending programs each year.


Organizations with any federal loan activity should confirm treatment before SEFA delivery to the auditor — getting it wrong on a loan line can shift major-program determination.


#singleaudit #sefa #grantcompliance #federalgrants",https://www.linkedin.com/feed/update/urn:li:activity:7456341983729635328,Organic,,Angel Campa,05/02/2026,,,All followers,22.0,,,0.0,0.0,0.0,0.0,0.0,,0.0,
"Myth: DonorPerfect handles grant compliance because it has a grant tracking module.


DonorPerfect's grant features cover deadline reminders, fund records, and grant status fields. That is calendar tracking, not compliance.


What it does not cover: tracking actual expenditures against approved grant budget lines, flagging over-expenditure on restricted funds, or producing audit-ready reports showing funders how restricted dollars were spent.


Organizations receiving federal grants or multi-year restricted foundation grants typically run compliance documentation in a second system — usually a spreadsheet or the accounting platform — alongside DonorPerfect.


DonorPerfect reports 93% customer retention and a 13-year average tenure. Those numbers reflect mature donor management, not grant compliance depth.


The myth comes from conflating ""grant tracking"" (knowing when a report is due) with ""grant compliance"" (proving how every dollar was spent against an approved budget). They are different jobs.


Audit your grant tools by asking: can it produce a funder financial report from system data alone, or does staff rebuild it in Excel each cycle?


#grantcompliance #nonprofittech #donorperfect #restrictedfunds",https://www.linkedin.com/feed/update/urn:li:activity:7456320844596801536,Organic,,Angel Campa,05/02/2026,,,All followers,20.0,,,0.0,0.0,0.0,0.0,0.0,,0.0,
"The micro-purchase threshold under 2 CFR 200.320(a)(1) is $10,000. The simplified acquisition threshold is $250,000.


Purchases between $10,001 and $250,000 require price or rate quotations from an adequate number of qualified sources — generally two to three, documented and retained.


Purchases above $250,000 require sealed bids or competitive proposals depending on contract type. Construction and commodities use sealed bids; professional services use competitive proposals.


The anti-fragmentation rule in 2 CFR 200.323 prohibits splitting a $500,000 project into five $100,000 purchases to dodge the threshold.


Procurement noncompliance is one of the most cited categories in the OMB 2024 Compliance Supplement. Purchases above $25,000 also require a SAM.gov debarment check before award.


Organizations whose written procurement policies were last updated before the 2024 Uniform Guidance revision are likely citing stale figures. GrantPipe maintains the procurement audit trail at transaction level so testing is a query, not a reconstruction.


#grantcompliance #uniformguidance #procurement #2cfr200",https://www.linkedin.com/feed/update/urn:li:activity:7456299700867121152,Organic,,Angel Campa,05/02/2026,,,All followers,2.0,,,0.0,0.0,0.0,0.0,0.0,,0.0,
"The board asks: how much of the Smith Foundation grant is left.


Most nonprofits answer that question by exporting two reports, opening a spreadsheet, and reconciling for 20 minutes. The number is stale before the meeting starts.


Restricted fund tracking in GrantPipe attaches a ledger to each grant and donor restriction. Every disbursement posts against the correct restriction at the time it is recorded. The balance owed to the funder is the same number reported to the board.


Net asset releases follow FASB ASC 958 categories. Released-from-restriction journal entries are produced from the same data, not built by hand.


The spend-down report is a query on live data. Open it during the board meeting and the number is current.


This is what makes restricted funds a system of record problem instead of a monthly reconciliation problem.


See how it works at grantpipe.com.


#restrictedfunds #nonprofitfinance #grantcompliance #fasb958",https://www.linkedin.com/feed/update/urn:li:activity:7456148710192881664,Organic,,Angel Campa,05/02/2026,,,All followers,5.0,,,0.0,0.0,0.0,0.0,0.0,,0.0,
"A $3M nonprofit typically runs Bloomerang for donors, QuickBooks Online for accounting, a spreadsheet for grants, Google Workspace for documents, and a separate payroll system.


That stack is normal. It is also where the operations manager's week disappears.


The role's effectiveness correlates almost perfectly with the fragmentation of the toolset the staff uses. Every extra system is another integration, another vendor renewal, another set of permissions, another place audit evidence might live.


The question for ops managers reading this: if you wrote down every system the development, finance, and program teams touch in a normal week, how many show up?


For most $500K to $10M nonprofits the count lands between 8 and 14.


What is the one consolidation that would actually free up the most time — not the most license cost, the most time?


#nonprofitoperations #saas #toolfragmentation",https://www.linkedin.com/feed/update/urn:li:activity:7456127570942619648,Organic,,Angel Campa,05/01/2026,,,All followers,89.0,,,1.0,0.01123595517128706,1.0,0.0,0.0,,0.02247191034257412,
"Givebutter and GrantPipe solve different problems. Putting them head to head only makes sense once you know which problem you actually have.


Givebutter is a fundraising-page tool with a free starting tier. Solid peer-to-peer, event ticketing, embeddable donation forms. The CRM piece is essentially gift record keeping. No grant management, no restricted-fund tracking at any tier — including the paid tiers that start at $29/mo.


GrantPipe runs $99 to $499/mo and bundles donor CRM with grant compliance and restricted-fund tracking in one record set.


The decision is not about features. It is about stage.


If the organization is early, primarily event- and campaign-funded, and has no active grant portfolio, Givebutter's free tier is the right call. Pay for tools you need.


Once there are active grants, restricted-fund obligations, or a board asking for a release-from-restriction report, a fundraising-page tool stops being the right tool. The reconciliation work between Givebutter and a separate grant tracker eats the savings.


#nonprofitsoftware #donormanagement #grantmanagement",https://www.linkedin.com/feed/update/urn:li:activity:7456085292232507392,Organic,,Angel Campa,05/01/2026,,,All followers,39.0,,,0.0,0.0,0.0,0.0,0.0,,0.0,
"A grant that projects $40,000 unspent with two months remaining is not a financial planning problem. It is a compliance problem that requires action now.


A spend-down tracker answers one question per active award: given what has been spent and when the period ends, are we on pace to use the full award correctly?


The structure is straightforward. One worksheet per grant. Budget vs actual by allowable cost category. Monthly burn rate. Projected end-of-award balance based on current pace. A decision framework for low burn rate situations — accelerate eligible expenditures, request a no-cost extension, or rebudget within funder rules.


The point is not the spreadsheet. The point is catching underspend in month 9 instead of month 11 of a 12-month award, when the options are still real.


The Grant Spend-Down Tracker is a free download. PDF with the template structure and the decision framework.


https://lnkd.in/eC648Hem


#grantcompliance #nonprofitfinance #spenddown #federalgrants",https://www.linkedin.com/feed/update/urn:li:activity:7456064152944652288,Organic,,Angel Campa,05/01/2026,,,All followers,85.0,,,0.0,0.0,0.0,0.0,0.0,,0.0,
"A mature Federally Qualified Health Center typically manages 15 to 20 simultaneous federal and state awards.


The base HRSA Section 330 grant. HRSA supplemental awards. Ryan White HIV/AIDS program grants across multiple Parts. CDC prevention grants. State health department contracts.


Each award has distinct allowable cost categories, reporting calendars, and matching requirements. HRSA's Uniform Data System reporting intersects with financial compliance, so program data and expenditure data have to reconcile across systems that were never built to talk to each other.


Most donor CRMs cannot support the expenditure coding this requires. Most general accounting systems cannot model funder restrictions in a way that produces a clean spend-down report.


The result at most FQHCs: a finance team running parallel spreadsheets for grant tracking, drawdowns, and UDS-aligned program metrics, reconciled by hand at month-end.


The compliance environment is not getting simpler. The toolset has to.


#fqhc #healthcarenonprofits #hrsa #grantcompliance",https://www.linkedin.com/feed/update/urn:li:activity:7456043013740462080,Organic,,Angel Campa,05/01/2026,,,All followers,47.0,,,0.0,0.0,0.0,0.0,0.0,,0.0,
"Bloomerang is a well-designed donor CRM. The retention analytics, constituent timeline, and lapse-tracking tools were built around a real insight: nonprofits lose nearly half their donors every year, and retention is where development economics get solved.


For donor work, the product knows what it is.


The breakdown happens when the same development director managing Bloomerang also manages 3 or more active grants with restricted-fund obligations.


Bloomerang's grant fields are essentially custom fields on a constituent record. They cannot model the funder reporting calendar, restricted-fund balances, allowable cost categories, or the conditional revenue recognition that ASC 958-605 requires.


The choice at that point is binary. Add a separate grant compliance tool and pay for two systems that do not share data. Or move to a platform that handles both donors and grants in one record set.


The two-tool path looks cheaper for about six months. After that, the manual reconciliation between systems usually costs more than either subscription.


#nonprofitsoftware #donorcrm #grantmanagement",https://www.linkedin.com/feed/update/urn:li:activity:7456021874360283136,Organic,,Angel Campa,05/01/2026,,,All followers,24.0,,,0.0,0.0,0.0,0.0,0.0,,0.0,
"Questioned costs.


Defined at 2 CFR 200.516, a questioned cost is an expenditure flagged during a single audit because it appears unallowable, unsupported, or unreasonable.


Three categories. Unallowable: violates statute, regulation, or terms of the award. Unsupported: missing documentation. Unreasonable: exceeds what a prudent person would incur in similar circumstances.


The reporting threshold is $25,000 per federal program. When questioned costs attributable to a single program exceed that, they are listed in the Schedule of Findings and Questioned Costs.


Two examples that show up frequently. An auditor finds $32,000 in payroll charged to a federal award without time-and-effort documentation — reported as unsupported, exceeds threshold. A nonprofit charges $18,000 in alcohol-related catering to a training grant — unallowable, under threshold, still disclosed.


Questioned costs are not automatic disallowances. The pass-through entity or federal agency makes the final determination. The audit just flags them.


#singleaudit #grantcompliance #2cfr200 #federalgrants",https://www.linkedin.com/feed/update/urn:li:activity:7456000735202201601,Organic,,Angel Campa,05/01/2026,,,All followers,41.0,,,0.0,0.0,1.0,2.0,0.0,,0.0731707289814949,
"For advance federal awards, interest earned above $500 per year across all awards must be remitted annually to HHS PSC under 2 CFR 200.305(b)(9).


Most mid-sized nonprofits never compute this until the auditor asks.


Steps 5 and 6 of a monthly grant drawdown reconciliation handle it cleanly.


Step 5: calculate interest on advance balances. Pull the average daily cash balance for each advance award, apply the operating account interest rate, accumulate the monthly figure. Twelve clean monthly numbers turn the annual remittance into addition.


Step 6: document variances and reclassifications. If a draw exceeded expenditures, write down whether it was a timing difference, an accrual, or an overdraw requiring return. If expenditures exceeded draws, plan the next draw to close the gap. Every variance gets a written explanation filed with the reconciliation.


Monthly cadence catches errors while they are still fixable. It also makes the quarterly Federal Financial Report a 30-minute task instead of a fire drill.


#grantcompliance #federalgrants #nonprofitfinance #drawdown",https://www.linkedin.com/feed/update/urn:li:activity:7455979595805331456,Organic,,Angel Campa,05/01/2026,,,All followers,172.0,,,0.0,0.0,0.0,0.0,0.0,,0.0,
"Program service revenue is not unrelated business income.


This is where mid-sized nonprofits over-file Form 990-T and pay UBIT they do not owe.


Program service revenue is income earned from activities substantially related to the exempt purpose. A health center charging sliding-scale fees is program service revenue. A literacy nonprofit selling workbooks tied to its curriculum is program service revenue.


Earning it does not jeopardize tax-exempt status. The risk only appears when an activity stops being substantially related and starts looking commercial in scope and substance.


Excessive unrelated commercial activity raises private benefit and inurement concerns, which is a separate analysis from whether the revenue itself is taxable.


The practical test: review activities annually against the exempt purpose stated in your determination letter. Document the connection. Keep that memo with the 990 workpapers.


#nonprofitfinance #form990 #ubit #taxexempt",https://www.linkedin.com/feed/update/urn:li:activity:7455958456538267648,Organic,,Angel Campa,05/01/2026,,,All followers,25.0,,,0.0,0.0,0.0,0.0,0.0,,0.0,
"Program service revenue is not unrelated business income.
 This is where mid-sized nonprofits over-file Form 990-T and pay UBIT they do not owe.
 Program service revenue is income earned from activities substantially related to the exempt purpose. A health center charging sliding-scale fees is program service revenue. A literacy nonprofit selling workbooks tied to its curriculum is program service revenue.
 Earning it does not jeopardize tax-exempt status. The risk only appears when an activity stops being substantially related and starts looking commercial in scope and substance.
 Excessive unrelated commercial activity raises private benefit and inurement concerns, which is a separate analysis from whether the revenue itself is taxable.
 The practical test: review activities annually against the exempt purpose stated in your determination letter. Document the connection. Keep that memo with the 990 workpapers.",https://www.linkedin.com/feed/update/urn:li:activity:7455958456517304322,Organic,,Angel Campa,05/01/2026,,,All followers,22.0,,,0.0,0.0,0.0,0.0,0.0,,0.0,
"The 2024 Uniform Guidance revision raised the federal single audit threshold to $1,000,000 in federal expenditures.


That change pulled smaller cost-reimbursement awardees out of single-audit scope, but it did not change how revenue gets recognized.


FASB ASU 2018-08 still governs the two tests for grant revenue under ASC 958-605: contribution vs exchange, then conditional vs unconditional.


Cost-reimbursement federal awards are typically conditional contributions. Revenue is recognized only as allowable costs are incurred, not when the award letter arrives.


Finance teams that book the full award upfront overstate revenue and end up restating it during audit fieldwork.


If your grant ledger does not match your expenditure schedule line for line, the conditional accounting is breaking somewhere.


GrantPipe attaches a ledger to each award so revenue recognition tracks expenditures automatically.


#grantcompliance #nonprofitfinance #asc958 #singleaudit",https://www.linkedin.com/feed/update/urn:li:activity:7455937317288046592,Organic,,Angel Campa,05/01/2026,,,All followers,18.0,,,0.0,0.0,0.0,0.0,0.0,,0.0,
"Under 2 CFR 200.430, payroll charges to federal awards must be supported by after-the-fact records reflecting actual time worked — not budget percentages. Personnel costs are 65-75% of expenditures on most human services awards and the largest single category of disallowed costs in federal Single Audits.


The two-system problem is where this falls apart. Payroll runs in ADP or QuickBooks. The grants manager keeps a salary allocation spreadsheet. Finance posts journal entries to move costs from a general payroll account to grant-specific accounts. The time-and-effort certifications are PDFs in a shared folder. At audit time, the auditor wants three things lined up — the certification, the allocation entry matching the certification, and the payroll register confirming gross pay. Reconciling three sources for every employee, every month, every award, is the manual work that consumes days and still leaves gaps.


The most common finding is allocation percentages that do not match the certified time — usually because the allocation was entered at budget percentages instead of certified ones. The second most common is late certifications signed more than 30 days after period end. Both create dollar-for-dollar repayment exposure.


GrantPipe records salary and fringe allocations directly to grant ledgers per pay period, links each entry to the corresponding time-and-effort certification, flags percentage mismatches before audit, and supports CSV imports from ADP, Paychex, and QuickBooks Payroll.


#payrollallocation #2cfr200430 #grantcompliance #federalgrants",https://www.linkedin.com/feed/update/urn:li:activity:7455786322314760194,Organic,,Angel Campa,05/01/2026,,,All followers,282.0,,,0.0,0.0,0.0,0.0,0.0,,0.0,
"Program directors own program outcomes and the budget that funds them — usually with no formal finance training and no purpose-built tool for the budget-to-delivery connection.


The standard setup at mid-sized nonprofits: program budget in Excel built from the award template, actuals in QuickBooks, reconciliation once a month if someone has time. When a program director approves a subrecipient invoice or authorizes a venue deposit, there is no live check against the remaining budget line. The check happens 30 days later, by which point the overage is booked.


Cost disallowance was named one of the five most common Single Audit findings in the GAO's April 2024 analysis (GAO-24-106173), contributing to the 17% of federal spending linked to severe findings. The Center for Effective Philanthropy puts reporting alone at 6 to 8 hours per grant per year. Multiply by 10 to 20 active grants and a program director loses one to two weeks annually to report assembly.


Question for the program directors and grants managers reading this: when you approve a vendor invoice, can you see the remaining balance on that grant's budget line right then, or do you find out at month-end. Does the disconnect between program tracking and the GL ever surface a 70%-consumed warning early enough to actually file a budget modification.


#programmanagement #grantcompliance #nonprofitoperations #budgetmanagement",https://www.linkedin.com/feed/update/urn:li:activity:7455765183026733056,Organic,,Angel Campa,04/30/2026,,,All followers,90.0,,,0.0,0.0,0.0,0.0,0.0,,0.0,
"Bloomerang at $125-$249 per month versus Keela at $99-$299 per month. Both target the under-$300 mid-market. Both ship modern donor CRMs. Neither handles grant compliance.


Bloomerang wins on donor retention analytics — the lapse-risk dashboard and donor timeline are the most developed in this tier. Keela wins narrowly on grant tracking because Bloomerang has none and Keela has a basic module covering funder records, grant amounts, status, and deadline reminders. Basic, not compliance-grade.


For an Executive Director who signs a federal grant agreement, that distinction is the whole game. The ED takes on personal accountability for fund separation and compliance reporting under the agreement. Neither platform tracks restricted fund balances by budget category. Neither produces budget-versus-actual against approved grant line items. Neither generates compliance documentation that survives a Single Audit.


Three-year cost on 2,500 contacts is roughly $6,120 for Bloomerang and $5,400 for Keela, both scaling with contact volume. Add a separate grant tool for compliance and the gap closes against any unified option.


The Fifty & Fifty 2025 Nonprofit Peer Report found only 33.3% of nonprofits rate their CRM as effective. The unsatisfied 66.7% are usually managing problems their CRM was not built to solve.


If donors are the entire universe — Bloomerang. If grants are part of it — neither, by themselves.


#nonprofitcrm #bloomerang #keela #executivedirector",https://www.linkedin.com/feed/update/urn:li:activity:7455722904496930817,Organic,,Angel Campa,04/30/2026,,,All followers,37.0,,,0.0,0.0,0.0,0.0,0.0,,0.0,
"Federal grant closeout is not a single event. It starts 90 days before the period of performance ends and continues for 3 to 7 years after the grant formally closes.


The 90-day mark is for budget-versus-actual review, no-cost extension decisions, and subrecipient closeout planning. The 30-day mark is for equipment review (capitalization threshold $10,000 under 2 CFR 200.313), unspent funds calculation, and the final obligation lock. The final week is for expenditure lock and reconciliation to the dollar against the accounting system.


Post-period, the final SF-425 is due within 120 calendar days for most agencies, 90 days for some HUD programs. The cumulative federal expenditures on that report must match the GL exactly. A discrepancy is an audit finding.


Record retention under 2 CFR 200.334 is 3 years from the date of final expenditure report submission — not from the period end date. USDA and HUD programs commonly require 7 years. Records involved in pending audits, litigation, or claims must be retained until the matter resolves.


Free download — the Grant Closeout Checklist walks through every phase from 90 days out to post-closeout file archiving and staff debrief: https://lnkd.in/eYa_P6JA


#grantcloseout #2cfr200 #federalgrants #grantcompliance",https://www.linkedin.com/feed/update/urn:li:activity:7455701765099958272,Organic,,Angel Campa,04/30/2026,,,All followers,50.0,,,0.0,0.0,0.0,0.0,0.0,,0.0,
"A church that receives a USDA Community Food Projects grant cannot spend a single grant dollar on worship services, religious instruction, or staff time supporting religious activities — even if the food pantry runs out of the same building.


Federal funding requires documented separation between grant-funded secular programs and religious activity. That means tracking personnel time by grant-funded versus religious duties, allocating facility costs proportionally, and documenting that grant participants were not required to participate in religious activities. Reconstructed records at audit time do not satisfy the standard.


The data structure most congregations already use makes this harder than it looks. Building Fund, Missions Fund, General Fund, and youth program designations are restricted in the church's internal sense. They are not the same as grant restriction. Commingling a federal award into the General Fund creates Form 990 reporting errors and audit exposure.


There are roughly 380,000 religious congregations in the U.S. with combined annual revenue of $100-$120 billion (Duke National Congregations Study). Faith-based organizations account for about 32% of all U.S. charitable giving (Giving USA 2023). FEMA Public Assistance, USDA Community Food Projects, and historic preservation grants are the most common federal entry points.


The compliance fix is fund separation enforced at the transaction level — not a tag retroactively applied to a journal entry someone already posted to the wrong account.


#churchaccounting #fundaccounting #faithbasednonprofits #federalgrants",https://www.linkedin.com/feed/update/urn:li:activity:7455680625832964098,Organic,,Angel Campa,04/30/2026,,,All followers,89.0,,,0.0,0.0,0.0,0.0,0.0,,0.0,
"Bloomerang Standard runs $125 per month for up to 1,000 records and Pro runs $249 per month for up to 5,000. Capterra puts it at 4.66 out of 5 across more than 1,286 reviews — second highest in the nonprofit CRM category.


The product earns those numbers honestly on the donor side. The retention dashboard, lapse-risk indicators, and donor timeline are the most developed in the under-$300 tier. Development staff coming off spreadsheets find it intuitive on day one.


The gap is grants. Bloomerang has no grant lifecycle module — not a thin one, a complete absence. No restricted fund tracking, no budget-versus-actual against grant line items, no compliance report generation. An organization that wins a $500,000 federal grant cannot model where the restricted dollars go inside Bloomerang.


The result for grant-receiving nonprofits is a parallel system: Bloomerang for donors, a spreadsheet or standalone tracker for grants. Duplicate entry, manual reconciliation, and compliance records that drift away from CRM records by month six.


The honest evaluation question is whether the organization is donor-funded or grant-funded. Donor-funded under $5M with no restricted grant exposure — Bloomerang is a strong choice. Grant-receiving with three or more active awards — the parallel-system tax becomes the actual cost.


Per-record pricing also keeps climbing as the database grows.


#bloomerang #nonprofitcrm #grantmanagement #donormanagement",https://www.linkedin.com/feed/update/urn:li:activity:7455659486519861248,Organic,,Angel Campa,04/30/2026,,,All followers,11.0,,,0.0,0.0,0.0,0.0,0.0,,0.0,
"The Unique Entity Identifier is a 12-character alphanumeric code assigned by SAM.gov. It replaced DUNS effective April 4, 2022.


Without an active UEI and current SAM.gov registration, a federal grant recipient cannot draw funds — even on an award already in flight. SAM.gov registration is valid for 12 months. There is no grace period. A registration that lapses on Tuesday halts payments on Wednesday.


The UEI is not the EIN. The EIN is the IRS tax identifier. The UEI is the SAM.gov procurement and grants identifier. Both are required, both go on federal applications, and they are different numbers stored in different systems.


Domestic activation runs 7 to 14 business days, with IRS verification typically the bottleneck. Renewal reminders go out 60 days before expiration. The recommended practice is to start renewal on the first reminder, not the last one.


Pass-through entities have a separate obligation under 2 CFR 200.332: collect the subrecipient's UEI before executing any sub-award and check the SAM.gov exclusions list. If the subrecipient is not registered, the pass-through cannot legally execute the agreement.


Registration lapses are among the top five administrative reasons OMB cites for delayed grant drawdowns. The fix is calendar discipline, not a software purchase.


#uei #samgov #federalgrants #grantcompliance",https://www.linkedin.com/feed/update/urn:li:activity:7455638347227500544,Organic,,Angel Campa,04/30/2026,,,All followers,6.0,,,0.0,0.0,0.0,0.0,0.0,,0.0,
"Step 4 of responding to a Single Audit finding: draft the Corrective Action Plan with all five required elements under 2 CFR 200.511(c).


The five elements are the finding reference number, the auditee's position (agree or disagree), the specific corrective action, the named responsible party with title, and the target completion date. Vague language like ""management will strengthen controls"" is not acceptable and produces a follow-up letter from the awarding agency.


Step 5 is committing realistic timelines. Aggressive but achievable — typically 30 to 180 days depending on complexity. A policy update closes in 30. A system implementation may need 180. Missed CAP deadlines become a finding in the next year's audit, which is how organizations end up in repeat-finding territory.


The package is due the earlier of 30 days after the auditor's report or nine months after fiscal year-end, per 2 CFR 200.512(a)(1). The CAP is part of that package and travels with the report to the Federal Audit Clearinghouse at harvester.census.gov.


A strong CAP reads like a project plan, not a compliance document. ""The CFO will update the procurement policy by May 31, circulate it with attestations, and present completed attestations to the audit committee at the June meeting"" is what auditors and program officers want to see.


#singleaudit #2cfr200 #correctiveactionplan #grantcompliance",https://www.linkedin.com/feed/update/urn:li:activity:7455617207914356736,Organic,,Angel Campa,04/30/2026,,,All followers,46.0,,,0.0,0.0,0.0,0.0,0.0,,0.0,
"Myth: software marketed as ""grant tracking"" handles post-award compliance.


Reality: most of it covers the pre-award pipeline only. Pre-award is grant discovery, application stages, deadline reminders, award decisions. Post-award is restricted fund balances by budget category, expenditures linked to grant lines, and SF-425-ready compliance reports pulled from real posted transactions.


The two are different problems with different data models. A tool that tracks ""applied → awarded → reporting"" without ever touching the GL is a calendar with a logo. It cannot answer the only question that matters at audit: did the dollars spent against this grant match the approved budget categories.


Three capabilities separate compliance tools from pipeline trackers — restricted fund balance tracking by budget category, expenditure documentation linked to individual grant budget lines, and compliance report generation from actual expenditure data. If a tool cannot do those three, it tracks grants informally.


Foundant GrantHub Pro was sunset January 31, 2026, and never covered restricted fund tracking in the first place. Buyers searching for a GrantHub replacement should be very clear about which problem they are actually solving.


The mistake most buyers make is searching for ""grant tracking software"" when what they actually need is post-award compliance.


#granttracking #grantcompliance #nonprofitsoftware #postaward",https://www.linkedin.com/feed/update/urn:li:activity:7455596068957859842,Organic,,Angel Campa,04/30/2026,,,All followers,12.0,,,0.0,0.0,0.0,0.0,0.0,,0.0,
"The nonprofit CRM market reached $846 million in 2025, and 48% of nonprofits are actively considering switching platforms in the next 12 months — up from 10% the year before.


Blackbaud holds 40-50% of U.S. mid-to-large deployments and processes nearly $31 billion in annual charitable donations. Salesforce serves about 55,000 organizations through Power of Us. Bonterra absorbed Network for Good, EveryAction, Social Solutions, CyberGrants, and added OneCause in October 2025 — 14,000 more clients in one transaction.


The top five vendors hold only 40-45% of global revenue. The other 55-60% is spread across dozens of focused tools.


The blind spot in the consolidation story is the gap between donor management and grant compliance. Most CRMs were built around individual giving. Grant management — restricted funds, post-award compliance, funder reports — is treated as a secondary feature or shipped to a separate tool.


For mid-sized nonprofits running both, that gap is operational drag, not a feature checklist. The vendor you sign with today may be a different company in two years. Prioritize data portability and contract flexibility over brand loyalty.


GrantPipe sits in that donor-plus-grants gap at $99-$499/month with no implementation fees.


#nonprofitcrm #grantcompliance #nonprofittech #nonprofitfinance",https://www.linkedin.com/feed/update/urn:li:activity:7455574929326092288,Organic,,Angel Campa,04/30/2026,,,All followers,34.0,,,0.0,0.0,0.0,0.0,0.0,,0.0,
"The average mid-sized nonprofit uses three donor segments — everyone, major donors, and lapsed donors. Organizations with strong retention programs use fifteen or more.


The difference is not the technology. It is whether the segmentation tool stays current as donor records change, or whether it requires a manual Excel export every time someone wants a list.


Donor segmentation in GrantPipe is a saved-filter system. Build a segment once using any combination of giving history, recency, source, fund, custom fields, and demographics. The segment stays current automatically as gifts post and contact records update. A segment named ""Major Gift Prospects — Not Yet Asked"" might filter on lifetime giving between $5,000 and $24,999, last gift within 18 months, no open ask in the pipeline, and a custom field flagging board referral.


The segments drive everything downstream — appeal lists, stewardship workflows, board reports, and renewal campaigns — without re-exporting. When a donor's giving crosses a threshold, they move into the new segment automatically the next time the filter runs.


If your org is operating on three segments because building more is too much work, the tool is the bottleneck.


#donorsegmentation #donormanagement #nonprofitcrm #fundraisingoperations",https://www.linkedin.com/feed/update/urn:li:activity:7455423934444969984,Organic,,Angel Campa,04/30/2026,,,All followers,41.0,,,0.0,0.0,0.0,0.0,0.0,,0.0,
"A grant writer starts the year with 30 to 50 prospects on a spreadsheet. By Q2 the deadlines have shifted, two program officers have changed jobs, the organization has pivoted one program, and the spreadsheet has not kept up.


The writing itself is maybe 70 percent of the role. The other 30 is pipeline hygiene — tracking deadlines, reusing narrative content across submissions, and handing off won awards to the grants manager with the budget intact.


The handoff is where most awarded grants quietly start losing money. The proposal said one thing, the grants manager inherits another, and by the second drawdown the budget categories no longer line up with what the funder approved.


Question for the grant writers and development directors here: when you win a grant, what does your handoff to compliance actually look like? Is it a meeting, a folder, an email thread, or a system that carries the budget and narrative forward without retyping?


The answer says a lot about how your post-award reporting will go six months from now.


#grantwriting #nonprofitfundraising #grantmanagement #postaward",https://www.linkedin.com/feed/update/urn:li:activity:7455402795219988480,Organic,,Angel Campa,04/29/2026,,,All followers,145.0,,,0.0,0.0,0.0,0.0,0.0,,0.0,
"Little Green Light at $45 to $200 per month versus GrantPipe at $99 to $499. The right answer depends on one variable: do you actively manage federal or foundation grants, or just donors.


Little Green Light is a strong tool for organizations under $500K in budget that are donor-funded and need clean gift entry, acknowledgments, and basic reporting. Any staff member can learn it without training. The ceiling shows up around $500K to $1M in budget when reporting needs go beyond what an Excel export can handle and when grant management enters the picture.


GrantPipe assumes grants from day one. Restricted-fund tracking, deadline calendars, budget-versus-actual against grant budgets, and donor CRM all in one system, priced flat per organization rather than per contact. The tradeoff is more surface area than a $250K all-donor nonprofit needs.


The wrong reason to pick either tool is current pricing. Replatforming in 18 months costs more than the price difference in any direction.


If your organization is past $500K in budget and your grant load is growing, the cheap tool stops being cheap when you outgrow it.


#nonprofitcrm #donormanagement #grantmanagement #saas",https://www.linkedin.com/feed/update/urn:li:activity:7455360516564373504,Organic,,Angel Campa,04/29/2026,,,All followers,75.0,,,0.0,0.0,0.0,0.0,0.0,,0.0,
"A sub-award that is missing a required provision is a compliance finding even when the program runs perfectly.


2 CFR 200.332(a) lists the data elements that every sub-award document must contain before execution: federal award identification number, federal award date, sub-award amount, federal award project description, name of the federal awarding agency, CFDA/Assistance Listing number and title, indirect cost rate, and a statement of applicable requirements. Missing any one of them is a citable finding regardless of how well the subrecipient performs.


The most common gap on the audited list is the indirect cost rate — pass-through entities often leave it blank or use language that does not reference the negotiated rate or the de minimis 15 percent rate at 2 CFR 200.414(f).


The Subrecipient Agreement Checklist walks through every required provision under 2 CFR 200.332(a), the additional provisions that reduce monitoring risk, and program-specific additions that some federal programs require on top of the baseline. Use it before the agreement is signed, not after.


Free download in the resources section of the GrantPipe site.


#subrecipientmonitoring #2cfr200332 #grantcompliance #federalgrants",https://www.linkedin.com/feed/update/urn:li:activity:7455339377326583809,Organic,,Angel Campa,04/29/2026,,,All followers,106.0,,,0.0,0.0,0.0,0.0,0.0,,0.0,
"Church donor management runs on a weekly cadence — tithes, offerings, designated gifts — not the quarterly cycle most nonprofit CRMs assume.


A typical secular nonprofit drops appeal letters in Q4, runs an end-of-year campaign, and cultivates major donors across a 12-month plan. A church processes giving every Sunday and every online gift in between, with designated funds for building campaigns, missions, benevolence, and youth programs running in parallel year-round.


When the same church also receives grants for secular programs — early childhood, food pantry, after-school — the data model gets more complicated. Restricted grant funds cannot be commingled with the General Fund or the Building Fund in the books, even if one bank account holds all of it.


Most church-specific tools handle the giving side well and ignore grants entirely. Most nonprofit CRMs handle grants and treat weekly tithing as an afterthought. The shops that get this right pick a system that separates donor giving records from restricted grant funds at the data layer, then maps both up to the appropriate fund balance under FASB ASC 958.


If your accounting system and your donor system disagree about which fund a check belongs to, you have a reconciliation problem waiting to happen.


#churchaccounting #fundaccounting #restrictedfunds #nonprofitfinance",https://www.linkedin.com/feed/update/urn:li:activity:7455318237980061697,Organic,,Angel Campa,04/29/2026,,,All followers,44.0,,,0.0,0.0,0.0,0.0,0.0,,0.0,
"Neon One is not a single product. It is a portfolio assembled through acquisition: Neon CRM at the center, Arts People for arts organizations, Rallybound for peer-to-peer, and a few others stacked around them.


The pitch is vendor consolidation. The reality for buyers is uneven module quality and a UX that varies depending on which acquired team built the surface you are looking at. Cross-module reporting is the place this shows up first — pulling a clean view across donor activity, event registrations, and grant tracking usually requires either a custom report build or an export-to-Excel step.


For organizations that mostly need donor management, Neon CRM on its own is a reasonable choice. For organizations that need donor CRM plus active grant management in one system, the bundle approach asks the buyer to integrate modules that were not designed together.


The tradeoff to know going in: you trade a single login for a sprawl that grows as Neon One acquires more products. Mid-sized nonprofits that already feel stretched thin tend to feel that sprawl most.


#nonprofittech #donorcrm #neonone #grantmanagement",https://www.linkedin.com/feed/update/urn:li:activity:7455297098658254848,Organic,,Angel Campa,04/29/2026,,,All followers,64.0,,,0.0,0.0,0.0,0.0,0.0,,0.0,
"Pass-through entity, defined at 2 CFR 200.1: a non-federal entity that receives a federal award and provides a sub-award to a subrecipient that carries out part of the federal program.


Pass-through status is functional, not optional. The moment a recipient issues a sub-award, it becomes a pass-through entity for that portion of the award and inherits the responsibilities under 2 CFR 200.332.


Two examples that show how broad the definition is. A state department of health receives a $5M HHS grant and sub-awards $3M to 12 county health agencies — the state is the pass-through. A nonprofit receives a $1.2M DOL workforce grant and sub-awards $400,000 to a training partner for one program track — the nonprofit is a pass-through for that $400,000.


The 2 CFR 200.332 obligations include classifying every downstream relationship as subrecipient or contractor, performing risk assessments before issuing sub-awards, and monitoring throughout the period of performance. Pass-through amounts also flow onto the SEFA filed with the Federal Audit Clearinghouse.


If your organization writes checks to a partner under a federal grant, you are probably a pass-through entity. The right time to find out is before the agreement is signed.


#passthroughentity #2cfr200332 #subrecipientmonitoring #grantcompliance",https://www.linkedin.com/feed/update/urn:li:activity:7455275959622070273,Organic,,Angel Campa,04/29/2026,,,All followers,36.0,,,0.0,0.0,0.0,0.0,0.0,,0.0,
"Steps 5 and 6 of the in-kind contribution valuation workflow are where most organizations create their next audit finding.


Step 5 is the journal entry. Under ASU 2020-07, debit the asset account (food inventory, supplies, property) or the relevant expense account if the goods are consumed in program delivery, and credit contribution revenue with or without donor restrictions depending on intent. Do not net in-kind gifts against expenses. Netting is the most common error and it understates both revenue and program expense on the 990.


Step 6 is the donor acknowledgment letter. IRS rules require written acknowledgment for any contribution of $250 or more. For in-kind gifts, the letter describes the goods or services in enough detail to support the donor's deduction but does not state a value — that is the donor's responsibility to substantiate.


The standard took effect for fiscal years beginning after June 15, 2021. Most organizations updated their journal entries and forgot to update their footnote disclosures. Audit firms catch this in year three.


#nonprofitaccounting #inkindcontributions #asu202007 #fasb",https://www.linkedin.com/feed/update/urn:li:activity:7455254820065603584,Organic,,Angel Campa,04/29/2026,,,All followers,37.0,,,0.0,0.0,0.0,0.0,0.0,,0.0,
"Myth: interest earned on a federal advance drawdown counts as program income.


Reality: it does not. Program income is governed by 2 CFR 200.307 and means revenue earned by the recipient that is directly generated by activities supported by the federal award. Interest on cash advances is a separate animal handled under 2 CFR 200.305(b)(9), which requires recipients to remit interest above $500 per year to the HHS Program Support Center.


The two get conflated because both involve money sitting in the recipient's bank account that was not in the original budget. They are not the same thing and they get reported on different schedules.


The other place this matters: the additive-versus-deductive treatment election under 2 CFR 200.307. Once made at award time, that election is binding for the life of the award. Most program officers never ask about it until the auditor does, and by then changing it requires retroactive correction.


If your sub-award says nothing about program income treatment, that is itself a finding waiting to happen.


#programincome #grantcompliance #2cfr200 #federalgrants",https://www.linkedin.com/feed/update/urn:li:activity:7455233680815456256,Organic,,Angel Campa,04/29/2026,,,All followers,55.0,,,0.0,0.0,0.0,0.0,0.0,,0.0,
"Audit fees for organizations stuck at the 40 percent major-program coverage threshold typically run $8,000 to $20,000 higher per cycle than for comparable low-risk auditees.


The five low-risk criteria under 2 CFR 200.520 are mostly inside management's control: a clean Single Audit two years running, no material weaknesses in internal controls over major programs, no GAGAS qualified opinion, no fraud findings affecting major programs, and timely Federal Audit Clearinghouse submission.


The catch is that you cannot reverse-engineer eligibility at audit time. The two prior fiscal years either qualify or they do not.


The shops that consistently keep low-risk status track the criteria themselves quarter by quarter, the same way they track cash. The shops that lose it find out from the auditor in March.


Per the AICPA Government Audit Quality Center benchmarking work, the additional testing required for non-low-risk auditees is the single largest avoidable line item in most Single Audit engagements.


GrantPipe surfaces low-risk status indicators alongside grant compliance so the criteria do not get rediscovered at fieldwork.


#singleaudit #grantcompliance #nonprofitfinance #lowriskauditee",https://www.linkedin.com/feed/update/urn:li:activity:7455212541527601152,Organic,,Angel Campa,04/29/2026,,,All followers,48.0,,,0.0,0.0,0.0,0.0,0.0,,0.0,
"A question for executive directors at $500K-$10M nonprofits: how long does board prep currently take, and how many systems does the staff touch to assemble the packet?

The pattern is consistent. Revenue year-to-date comes from QuickBooks. Pipeline status comes from a CRM or a spreadsheet. Retention metrics come from a different report. Restricted fund balances come from QuickBooks classes if they exist or a spreadsheet if they do not. Compliance deadlines live in Outlook or one staff member's head.

When each number reconciles differently, assembling a packet that holds up under board scrutiny takes a full week. The ED often does it personally because no one else has context across every system.

Mid-sized nonprofits spend an average of 20 to 30 percent of staff time on compliance data entry across at least 12 different reporting systems per the Center for an Urban Future January 2023 research.

Organizations that compress board prep from a week to an afternoon do it the same way: one system holding donor, grant, restricted fund, and compliance data, with reports generated from live data rather than assembled the night before.

What did board prep look like at your organization last quarter — full week or full afternoon?",https://www.linkedin.com/feed/update/urn:li:activity:7454994111985664001,Organic,,Angel Campa,04/28/2026,,,All followers,338.0,,,0.0,0.0,1.0,2.0,0.0,,0.008875739760696888,
